-- MySQL dump 10.13  Distrib 5.5.9, for Win32 (x86)
--
-- Host: localhost    Database: timetable
-- ------------------------------------------------------
-- Server version	5.5.10

/*!40101 SET @OLD_CHARACTER_SET_CLIENT=@@CHARACTER_SET_CLIENT */;
/*!40101 SET @OLD_CHARACTER_SET_RESULTS=@@CHARACTER_SET_RESULTS */;
/*!40101 SET @OLD_COLLATION_CONNECTION=@@COLLATION_CONNECTION */;
/*!40101 SET NAMES utf8 */;
/*!40103 SET @OLD_TIME_ZONE=@@TIME_ZONE */;
/*!40103 SET TIME_ZONE='+00:00' */;
/*!40014 SET @OLD_UNIQUE_CHECKS=@@UNIQUE_CHECKS, UNIQUE_CHECKS=0 */;
/*!40014 SET @OLD_FOREIGN_KEY_CHECKS=@@FOREIGN_KEY_CHECKS, FOREIGN_KEY_CHECKS=0 */;
/*!40101 SET @OLD_SQL_MODE=@@SQL_MODE, SQL_MODE='NO_AUTO_VALUE_ON_ZERO' */;
/*!40111 SET @OLD_SQL_NOTES=@@SQL_NOTES, SQL_NOTES=0 */;

--
-- Current Database: `timetable`
--

CREATE DATABASE /*!32312 IF NOT EXISTS*/ `timetable` /*!40100 DEFAULT CHARACTER SET latin1 */;

USE `timetable`;

--
-- Table structure for table `academicblock`
--

DROP TABLE IF EXISTS `academicblock`;
/*!40101 SET @saved_cs_client     = @@character_set_client */;
/*!40101 SET character_set_client = utf8 */;
CREATE TABLE `academicblock` (
  `ID` int(11) NOT NULL,
  `Name` varchar(45) NOT NULL,
  `startWeek` int(11) NOT NULL,
  `endWeek` int(11) NOT NULL,
  `yearBlock` tinyint(1) NOT NULL,
  PRIMARY KEY (`ID`)
) ENGINE=InnoDB DEFAULT CHARSET=latin1 COMMENT='Semester , year type';
/*!40101 SET character_set_client = @saved_cs_client */;

--
-- Dumping data for table `academicblock`
--

LOCK TABLES `academicblock` WRITE;
/*!40000 ALTER TABLE `academicblock` DISABLE KEYS */;
INSERT INTO `academicblock` VALUES (1,'Year',1,52,1),(2,'Semester 1',1,36,0),(3,'semester2',37,52,0);
/*!40000 ALTER TABLE `academicblock` ENABLE KEYS */;
UNLOCK TABLES;

--
-- Table structure for table `building`
--

DROP TABLE IF EXISTS `building`;
/*!40101 SET @saved_cs_client     = @@character_set_client */;
/*!40101 SET character_set_client = utf8 */;
CREATE TABLE `building` (
  `ID` int(11) NOT NULL AUTO_INCREMENT,
  `shortName` varchar(45) NOT NULL,
  `longName` varchar(45) NOT NULL,
  `SiteID` int(11) NOT NULL,
  `AllBuildings` tinyint(1) NOT NULL DEFAULT '0',
  PRIMARY KEY (`ID`),
  KEY `fk_building_site` (`SiteID`),
  CONSTRAINT `fk_building_site` FOREIGN KEY (`SiteID`) REFERENCES `site` (`ID`) ON DELETE NO ACTION ON UPDATE NO ACTION
) ENGINE=InnoDB AUTO_INCREMENT=59 DEFAULT CHARSET=latin1;
/*!40101 SET character_set_client = @saved_cs_client */;

--
-- Dumping data for table `building`
--

LOCK TABLES `building` WRITE;
/*!40000 ALTER TABLE `building` DISABLE KEYS */;
INSERT INTO `building` VALUES (38,'1008','Potsdam',1,0),(39,'1048','Kovus House',2,0),(40,'1051','Carolls',3,0),(41,'1051','Taxi City',4,0),(42,'1053','Heritage',5,0),(43,'','Absa',6,0),(44,'3087','Chiselhurst',7,0),(45,'3088','Chiselhurst',7,0),(46,'1043','College Street',8,0),(47,'','Art School',9,0),(48,'3056','Business Faculty',10,0),(49,'3082','Applied Technology',10,0),(50,'3060','Electrical Engineering',10,0),(51,'3058','Civil/Mechanical Eng',10,0),(52,'3057','Lecture center',10,0),(53,'','Vulli Valley',10,0),(54,'5033','East Mall Teaching center',11,0),(55,'5','Media center',12,0),(56,'5','Nkululekweni',13,0),(57,'','Masibulele',14,0),(58,'','Grey Street',15,0);
/*!40000 ALTER TABLE `building` ENABLE KEYS */;
UNLOCK TABLES;

--
-- Table structure for table `campus`
--

DROP TABLE IF EXISTS `campus`;
/*!40101 SET @saved_cs_client     = @@character_set_client */;
/*!40101 SET character_set_client = utf8 */;
CREATE TABLE `campus` (
  `ID` int(11) NOT NULL,
  `longName` varchar(45) NOT NULL,
  `shortName` varchar(45) NOT NULL,
  PRIMARY KEY (`ID`)
) ENGINE=InnoDB DEFAULT CHARSET=latin1;
/*!40101 SET character_set_client = @saved_cs_client */;

--
-- Dumping data for table `campus`
--

LOCK TABLES `campus` WRITE;
/*!40000 ALTER TABLE `campus` DISABLE KEYS */;
INSERT INTO `campus` VALUES (1,'Mthatha','MT'),(2,'Butterworth','BUT'),(3,'Queenstown','QTN'),(4,'Buffalo City','BC');
/*!40000 ALTER TABLE `campus` ENABLE KEYS */;
UNLOCK TABLES;

--
-- Table structure for table `campusaccess`
--

DROP TABLE IF EXISTS `campusaccess`;
/*!40101 SET @saved_cs_client     = @@character_set_client */;
/*!40101 SET character_set_client = utf8 */;
CREATE TABLE `campusaccess` (
  `officers_ID` int(11) NOT NULL,
  `Campus_ID` int(11) NOT NULL,
  PRIMARY KEY (`officers_ID`,`Campus_ID`),
  KEY `fk_officers_has_Campus_Campus1` (`Campus_ID`),
  KEY `fk_officers_has_Campus_officers1` (`officers_ID`),
  CONSTRAINT `fk_officers_has_Campus_Campus1` FOREIGN KEY (`Campus_ID`) REFERENCES `campus` (`ID`) ON DELETE NO ACTION ON UPDATE NO ACTION,
  CONSTRAINT `fk_officers_has_Campus_officers1` FOREIGN KEY (`officers_ID`) REFERENCES `officers` (`ID`) ON DELETE NO ACTION ON UPDATE NO ACTION
) ENGINE=InnoDB DEFAULT CHARSET=latin1;
/*!40101 SET character_set_client = @saved_cs_client */;

--
-- Dumping data for table `campusaccess`
--

LOCK TABLES `campusaccess` WRITE;
/*!40000 ALTER TABLE `campusaccess` DISABLE KEYS */;
INSERT INTO `campusaccess` VALUES (3,1),(6,1),(3,2),(3,3),(3,4),(6,4),(7,4);
/*!40000 ALTER TABLE `campusaccess` ENABLE KEYS */;
UNLOCK TABLES;

--
-- Temporary table structure for view `campususer`
--

DROP TABLE IF EXISTS `campususer`;
/*!50001 DROP VIEW IF EXISTS `campususer`*/;
SET @saved_cs_client     = @@character_set_client;
SET character_set_client = utf8;
/*!50001 CREATE TABLE `campususer` (
  `CampusID` int(11),
  `CampusName` varchar(45),
  `CampusCode` varchar(45),
  `Username` varchar(256),
  `OfficerID` int(11)
) ENGINE=MyISAM */;
SET character_set_client = @saved_cs_client;

--
-- Table structure for table `classgroup`
--

DROP TABLE IF EXISTS `classgroup`;
/*!40101 SET @saved_cs_client     = @@character_set_client */;
/*!40101 SET character_set_client = utf8 */;
CREATE TABLE `classgroup` (
  `ID` int(11) NOT NULL AUTO_INCREMENT,
  `code` varchar(45) NOT NULL,
  `classSize` int(11) NOT NULL,
  `TimeSlotTotal` int(11) NOT NULL,
  `AcademicBlockID` int(11) NOT NULL,
  `OfferingTypeID` int(11) NOT NULL,
  `SiteClusterID` int(11) NOT NULL,
  `SubjectID` int(11) NOT NULL,
  PRIMARY KEY (`ID`),
  KEY `fk_classGroup_AcademicBlock1` (`AcademicBlockID`),
  KEY `fk_classGroup_OfferingType1` (`OfferingTypeID`),
  KEY `fk_classGroup_siteClusterSubject1` (`SiteClusterID`,`SubjectID`),
  CONSTRAINT `fk_classGroup_AcademicBlock1` FOREIGN KEY (`AcademicBlockID`) REFERENCES `academicblock` (`ID`) ON DELETE NO ACTION ON UPDATE NO ACTION,
  CONSTRAINT `fk_classGroup_OfferingType1` FOREIGN KEY (`OfferingTypeID`) REFERENCES `offeringtype` (`ID`) ON DELETE NO ACTION ON UPDATE NO ACTION,
  CONSTRAINT `fk_classGroup_siteClusterSubject1` FOREIGN KEY (`SiteClusterID`, `SubjectID`) REFERENCES `siteclustersubject` (`SiteClusterID`, `SubjectID`) ON DELETE NO ACTION ON UPDATE NO ACTION
) ENGINE=InnoDB AUTO_INCREMENT=192 DEFAULT CHARSET=latin1;
/*!40101 SET character_set_client = @saved_cs_client */;

--
-- Dumping data for table `classgroup`
--

LOCK TABLES `classgroup` WRITE;
/*!40000 ALTER TABLE `classgroup` DISABLE KEYS */;
INSERT INTO `classgroup` VALUES (152,'ID',56,4,1,1,1,2700),(153,'R8',45,3,1,1,1,4693),(154,'A8',25,6,1,1,1,4362),(155,'RA',45,4,1,1,1,3413),(156,'I9',40,3,1,1,1,2704),(157,'K9',40,3,1,1,1,2704),(158,'VF',28,5,2,1,4,3298),(159,'A8',35,5,1,1,2,3298),(160,'R7',90,4,1,1,1,3414),(161,'R17',30,3,1,1,1,3414),(162,'H4',36,6,1,1,2,3298),(163,'AB',30,3,1,1,1,2923),(164,'L8',40,5,1,1,1,3298),(165,'JV',30,6,1,1,1,3298),(166,'A8',27,6,1,1,1,3298),(167,'PF',60,3,1,1,1,2704),(168,'A',40,3,1,1,5,2900),(169,'SB',30,4,1,1,1,3410),(170,'SC',30,4,1,1,1,4697),(171,'F3',45,6,1,1,1,3298),(172,'BE',35,6,1,1,1,3298),(173,'O9',40,3,1,1,1,2704),(174,'C2',25,3,1,1,2,2929),(175,'DG',24,3,1,1,2,2907),(176,'TE',40,3,1,1,2,3297),(177,'TE',40,3,1,1,2,3298),(178,'HD',26,3,1,1,2,3595),(179,'N2',30,3,1,1,2,2922),(180,'R2',30,3,1,1,2,2922),(181,'H2',45,3,1,1,2,3596),(182,'HP',36,3,1,1,2,3598),(183,'X5',40,6,1,1,1,3298),(184,'S1',40,3,1,1,2,2924),(185,'J2',40,3,1,1,2,2921),(186,'P1',40,3,1,1,2,2923),(187,'P1',40,3,1,1,2,2920),(188,'U8',50,4,1,1,2,3969),(189,'hjk',89,1,1,1,4,3298),(190,'tyu',23,1,1,1,4,3298),(191,'cv',78,1,1,1,4,3298);
/*!40000 ALTER TABLE `classgroup` ENABLE KEYS */;
UNLOCK TABLES;

--
-- Table structure for table `classgroupresource`
--

DROP TABLE IF EXISTS `classgroupresource`;
/*!40101 SET @saved_cs_client     = @@character_set_client */;
/*!40101 SET character_set_client = utf8 */;
CREATE TABLE `classgroupresource` (
  `classGroupID` int(11) NOT NULL,
  `ResourceID` int(11) NOT NULL,
  PRIMARY KEY (`classGroupID`,`ResourceID`),
  KEY `fk_classGroup_has_Resource_Resource1` (`ResourceID`),
  KEY `fk_classGroup_has_Resource_classGroup1` (`classGroupID`),
  CONSTRAINT `fk_classGroup_has_Resource_classGroup1` FOREIGN KEY (`classGroupID`) REFERENCES `classgroup` (`ID`) ON DELETE NO ACTION ON UPDATE NO ACTION,
  CONSTRAINT `fk_classGroup_has_Resource_Resource1` FOREIGN KEY (`ResourceID`) REFERENCES `resource` (`ID`) ON DELETE NO ACTION ON UPDATE NO ACTION
) ENGINE=InnoDB DEFAULT CHARSET=latin1;
/*!40101 SET character_set_client = @saved_cs_client */;

--
-- Dumping data for table `classgroupresource`
--

LOCK TABLES `classgroupresource` WRITE;
/*!40000 ALTER TABLE `classgroupresource` DISABLE KEYS */;
INSERT INTO `classgroupresource` VALUES (152,263),(152,264),(152,265),(154,266),(155,267),(155,268),(156,269),(156,270),(157,271),(157,272),(158,273),(159,274),(159,275),(162,276),(163,277),(164,278),(164,279),(164,280),(165,281),(166,282),(167,283),(167,284),(167,285),(165,286),(169,287),(169,288),(170,289),(170,290),(165,291),(171,292),(172,293),(172,294),(163,295),(173,296),(173,297),(176,298),(177,299),(178,300),(178,301),(179,302),(181,303),(182,304),(183,305),(184,306),(185,307),(186,308),(187,309),(188,310),(189,311),(190,312),(191,313);
/*!40000 ALTER TABLE `classgroupresource` ENABLE KEYS */;
UNLOCK TABLES;

--
-- Table structure for table `department`
--

DROP TABLE IF EXISTS `department`;
/*!40101 SET @saved_cs_client     = @@character_set_client */;
/*!40101 SET character_set_client = utf8 */;
CREATE TABLE `department` (
  `ID` int(11) NOT NULL AUTO_INCREMENT,
  `code` varchar(45) NOT NULL,
  `shortName` varchar(45) NOT NULL,
  `longName` varchar(45) NOT NULL,
  `SchoolID` int(11) NOT NULL,
  PRIMARY KEY (`ID`),
  KEY `fk_Department_school` (`SchoolID`),
  CONSTRAINT `fk_Department_school1` FOREIGN KEY (`SchoolID`) REFERENCES `school` (`id`) ON DELETE NO ACTION ON UPDATE NO ACTION
) ENGINE=InnoDB AUTO_INCREMENT=135 DEFAULT CHARSET=latin1;
/*!40101 SET character_set_client = @saved_cs_client */;

--
-- Dumping data for table `department`
--

LOCK TABLES `department` WRITE;
/*!40000 ALTER TABLE `department` DISABLE KEYS */;
INSERT INTO `department` VALUES (47,'300','FACULTY OF EDUCATION','FACULTY OF EDUCATION',3),(48,'301','EDUCATION','EDUCATION',3),(49,'304','ADULT CONTINUING EDUCATION','ADULT CONTINUING EDUCATION',3),(50,'305','MATHS AND SCIENCE EDUCATION','MATHS AND SCIENCE EDUCATION',3),(51,'306','ENVIRONMENTAL AND SOCIAL STUD','ENVIRONMENTAL AND SOCIAL STUD',3),(52,'307','Collegiate Education','Collegiate Education',3),(53,'308','MUSIC EDUCATION','MUSIC EDUCATION',3),(54,'309','LANGUAGE STUDIES EDUCATION','LANGUAGE STUDIES EDUCATION',3),(55,'312','Educational Foundations','Educational Foundations',3),(56,'313','NPDE','NPDE',3),(57,'316','LANGUAGE TEACHING','LANGUAGE TEACHING',3),(58,'318','SOCIAL SCIENCE','SOCIAL SCIENCE',3),(59,'319','Afrikaans','Afrikaans',3),(60,'320','Anthropology','Anthropology',3),(61,'321','COMMUNITY DEV & CULTURE','COMMUNITY DEV & CULTURE',3),(62,'322','African Languages','African Languages',3),(63,'324','Criminology','Criminology',3),(64,'325','English','English',3),(65,'326','Geography','Geography',3),(66,'327','History','History',3),(67,'329','Library Science','Library Science',3),(68,'330','PHILOSOPHY','PHILOSOPHY',3),(69,'331','POLITICAL STUDIES','POLITICAL STUDIES',3),(70,'332','Psychology','Psychology',3),(71,'334','SOCIOLOGY & POPULATION STUDIES','SOCIOLOGY & POPULATION STUDIES',3),(72,'200','DEAN: FAC OF HEALTH SCIENCES','DEAN: FAC OF HEALTH SCIENCES',4),(73,'202','ANATOMY HISTOLOGY & EMBRYOLOGY','ANATOMY HISTOLOGY & EMBRYOLOGY',4),(74,'204','PHYSIOLOGY','PHYSIOLOGY',4),(75,'205','PHYS CHEM MEDICAL BIOCHEMISTRY','PHYS CHEM MEDICAL BIOCHEMISTRY',4),(76,'207','MEDICAL MICROBIOLOGY &PARASITO','MEDICAL MICROBIOLOGY &PARASITO',4),(77,'209','ANATOMOCAL & HISTOPATHOLOGY &','ANATOMOCAL & HISTOPATHOLOGY &',4),(78,'210','Chemical Pathology','Chemical Pathology',4),(79,'212','RADIOLOGY','RADIOLOGY',4),(80,'213','Health Education & PROMOTION','Health Education & PROMOTION',4),(81,'214','MEDICAL EDUCATION','MEDICAL EDUCATION',4),(82,'215','Nursing Science','Nursing Science',4),(83,'219','General Surgery','General Surgery',4),(84,'220','Obstetrics & Gynaecology','Obstetrics & Gynaecology',4),(85,'221','Paediatrics & CHILD HEALTH','Paediatrics & CHILD HEALTH',4),(86,'222','Psychiatry & HUMAN BEHAVIOURAL','Psychiatry & HUMAN BEHAVIOURAL',4),(87,'223','Orthopaedic SURGERY','Orthopaedic SURGERY',4),(88,'225','OTORHINOLARYNGOLOGY (ENT)','OTORHINOLARYNGOLOGY (ENT)',4),(89,'226','Opthalmology','Opthalmology',4),(90,'227','ANAESTHESIOLOGY SURGERY','ANAESTHESIOLOGY SURGERY',4),(91,'228','FAMILY MEDICINE','FAMILY MEDICINE',4),(92,'237','SOCIAL WORK','SOCIAL WORK',4),(93,'335','Social Work','Social Work',4),(94,'500','FACULTY OF ECONOMIC SCIENCES','FACULTY OF ECONOMIC SCIENCES',5),(95,'502','MANAGEMENT','MANAGEMENT',5),(96,'503','Accounting','Accounting',5),(97,'504','MARKETING','MARKETING',5),(98,'506','COMMUNICATION','COMMUNICATION',5),(99,'507','PEOPLE DEVELOPMENT & TECHNOLOG','PEOPLE DEVELOPMENT & TECHNOLOG',5),(100,'508','ECONOMIC SCIENCE ACCESS PROGRA','ECONOMIC SCIENCE ACCESS PROGRA',5),(101,'511','Public Administration','Public Administration',5),(102,'512','MANAGEMENT STUDIES DEPARTMENT','MANAGEMENT STUDIES DEPARTMENT',5),(103,'513','SECRETARIAL STUDIES','SECRETARIAL STUDIES',5),(104,'514','COMMUNICATION DEPARTMENT (LANG','COMMUNICATION DEPARTMENT (LANG',5),(105,'515','Business Management','Business Management',5),(106,'516','Economics','Economics',5),(107,'518','PUBLIC LAW','PUBLIC LAW',5),(108,'519','Criminal & Procedural Law','Criminal & Procedural Law',5),(109,'526','HOSPITALITY STUDIES','HOSPITALITY STUDIES',5),(110,'527','TOURISM STUDIES','TOURISM STUDIES',5),(111,'529','CONSUMER FOOD SCIENCE STUDIES','CONSUMER FOOD SCIENCE STUDIES',5),(112,'530','FOOD & BEVERAGE MANAGEMENT','FOOD & BEVERAGE MANAGEMENT',5),(113,'531','TOURISM','TOURISM',5),(114,'400','FACULTY OF ENG AND SCIENCE','FACULTY OF ENG AND SCIENCE',6),(115,'401','COMPUTER STUDIES','COMPUTER STUDIES',6),(116,'403','APPLIED SCIENCES','APPLIED SCIENCES',6),(117,'405','ENGINEERING:  ELECTRICAL','ENGINEERING:  ELECTRICAL',6),(118,'406','ENGINEERING:  MECHANICAL','ENGINEERING:  MECHANICAL',6),(119,'407','ENGINEERING:  CIVIL','ENGINEERING:  CIVIL',6),(120,'408','CONSTRUCTION MAN/QUANTITY SURV','CONSTRUCTION MAN/QUANTITY SURV',6),(121,'409','Mathematics','Mathematics',6),(122,'410','INFORMATION TECHNOLOGY','INFORMATION TECHNOLOGY',6),(123,'412','Applied Maths','Applied Maths',6),(124,'413','Botany','Botany',6),(125,'414','Chemistry','Chemistry',6),(126,'415','Computer Science','Computer Science',6),(127,'416','Physics','Physics',6),(128,'417','Statistics','Statistics',6),(129,'418','Zoology','Zoology',6),(130,'421','ENVIRONMENTAL SCIENCE','ENVIRONMENTAL SCIENCE',6),(131,'422','SCIENCE FOUNDATION','SCIENCE FOUNDATION',6),(132,'425','FINE ART','FINE ART',6),(133,'427','CLOTHING','CLOTHING',6),(134,'dummy001','dumDept','Dummy Department',7);
/*!40000 ALTER TABLE `department` ENABLE KEYS */;
UNLOCK TABLES;

--
-- Table structure for table `departmentvenue`
--

DROP TABLE IF EXISTS `departmentvenue`;
/*!40101 SET @saved_cs_client     = @@character_set_client */;
/*!40101 SET character_set_client = utf8 */;
CREATE TABLE `departmentvenue` (
  `departmentID` int(11) NOT NULL,
  `venueID` int(11) NOT NULL,
  PRIMARY KEY (`departmentID`,`venueID`),
  KEY `fk_department_has_venue_venue1` (`venueID`),
  KEY `fk_department_has_venue_department1` (`departmentID`),
  CONSTRAINT `fk_department_has_venue_department1` FOREIGN KEY (`departmentID`) REFERENCES `department` (`ID`) ON DELETE NO ACTION ON UPDATE NO ACTION,
  CONSTRAINT `fk_department_has_venue_venue1` FOREIGN KEY (`venueID`) REFERENCES `venue` (`ID`) ON DELETE NO ACTION ON UPDATE NO ACTION
) ENGINE=InnoDB DEFAULT CHARSET=latin1;
/*!40101 SET character_set_client = @saved_cs_client */;

--
-- Dumping data for table `departmentvenue`
--

LOCK TABLES `departmentvenue` WRITE;
/*!40000 ALTER TABLE `departmentvenue` DISABLE KEYS */;
INSERT INTO `departmentvenue` VALUES (95,750),(95,751),(97,752),(97,753);
/*!40000 ALTER TABLE `departmentvenue` ENABLE KEYS */;
UNLOCK TABLES;

--
-- Table structure for table `faculty`
--

DROP TABLE IF EXISTS `faculty`;
/*!40101 SET @saved_cs_client     = @@character_set_client */;
/*!40101 SET character_set_client = utf8 */;
CREATE TABLE `faculty` (
  `ID` int(11) NOT NULL,
  `code` varchar(45) NOT NULL,
  `shortName` varchar(45) NOT NULL,
  `longName` varchar(45) NOT NULL,
  PRIMARY KEY (`ID`)
) ENGINE=InnoDB DEFAULT CHARSET=latin1;
/*!40101 SET character_set_client = @saved_cs_client */;

--
-- Dumping data for table `faculty`
--

LOCK TABLES `faculty` WRITE;
/*!40000 ALTER TABLE `faculty` DISABLE KEYS */;
INSERT INTO `faculty` VALUES (1,'fe','education','faculty of education'),(2,'fms','medicine','Faculty of Medical Sciences'),(3,'fb','business','Faculty of Business'),(4,'fet','engineering','Faculty of engineering and technology'),(999,'dummy','dummy faculty','dummy faculty');
/*!40000 ALTER TABLE `faculty` ENABLE KEYS */;
UNLOCK TABLES;

--
-- Table structure for table `facultyaccess`
--

DROP TABLE IF EXISTS `facultyaccess`;
/*!40101 SET @saved_cs_client     = @@character_set_client */;
/*!40101 SET character_set_client = utf8 */;
CREATE TABLE `facultyaccess` (
  `faculty_ID` int(11) NOT NULL,
  `officers_ID` int(11) NOT NULL,
  PRIMARY KEY (`faculty_ID`,`officers_ID`),
  KEY `fk_faculty_has_officers_officers1` (`officers_ID`),
  KEY `fk_faculty_has_officers_faculty1` (`faculty_ID`),
  CONSTRAINT `fk_faculty_has_officers_faculty1` FOREIGN KEY (`faculty_ID`) REFERENCES `faculty` (`ID`) ON DELETE NO ACTION ON UPDATE NO ACTION,
  CONSTRAINT `fk_faculty_has_officers_officers1` FOREIGN KEY (`officers_ID`) REFERENCES `officers` (`ID`) ON DELETE NO ACTION ON UPDATE NO ACTION
) ENGINE=InnoDB DEFAULT CHARSET=latin1;
/*!40101 SET character_set_client = @saved_cs_client */;

--
-- Dumping data for table `facultyaccess`
--

LOCK TABLES `facultyaccess` WRITE;
/*!40000 ALTER TABLE `facultyaccess` DISABLE KEYS */;
INSERT INTO `facultyaccess` VALUES (1,3),(2,3),(3,3),(4,3),(999,3),(3,7),(3,8);
/*!40000 ALTER TABLE `facultyaccess` ENABLE KEYS */;
UNLOCK TABLES;

--
-- Temporary table structure for view `facultyuser`
--

DROP TABLE IF EXISTS `facultyuser`;
/*!50001 DROP VIEW IF EXISTS `facultyuser`*/;
SET @saved_cs_client     = @@character_set_client;
SET character_set_client = utf8;
/*!50001 CREATE TABLE `facultyuser` (
  `FacultyID` int(11),
  `FacultyName` varchar(45),
  `FacultyCode` varchar(45),
  `Username` varchar(256),
  `OfficerID` int(11)
) ENGINE=MyISAM */;
SET character_set_client = @saved_cs_client;

--
-- Table structure for table `lecturer`
--

DROP TABLE IF EXISTS `lecturer`;
/*!40101 SET @saved_cs_client     = @@character_set_client */;
/*!40101 SET character_set_client = utf8 */;
CREATE TABLE `lecturer` (
  `LecturerID` int(11) NOT NULL,
  `DepartmentID` int(11) NOT NULL,
  PRIMARY KEY (`LecturerID`),
  KEY `fk_Lecturer_Department1` (`DepartmentID`),
  CONSTRAINT `fk_Lecturer_Department1` FOREIGN KEY (`DepartmentID`) REFERENCES `department` (`ID`) ON DELETE NO ACTION ON UPDATE NO ACTION,
  CONSTRAINT `fk_Lecturer_officers1` FOREIGN KEY (`LecturerID`) REFERENCES `officers` (`ID`) ON DELETE NO ACTION ON UPDATE NO ACTION
) ENGINE=InnoDB DEFAULT CHARSET=latin1;
/*!40101 SET character_set_client = @saved_cs_client */;

--
-- Dumping data for table `lecturer`
--

LOCK TABLES `lecturer` WRITE;
/*!40000 ALTER TABLE `lecturer` DISABLE KEYS */;
INSERT INTO `lecturer` VALUES (3,62),(9,134),(10,134),(11,134),(12,134),(13,134),(14,134),(15,134),(16,134),(17,134),(18,134),(19,134),(20,134);
/*!40000 ALTER TABLE `lecturer` ENABLE KEYS */;
UNLOCK TABLES;

--
-- Table structure for table `lecturerclassgroup`
--

DROP TABLE IF EXISTS `lecturerclassgroup`;
/*!40101 SET @saved_cs_client     = @@character_set_client */;
/*!40101 SET character_set_client = utf8 */;
CREATE TABLE `lecturerclassgroup` (
  `classGroupID` int(11) NOT NULL,
  `LecturerID` int(11) NOT NULL,
  PRIMARY KEY (`classGroupID`),
  KEY `fk_classGroupLecturer_Lecturer1` (`LecturerID`),
  KEY `fk_classGroupLecturer_classGroup1` (`classGroupID`),
  CONSTRAINT `fk_classGroupLecturer_classGroup1` FOREIGN KEY (`classGroupID`) REFERENCES `classgroup` (`ID`) ON DELETE NO ACTION ON UPDATE NO ACTION,
  CONSTRAINT `fk_classGroupLecturer_Lecturer1` FOREIGN KEY (`LecturerID`) REFERENCES `lecturer` (`LecturerID`) ON DELETE NO ACTION ON UPDATE NO ACTION
) ENGINE=InnoDB DEFAULT CHARSET=latin1;
/*!40101 SET character_set_client = @saved_cs_client */;

--
-- Dumping data for table `lecturerclassgroup`
--

LOCK TABLES `lecturerclassgroup` WRITE;
/*!40000 ALTER TABLE `lecturerclassgroup` DISABLE KEYS */;
INSERT INTO `lecturerclassgroup` VALUES (152,9),(153,9),(154,9),(155,10),(156,11),(157,11),(158,11),(159,12),(160,12),(161,12),(162,12),(164,13),(166,14),(167,14),(168,14),(165,15),(169,15),(170,15),(163,16),(171,16),(172,16),(173,17),(174,17),(175,17),(176,17),(177,17),(178,18),(179,18),(180,18),(181,18),(182,18),(183,18),(184,19),(185,19),(186,19),(187,19),(188,20);
/*!40000 ALTER TABLE `lecturerclassgroup` ENABLE KEYS */;
UNLOCK TABLES;

--
-- Table structure for table `lecturersiteclusteravailability`
--

DROP TABLE IF EXISTS `lecturersiteclusteravailability`;
/*!40101 SET @saved_cs_client     = @@character_set_client */;
/*!40101 SET character_set_client = utf8 */;
CREATE TABLE `lecturersiteclusteravailability` (
  `LecturerID` int(11) NOT NULL,
  `SiteClusterID` int(11) NOT NULL,
  `DayOfWeek` int(11) NOT NULL,
  `StartTimeSlot` int(11) NOT NULL,
  `EndTimeSlot` int(11) NOT NULL,
  PRIMARY KEY (`LecturerID`,`SiteClusterID`,`DayOfWeek`,`StartTimeSlot`),
  KEY `fk_lsca_sitecluster` (`SiteClusterID`),
  KEY `fk_lsca_timeSlot1` (`StartTimeSlot`),
  KEY `fk_lsca_timeSlot2` (`EndTimeSlot`),
  KEY `fk_lsca_lecturer` (`LecturerID`),
  CONSTRAINT `fk_lsca_lecturer` FOREIGN KEY (`LecturerID`) REFERENCES `lecturer` (`LecturerID`) ON DELETE NO ACTION ON UPDATE NO ACTION,
  CONSTRAINT `fk_lsca_sitecluster` FOREIGN KEY (`SiteClusterID`) REFERENCES `sitecluster` (`ID`) ON DELETE NO ACTION ON UPDATE NO ACTION,
  CONSTRAINT `fk_lsca_timeSlot1` FOREIGN KEY (`StartTimeSlot`) REFERENCES `timeslot` (`ID`) ON DELETE NO ACTION ON UPDATE NO ACTION,
  CONSTRAINT `fk_lsca_timeSlot2` FOREIGN KEY (`EndTimeSlot`) REFERENCES `timeslot` (`ID`) ON DELETE NO ACTION ON UPDATE NO ACTION
) ENGINE=InnoDB DEFAULT CHARSET=latin1;
/*!40101 SET character_set_client = @saved_cs_client */;

--
-- Dumping data for table `lecturersiteclusteravailability`
--

LOCK TABLES `lecturersiteclusteravailability` WRITE;
/*!40000 ALTER TABLE `lecturersiteclusteravailability` DISABLE KEYS */;
/*!40000 ALTER TABLE `lecturersiteclusteravailability` ENABLE KEYS */;
UNLOCK TABLES;

--
-- Table structure for table `lecturersubject`
--

DROP TABLE IF EXISTS `lecturersubject`;
/*!40101 SET @saved_cs_client     = @@character_set_client */;
/*!40101 SET character_set_client = utf8 */;
CREATE TABLE `lecturersubject` (
  `SubjectID` int(11) NOT NULL,
  `LecturerID` int(11) NOT NULL,
  PRIMARY KEY (`SubjectID`,`LecturerID`),
  KEY `fk_Subject_has_Lecturer_Lecturer1` (`LecturerID`),
  KEY `fk_Subject_has_Lecturer_Subject1` (`SubjectID`),
  CONSTRAINT `fk_Subject_has_Lecturer_Lecturer1` FOREIGN KEY (`LecturerID`) REFERENCES `lecturer` (`LecturerID`) ON DELETE NO ACTION ON UPDATE NO ACTION,
  CONSTRAINT `fk_Subject_has_Lecturer_Subject1` FOREIGN KEY (`SubjectID`) REFERENCES `subject` (`ID`) ON DELETE NO ACTION ON UPDATE NO ACTION
) ENGINE=InnoDB DEFAULT CHARSET=latin1;
/*!40101 SET character_set_client = @saved_cs_client */;

--
-- Dumping data for table `lecturersubject`
--

LOCK TABLES `lecturersubject` WRITE;
/*!40000 ALTER TABLE `lecturersubject` DISABLE KEYS */;
INSERT INTO `lecturersubject` VALUES (2700,9),(4362,9),(4693,9),(3413,10),(2704,11),(3298,11),(3298,12),(3414,12),(2923,13),(3298,13),(2704,14),(2900,14),(3298,14),(3298,15),(3410,15),(4697,15),(2923,16),(3298,16),(2704,17),(2907,17),(2929,17),(3297,17),(3298,17),(2922,18),(3298,18),(3595,18),(3596,18),(3598,18),(2920,19),(2921,19),(2923,19),(2924,19),(3969,20);
/*!40000 ALTER TABLE `lecturersubject` ENABLE KEYS */;
UNLOCK TABLES;

--
-- Table structure for table `my_aspnet_applications`
--

DROP TABLE IF EXISTS `my_aspnet_applications`;
/*!40101 SET @saved_cs_client     = @@character_set_client */;
/*!40101 SET character_set_client = utf8 */;
CREATE TABLE `my_aspnet_applications` (
  `id` int(11) NOT NULL AUTO_INCREMENT,
  `name` varchar(256) DEFAULT NULL,
  `description` varchar(256) DEFAULT NULL,
  PRIMARY KEY (`id`)
) ENGINE=InnoDB AUTO_INCREMENT=2 DEFAULT CHARSET=latin1;
/*!40101 SET character_set_client = @saved_cs_client */;

--
-- Dumping data for table `my_aspnet_applications`
--

LOCK TABLES `my_aspnet_applications` WRITE;
/*!40000 ALTER TABLE `my_aspnet_applications` DISABLE KEYS */;
INSERT INTO `my_aspnet_applications` VALUES (1,'FlexTimeTable','MySQL Role provider');
/*!40000 ALTER TABLE `my_aspnet_applications` ENABLE KEYS */;
UNLOCK TABLES;

--
-- Table structure for table `my_aspnet_membership`
--

DROP TABLE IF EXISTS `my_aspnet_membership`;
/*!40101 SET @saved_cs_client     = @@character_set_client */;
/*!40101 SET character_set_client = utf8 */;
CREATE TABLE `my_aspnet_membership` (
  `userId` int(11) NOT NULL DEFAULT '0',
  `Email` varchar(128) DEFAULT NULL,
  `Comment` varchar(255) DEFAULT NULL,
  `Password` varchar(128) NOT NULL,
  `PasswordKey` char(32) DEFAULT NULL,
  `PasswordFormat` tinyint(4) DEFAULT NULL,
  `PasswordQuestion` varchar(255) DEFAULT NULL,
  `PasswordAnswer` varchar(255) DEFAULT NULL,
  `IsApproved` tinyint(1) DEFAULT NULL,
  `LastActivityDate` datetime DEFAULT NULL,
  `LastLoginDate` datetime DEFAULT NULL,
  `LastPasswordChangedDate` datetime DEFAULT NULL,
  `CreationDate` datetime DEFAULT NULL,
  `IsLockedOut` tinyint(1) DEFAULT NULL,
  `LastLockedOutDate` datetime DEFAULT NULL,
  `FailedPasswordAttemptCount` int(10) unsigned DEFAULT NULL,
  `FailedPasswordAttemptWindowStart` datetime DEFAULT NULL,
  `FailedPasswordAnswerAttemptCount` int(10) unsigned DEFAULT NULL,
  `FailedPasswordAnswerAttemptWindowStart` datetime DEFAULT NULL,
  PRIMARY KEY (`userId`)
) ENGINE=MyISAM DEFAULT CHARSET=latin1 COMMENT='2';
/*!40101 SET character_set_client = @saved_cs_client */;

--
-- Dumping data for table `my_aspnet_membership`
--

LOCK TABLES `my_aspnet_membership` WRITE;
/*!40000 ALTER TABLE `my_aspnet_membership` DISABLE KEYS */;
INSERT INTO `my_aspnet_membership` VALUES (12,'cwalker@wsu.ac.za','','MKEOJFMRIICVJ','Sm4biRSDmO/lc75VxkR4QA==',0,NULL,NULL,1,'2011-03-31 17:27:55','2011-03-31 17:27:55','2011-03-31 17:27:55','2011-03-31 17:27:55',0,'2011-03-31 17:27:55',0,'2011-03-31 17:27:55',0,'2011-03-31 17:27:55'),(3,'ttadmin@wsu.ac.za','','j88j91','/qdmnz/n4bvpx//rRK61aw==',0,NULL,NULL,1,'2011-03-28 23:16:27','2011-03-28 23:16:27','2011-03-27 19:54:17','2011-03-27 19:54:17',0,'2011-03-27 19:54:17',0,'2011-03-27 19:54:17',0,'2011-03-27 19:54:17'),(13,'blangley@wsu.ac.za','','YWQAVRYDUUOHU','SkGh6YR/B5UFUn+DxtOO7A==',0,NULL,NULL,1,'2011-04-03 00:06:18','2011-04-03 00:06:18','2011-04-03 00:06:18','2011-04-03 00:06:18',0,'2011-04-03 00:06:18',0,'2011-04-03 00:06:18',0,'2011-04-03 00:06:18'),(14,'bsilwane@wsu.ac.za','','PNHSNIPUMMFYM','wau774bIijWFyLbLaxi+NA==',0,NULL,NULL,1,'2011-04-03 00:16:51','2011-04-03 00:16:51','2011-04-03 00:16:51','2011-04-03 00:16:51',0,'2011-04-03 00:16:51',0,'2011-04-03 00:16:51',0,'2011-04-03 00:16:51'),(15,'cnaude@wsu.ac.za','','BZTDZUBGXXRKY','CJQ0AIOYwELXHAHuvMwo6A==',0,NULL,NULL,1,'2011-04-03 17:39:39','2011-04-03 17:39:39','2011-04-03 17:39:39','2011-04-03 17:39:39',0,'2011-04-03 17:39:39',0,'2011-04-03 17:39:39',0,'2011-04-03 17:39:39'),(16,'mmalange@wsu.ac.za','','OMGQMHOTKKEXL','kkPFqPezo5FZctzu3LJFww==',0,NULL,NULL,1,'2011-04-06 01:44:57','2011-04-06 01:44:57','2011-04-06 01:44:57','2011-04-06 01:44:57',0,'2011-04-06 01:44:57',0,'2011-04-06 01:44:57',0,'2011-04-06 01:44:57'),(17,'jnengomasha@wsu.ac.za','','PVCTCUXJECZIH','J8nAyKVsqcgMmR4oSZq7lA==',0,NULL,NULL,1,'2011-04-06 01:45:35','2011-04-06 01:45:35','2011-04-06 01:45:35','2011-04-06 01:45:35',0,'2011-04-06 01:45:35',0,'2011-04-06 01:45:35',0,'2011-04-06 01:45:35'),(18,'nzide@wsu.ac.za','','KICMIDKPGGATH','IGDFUegwnix8JqpzeahRiw==',0,NULL,NULL,1,'2011-05-19 06:23:05','2011-05-19 06:23:05','2011-05-19 06:23:05','2011-05-19 06:23:05',0,'2011-05-19 06:23:05',0,'2011-05-19 06:23:05',0,'2011-05-19 06:23:05'),(19,'akantore@wsu.ac.za','','QWEUDWYLFEBKI','w0CPeg+XPmgeMscwWde68Q==',0,NULL,NULL,1,'2011-05-19 06:24:08','2011-05-19 06:24:08','2011-05-19 06:24:08','2011-05-19 06:24:08',0,'2011-05-19 06:24:08',0,'2011-05-19 06:24:08',0,'2011-05-19 06:24:08'),(20,'Mzamane@wsu.ac.za','','FQCFDJKSDDINK','RT7zHKcENYr7GSIiHLR0Mg==',0,NULL,NULL,1,'2011-05-19 06:24:09','2011-05-19 06:24:09','2011-05-19 06:24:09','2011-05-19 06:24:09',0,'2011-05-19 06:24:09',0,'2011-05-19 06:24:09',0,'2011-05-19 06:24:09'),(21,'vtiso@wsu.ac.za','','EMVFPMHXBBBDW','38tHD0f7mQEHtIMp2TjXNQ==',0,NULL,NULL,1,'2011-05-19 06:24:11','2011-05-19 06:24:11','2011-05-19 06:24:11','2011-05-19 06:24:11',0,'2011-05-19 06:24:11',0,'2011-05-19 06:24:11',0,'2011-05-19 06:24:11'),(22,'lmafanya@wsu.ac.za','','RUJQQYZBXJRNF','38WlzWaMabHi9hzPw/Q9Ww==',0,NULL,NULL,1,'2011-05-19 06:24:12','2011-05-19 06:24:12','2011-05-19 06:24:12','2011-05-19 06:24:12',0,'2011-05-19 06:24:12',0,'2011-05-19 06:24:12',0,'2011-05-19 06:24:12'),(23,'sphika@wsu.ac.za','','QSCQSZFPWPJWH','wipre5q4kNuBPJJAvENwzg==',0,NULL,NULL,1,'2011-05-19 06:24:14','2011-05-19 06:24:14','2011-05-19 06:24:14','2011-05-19 06:24:14',0,'2011-05-19 06:24:14',0,'2011-05-19 06:24:14',0,'2011-05-19 06:24:14'),(24,'ksibanda@wsu.ac.za','','VJAJCEREKGQOA','ApBoW0QLuEMQ06x4UDuLuA==',0,NULL,NULL,1,'2011-05-19 06:24:15','2011-05-19 06:24:15','2011-05-19 06:24:15','2011-05-19 06:24:15',0,'2011-05-19 06:24:15',0,'2011-05-19 06:24:15',0,'2011-05-19 06:24:15'),(25,'hchibwe@wsu.ac.za','','TFBZFNVFZEQNC','9S4T71dIK3bfuJyCCsh5BA==',0,NULL,NULL,1,'2011-05-19 06:24:17','2011-05-19 06:24:17','2011-05-19 06:24:17','2011-05-19 06:24:17',0,'2011-05-19 06:24:17',0,'2011-05-19 06:24:17',0,'2011-05-19 06:24:17'),(26,'gphingilili@wsu.ac.za','','RHRUYTJNNNPBE','ALAlohYwJcjg97pO0r9rIQ==',0,NULL,NULL,1,'2011-05-19 06:24:18','2011-05-19 06:24:18','2011-05-19 06:24:18','2011-05-19 06:24:18',0,'2011-05-19 06:24:18',0,'2011-05-19 06:24:18',0,'2011-05-19 06:24:18'),(27,'stshemese@wsu.ac.za','','UJQQYZBXJRNFW','i0HAb9BYs1JJF1bjr+VHFw==',0,NULL,NULL,1,'2011-05-19 06:24:20','2011-05-19 06:24:20','2011-05-19 06:24:20','2011-05-19 06:24:20',0,'2011-05-19 06:24:20',0,'2011-05-19 06:24:20',0,'2011-05-19 06:24:20'),(28,'tkangapi@wsu.ac.za','','KUIKRQHOBBOSZ','d3Vm4glz78wg09vf4TfNiw==',0,NULL,NULL,1,'2011-05-19 06:24:21','2011-05-19 06:24:21','2011-05-19 06:24:21','2011-05-19 06:24:21',0,'2011-05-19 06:24:21',0,'2011-05-19 06:24:21',0,'2011-05-19 06:24:21'),(29,'tngqondi@wsu.ac.za','','BLBNWJWCYIZLC','8HsBCewWf5NHyAfVWuZxDw==',0,NULL,NULL,1,'2011-05-19 06:24:23','2011-05-19 06:24:23','2011-05-19 06:24:23','2011-05-19 06:24:23',0,'2011-05-19 06:24:23',0,'2011-05-19 06:24:23',0,'2011-05-19 06:24:23');
/*!40000 ALTER TABLE `my_aspnet_membership` ENABLE KEYS */;
UNLOCK TABLES;

--
-- Table structure for table `my_aspnet_profiles`
--

DROP TABLE IF EXISTS `my_aspnet_profiles`;
/*!40101 SET @saved_cs_client     = @@character_set_client */;
/*!40101 SET character_set_client = utf8 */;
CREATE TABLE `my_aspnet_profiles` (
  `userId` int(11) NOT NULL,
  `valueindex` longtext,
  `stringdata` longtext,
  `binarydata` longblob,
  `lastUpdatedDate` timestamp NOT NULL DEFAULT CURRENT_TIMESTAMP ON UPDATE CURRENT_TIMESTAMP,
  PRIMARY KEY (`userId`)
) ENGINE=InnoDB DEFAULT CHARSET=latin1;
/*!40101 SET character_set_client = @saved_cs_client */;

--
-- Dumping data for table `my_aspnet_profiles`
--

LOCK TABLES `my_aspnet_profiles` WRITE;
/*!40000 ALTER TABLE `my_aspnet_profiles` DISABLE KEYS */;
/*!40000 ALTER TABLE `my_aspnet_profiles` ENABLE KEYS */;
UNLOCK TABLES;

--
-- Table structure for table `my_aspnet_roles`
--

DROP TABLE IF EXISTS `my_aspnet_roles`;
/*!40101 SET @saved_cs_client     = @@character_set_client */;
/*!40101 SET character_set_client = utf8 */;
CREATE TABLE `my_aspnet_roles` (
  `id` int(11) NOT NULL AUTO_INCREMENT,
  `applicationId` int(11) NOT NULL,
  `name` varchar(255) NOT NULL,
  PRIMARY KEY (`id`)
) ENGINE=MyISAM AUTO_INCREMENT=7 DEFAULT CHARSET=latin1 ROW_FORMAT=DYNAMIC;
/*!40101 SET character_set_client = @saved_cs_client */;

--
-- Dumping data for table `my_aspnet_roles`
--

LOCK TABLES `my_aspnet_roles` WRITE;
/*!40000 ALTER TABLE `my_aspnet_roles` DISABLE KEYS */;
INSERT INTO `my_aspnet_roles` VALUES (1,1,'resourceAdmin'),(2,1,'venueAdmin'),(3,1,'systemAdmin'),(6,1,'moderator');
/*!40000 ALTER TABLE `my_aspnet_roles` ENABLE KEYS */;
UNLOCK TABLES;

--
-- Table structure for table `my_aspnet_schemaversion`
--

DROP TABLE IF EXISTS `my_aspnet_schemaversion`;
/*!40101 SET @saved_cs_client     = @@character_set_client */;
/*!40101 SET character_set_client = utf8 */;
CREATE TABLE `my_aspnet_schemaversion` (
  `version` int(11) DEFAULT NULL
) ENGINE=InnoDB DEFAULT CHARSET=latin1;
/*!40101 SET character_set_client = @saved_cs_client */;

--
-- Dumping data for table `my_aspnet_schemaversion`
--

LOCK TABLES `my_aspnet_schemaversion` WRITE;
/*!40000 ALTER TABLE `my_aspnet_schemaversion` DISABLE KEYS */;
INSERT INTO `my_aspnet_schemaversion` VALUES (6);
/*!40000 ALTER TABLE `my_aspnet_schemaversion` ENABLE KEYS */;
UNLOCK TABLES;

--
-- Table structure for table `my_aspnet_sessioncleanup`
--

DROP TABLE IF EXISTS `my_aspnet_sessioncleanup`;
/*!40101 SET @saved_cs_client     = @@character_set_client */;
/*!40101 SET character_set_client = utf8 */;
CREATE TABLE `my_aspnet_sessioncleanup` (
  `LastRun` datetime NOT NULL,
  `IntervalMinutes` int(11) NOT NULL
) ENGINE=InnoDB DEFAULT CHARSET=latin1;
/*!40101 SET character_set_client = @saved_cs_client */;

--
-- Dumping data for table `my_aspnet_sessioncleanup`
--

LOCK TABLES `my_aspnet_sessioncleanup` WRITE;
/*!40000 ALTER TABLE `my_aspnet_sessioncleanup` DISABLE KEYS */;
INSERT INTO `my_aspnet_sessioncleanup` VALUES ('2011-03-27 07:08:55',10);
/*!40000 ALTER TABLE `my_aspnet_sessioncleanup` ENABLE KEYS */;
UNLOCK TABLES;

--
-- Table structure for table `my_aspnet_sessions`
--

DROP TABLE IF EXISTS `my_aspnet_sessions`;
/*!40101 SET @saved_cs_client     = @@character_set_client */;
/*!40101 SET character_set_client = utf8 */;
CREATE TABLE `my_aspnet_sessions` (
  `SessionId` varchar(255) NOT NULL,
  `ApplicationId` int(11) NOT NULL,
  `Created` datetime NOT NULL,
  `Expires` datetime NOT NULL,
  `LockDate` datetime NOT NULL,
  `LockId` int(11) NOT NULL,
  `Timeout` int(11) NOT NULL,
  `Locked` tinyint(1) NOT NULL,
  `SessionItems` longblob,
  `Flags` int(11) NOT NULL,
  PRIMARY KEY (`SessionId`,`ApplicationId`)
) ENGINE=InnoDB DEFAULT CHARSET=latin1;
/*!40101 SET character_set_client = @saved_cs_client */;

--
-- Dumping data for table `my_aspnet_sessions`
--

LOCK TABLES `my_aspnet_sessions` WRITE;
/*!40000 ALTER TABLE `my_aspnet_sessions` DISABLE KEYS */;
INSERT INTO `my_aspnet_sessions` VALUES ('tqr4pzdmnspr05rxcxbdwjow',1,'2011-03-27 07:08:58','2011-03-27 07:30:04','2011-03-27 07:10:03',9,20,0,NULL,0),('z4riagqe53ngbyzbau3z0b10',1,'2011-03-27 06:52:42','2011-03-27 07:16:44','2011-03-27 06:56:43',7,20,0,NULL,0);
/*!40000 ALTER TABLE `my_aspnet_sessions` ENABLE KEYS */;
UNLOCK TABLES;

--
-- Table structure for table `my_aspnet_users`
--

DROP TABLE IF EXISTS `my_aspnet_users`;
/*!40101 SET @saved_cs_client     = @@character_set_client */;
/*!40101 SET character_set_client = utf8 */;
CREATE TABLE `my_aspnet_users` (
  `id` int(11) NOT NULL AUTO_INCREMENT,
  `applicationId` int(11) NOT NULL,
  `name` varchar(256) NOT NULL,
  `isAnonymous` tinyint(1) NOT NULL DEFAULT '1',
  `lastActivityDate` datetime DEFAULT NULL,
  PRIMARY KEY (`id`)
) ENGINE=InnoDB AUTO_INCREMENT=30 DEFAULT CHARSET=latin1;
/*!40101 SET character_set_client = @saved_cs_client */;

--
-- Dumping data for table `my_aspnet_users`
--

LOCK TABLES `my_aspnet_users` WRITE;
/*!40000 ALTER TABLE `my_aspnet_users` DISABLE KEYS */;
INSERT INTO `my_aspnet_users` VALUES (3,1,'ttadmin',0,'2011-03-28 23:16:27'),(5,1,'flexTimeTableAdministrator',0,'2011-03-29 06:10:05'),(12,1,'cwalker',0,'2011-03-31 17:27:55'),(13,1,'blangley',0,'2011-04-03 00:06:18'),(14,1,'bsilwane',0,'2011-04-03 00:16:51'),(15,1,'cnaude',0,'2011-04-03 17:39:39'),(16,1,'mmalange',0,'2011-04-06 01:44:57'),(17,1,'jnengomasha',0,'2011-04-06 01:45:35'),(18,1,'nzide',0,'2011-05-19 06:23:05'),(19,1,'akantore',0,'2011-05-19 06:24:08'),(20,1,'mzamane',0,'2011-05-19 06:24:09'),(21,1,'vtiso',0,'2011-05-19 06:24:11'),(22,1,'lmafanya',0,'2011-05-19 06:24:12'),(23,1,'sphika',0,'2011-05-19 06:24:14'),(24,1,'ksibanda',0,'2011-05-19 06:24:15'),(25,1,'hchibwe',0,'2011-05-19 06:24:17'),(26,1,'gphingilili',0,'2011-05-19 06:24:18'),(27,1,'stshemese',0,'2011-05-19 06:24:20'),(28,1,'tkangapi',0,'2011-05-19 06:24:21'),(29,1,'tngqondi',0,'2011-05-19 06:24:23');
/*!40000 ALTER TABLE `my_aspnet_users` ENABLE KEYS */;
UNLOCK TABLES;

--
-- Table structure for table `my_aspnet_usersinroles`
--

DROP TABLE IF EXISTS `my_aspnet_usersinroles`;
/*!40101 SET @saved_cs_client     = @@character_set_client */;
/*!40101 SET character_set_client = utf8 */;
CREATE TABLE `my_aspnet_usersinroles` (
  `userId` int(11) NOT NULL DEFAULT '0',
  `roleId` int(11) NOT NULL DEFAULT '0',
  PRIMARY KEY (`userId`,`roleId`)
) ENGINE=MyISAM DEFAULT CHARSET=latin1 ROW_FORMAT=DYNAMIC;
/*!40101 SET character_set_client = @saved_cs_client */;

--
-- Dumping data for table `my_aspnet_usersinroles`
--

LOCK TABLES `my_aspnet_usersinroles` WRITE;
/*!40000 ALTER TABLE `my_aspnet_usersinroles` DISABLE KEYS */;
INSERT INTO `my_aspnet_usersinroles` VALUES (3,3),(5,3),(12,1),(12,2),(12,3),(12,6),(13,6),(14,6),(15,2),(15,6),(16,1),(16,2),(16,6),(17,1),(17,3),(17,6);
/*!40000 ALTER TABLE `my_aspnet_usersinroles` ENABLE KEYS */;
UNLOCK TABLES;

--
-- Table structure for table `offeringtype`
--

DROP TABLE IF EXISTS `offeringtype`;
/*!40101 SET @saved_cs_client     = @@character_set_client */;
/*!40101 SET character_set_client = utf8 */;
CREATE TABLE `offeringtype` (
  `ID` int(11) NOT NULL,
  `code` varchar(45) NOT NULL,
  `name` varchar(45) NOT NULL,
  `startTimeSlot` int(11) NOT NULL,
  `endTimeSlot` int(11) NOT NULL,
  `sabStartTimeSlot` int(11) NOT NULL,
  `sabEndTimeSlot` int(11) NOT NULL,
  `SabbathClasses` tinyint(1) NOT NULL,
  PRIMARY KEY (`ID`),
  KEY `fk_offeringType_TimeSlot1` (`startTimeSlot`),
  KEY `fk_offeringType_TimeSlot2` (`endTimeSlot`),
  KEY `fk_offeringType_TimeSlot3` (`sabStartTimeSlot`),
  KEY `fk_offeringType_TimeSlot4` (`sabEndTimeSlot`),
  CONSTRAINT `fk_offeringType_TimeSlot1` FOREIGN KEY (`startTimeSlot`) REFERENCES `timeslot` (`ID`) ON DELETE NO ACTION ON UPDATE NO ACTION,
  CONSTRAINT `fk_offeringType_TimeSlot2` FOREIGN KEY (`endTimeSlot`) REFERENCES `timeslot` (`ID`) ON DELETE NO ACTION ON UPDATE NO ACTION,
  CONSTRAINT `fk_offeringType_TimeSlot3` FOREIGN KEY (`sabStartTimeSlot`) REFERENCES `timeslot` (`ID`) ON DELETE NO ACTION ON UPDATE NO ACTION,
  CONSTRAINT `fk_offeringType_TimeSlot4` FOREIGN KEY (`sabEndTimeSlot`) REFERENCES `timeslot` (`ID`) ON DELETE NO ACTION ON UPDATE NO ACTION
) ENGINE=InnoDB DEFAULT CHARSET=latin1;
/*!40101 SET character_set_client = @saved_cs_client */;

--
-- Dumping data for table `offeringtype`
--

LOCK TABLES `offeringtype` WRITE;
/*!40000 ALTER TABLE `offeringtype` DISABLE KEYS */;
INSERT INTO `offeringtype` VALUES (1,'yhgf','gfhgfhgfh',1,10,1,9,0);
/*!40000 ALTER TABLE `offeringtype` ENABLE KEYS */;
UNLOCK TABLES;

--
-- Table structure for table `officers`
--

DROP TABLE IF EXISTS `officers`;
/*!40101 SET @saved_cs_client     = @@character_set_client */;
/*!40101 SET character_set_client = utf8 */;
CREATE TABLE `officers` (
  `ID` int(11) NOT NULL AUTO_INCREMENT,
  `Surname` varchar(45) NOT NULL,
  `FirstName` varchar(45) DEFAULT NULL,
  `Initials` varchar(45) DEFAULT NULL,
  `title` varchar(45) DEFAULT NULL,
  PRIMARY KEY (`ID`)
) ENGINE=InnoDB AUTO_INCREMENT=21 DEFAULT CHARSET=latin1;
/*!40101 SET character_set_client = @saved_cs_client */;

--
-- Dumping data for table `officers`
--

LOCK TABLES `officers` WRITE;
/*!40000 ALTER TABLE `officers` DISABLE KEYS */;
INSERT INTO `officers` VALUES (3,'Walker','Courtney','C',''),(4,'Langley','Brendan','B B',''),(5,'Silwane','Bonga','B G',''),(6,'Naude','Clegg','C',''),(7,'Malange','Mandisa','M',''),(8,'Nengomasha','James','J',''),(9,'Zide','Nosiphiwo','N',''),(10,'Kantore','Adelin','A',''),(11,'Zamane','Mfuyo','',''),(12,'Tiso','Vincent','V',''),(13,'Mafanya','Lebohang','L',''),(14,'Phika','Siyabonga','S',''),(15,'Sibanda','Khulumani','K',''),(16,'Chibwe','Holland','H',''),(17,'phingilili','Gcotyelwa','',''),(18,'Tshemese','Siyabulela','S',''),(19,'Kangapi','Thembakazi','T M',''),(20,'Ngqondi','Tembisa','TG','');
/*!40000 ALTER TABLE `officers` ENABLE KEYS */;
UNLOCK TABLES;

--
-- Table structure for table `officeruserlink`
--

DROP TABLE IF EXISTS `officeruserlink`;
/*!40101 SET @saved_cs_client     = @@character_set_client */;
/*!40101 SET character_set_client = utf8 */;
CREATE TABLE `officeruserlink` (
  `officers_ID` int(11) NOT NULL,
  `my_aspnet_users_id` int(11) NOT NULL,
  PRIMARY KEY (`officers_ID`),
  KEY `fk_officers_has_my_aspnet_users_my_aspnet_users1` (`my_aspnet_users_id`),
  KEY `fk_officers_has_my_aspnet_users_officers1` (`officers_ID`),
  CONSTRAINT `fk_officers_has_my_aspnet_users_my_aspnet_users1` FOREIGN KEY (`my_aspnet_users_id`) REFERENCES `my_aspnet_users` (`id`) ON DELETE NO ACTION ON UPDATE NO ACTION,
  CONSTRAINT `fk_officers_has_my_aspnet_users_officers1` FOREIGN KEY (`officers_ID`) REFERENCES `officers` (`ID`) ON DELETE NO ACTION ON UPDATE NO ACTION
) ENGINE=InnoDB DEFAULT CHARSET=latin1;
/*!40101 SET character_set_client = @saved_cs_client */;

--
-- Dumping data for table `officeruserlink`
--

LOCK TABLES `officeruserlink` WRITE;
/*!40000 ALTER TABLE `officeruserlink` DISABLE KEYS */;
INSERT INTO `officeruserlink` VALUES (3,12),(4,13),(5,14),(6,15),(7,16),(8,17),(9,18),(10,19),(11,20),(12,21),(13,22),(14,23),(15,24),(16,25),(17,26),(18,27),(19,28),(20,29);
/*!40000 ALTER TABLE `officeruserlink` ENABLE KEYS */;
UNLOCK TABLES;

--
-- Table structure for table `programmesubjects`
--

DROP TABLE IF EXISTS `programmesubjects`;
/*!40101 SET @saved_cs_client     = @@character_set_client */;
/*!40101 SET character_set_client = utf8 */;
CREATE TABLE `programmesubjects` (
  `QualID` int(11) NOT NULL,
  `SubjectID` int(11) NOT NULL,
  `Level` int(11) NOT NULL,
  PRIMARY KEY (`QualID`,`SubjectID`),
  KEY `fk_ProgrammeSubject_Qual` (`QualID`),
  KEY `fk_programmeSubject_Subject` (`SubjectID`),
  CONSTRAINT `fk_ProgrammeSubject_Qual` FOREIGN KEY (`QualID`) REFERENCES `qualifications` (`ID`) ON DELETE NO ACTION ON UPDATE NO ACTION,
  CONSTRAINT `fk_programmeSubject_Subject` FOREIGN KEY (`SubjectID`) REFERENCES `subject` (`ID`) ON DELETE NO ACTION ON UPDATE NO ACTION
) ENGINE=InnoDB DEFAULT CHARSET=latin1;
/*!40101 SET character_set_client = @saved_cs_client */;

--
-- Dumping data for table `programmesubjects`
--

LOCK TABLES `programmesubjects` WRITE;
/*!40000 ALTER TABLE `programmesubjects` DISABLE KEYS */;
INSERT INTO `programmesubjects` VALUES (298,2900,1),(576,3969,4),(578,3298,1),(580,3298,1),(589,2700,3),(590,2704,3),(599,3410,3),(599,4697,3),(605,3413,2),(605,3414,1),(605,4693,2),(606,2704,3),(609,3298,1),(611,3298,1),(616,3298,1),(617,3298,1),(617,4362,1),(652,3298,1),(652,3595,1),(652,3596,2),(652,3598,3),(654,3297,1),(654,3298,1),(655,2922,1),(656,2922,1),(676,2923,1),(680,2921,1),(680,2924,1),(694,2920,1),(694,2923,1),(745,2907,2),(745,2929,1);
/*!40000 ALTER TABLE `programmesubjects` ENABLE KEYS */;
UNLOCK TABLES;

--
-- Table structure for table `qualifications`
--

DROP TABLE IF EXISTS `qualifications`;
/*!40101 SET @saved_cs_client     = @@character_set_client */;
/*!40101 SET character_set_client = utf8 */;
CREATE TABLE `qualifications` (
  `ID` int(11) NOT NULL AUTO_INCREMENT,
  `Code` varchar(45) NOT NULL,
  `OldCode` varchar(45) DEFAULT NULL,
  `shortName` varchar(45) NOT NULL,
  `longName` varchar(255) NOT NULL,
  `DepartmentID` int(11) NOT NULL,
  PRIMARY KEY (`ID`),
  KEY `fk_Qualification_Department` (`DepartmentID`),
  CONSTRAINT `fk_Qualification_Department` FOREIGN KEY (`DepartmentID`) REFERENCES `department` (`ID`) ON DELETE NO ACTION ON UPDATE NO ACTION
) ENGINE=InnoDB AUTO_INCREMENT=748 DEFAULT CHARSET=latin1;
/*!40101 SET character_set_client = @saved_cs_client */;

--
-- Dumping data for table `qualifications`
--

LOCK TABLES `qualifications` WRITE;
/*!40000 ALTER TABLE `qualifications` DISABLE KEYS */;
INSERT INTO `qualifications` VALUES (284,'\nBEDCE',NULL,'B.ED FET PHASE: CONSUMER EDUCATION','B.ED FET PHASE: CONSUMER EDUCATION',47),(285,'\nBEDC',NULL,'B.ED FET PHASE: ECONOMIC & MAN SCIENCES','B.ED FET PHASE: ECONOMIC & MAN SCIENCES',47),(286,'\nBEDEMS',NULL,'B.ED FET PHASE: ECONOMIC & MAN SCIENCES','B.ED FET PHASE: ECONOMIC & MAN SCIENCES',47),(287,'\nBEDHUM',NULL,'B.ED FET PHASE: HUMANITIES','B.ED FET PHASE: HUMANITIES',47),(288,'\nBEDA',NULL,'B.ED FET PHASE: HUMANITIES & LANGUAGE ST','B.ED FET PHASE: HUMANITIES & LANGUAGE ST',47),(289,'\nBEDNS',NULL,'B.ED FET PHASE: NATURAL SCIENCE','B.ED FET PHASE: NATURAL SCIENCE',47),(290,'\nBEDS',NULL,'B.ED FET PHASE: NATURAL SCIENCE','B.ED FET PHASE: NATURAL SCIENCE',47),(291,'\nBEDTEE',NULL,'B.ED FET PHASE: TECHNICAL EDUCATION','B.ED FET PHASE: TECHNICAL EDUCATION',47),(292,'\nBAG',NULL,'BA GENERAL','BA GENERAL',47),(293,'\nBED',NULL,'BACHELOR OF EDUCATION','BACHELOR OF EDUCATION',47),(294,'\nBEDG',NULL,'BED HONS ADDITIONAL CURRICULUM STUDIES','BED HONS ADDITIONAL CURRICULUM STUDIES',47),(295,'\nDED',NULL,'DOCTOR OF EDUCATION','DOCTOR OF EDUCATION',47),(296,'\nEMP',NULL,'M ED (EDUC MANGNT & POLICY IN SA)','M ED (EDUC MANGNT & POLICY IN SA)',47),(297,'\nMAT',NULL,'MASTER OF ARTS','MASTER OF ARTS',47),(298,'\nMED',NULL,'MASTER OF EDUCATION','MASTER OF EDUCATION',47),(299,'\nMEDD',NULL,'MASTER OF EDUCATION','MASTER OF EDUCATION',47),(300,'\nMSOC',NULL,'MASTER OF SOCIAL SCIENCE','MASTER OF SOCIAL SCIENCE',47),(301,'\nNDP',NULL,'NDP','NDP',47),(302,'\n40NDP',NULL,'NDP EDUCATION','NDP EDUCATION',47),(303,'\nPHD',NULL,'PHD','PHD',47),(304,'\nTDA',NULL,'SENIOR SECONDARY TEACHER DIP ARTS','SENIOR SECONDARY TEACHER DIP ARTS',47),(305,'\nWIN203',NULL,'WINTER SCHOOL 2003','WINTER SCHOOL 2003',47),(306,'\nWIN204',NULL,'WINTER SCHOOL 2004','WINTER SCHOOL 2004',47),(307,'\nACEGET',NULL,'ACE-(GET/FET) ADVANCED CERTIFICATE-EDUC','ACE-(GET/FET) ADVANCED CERTIFICATE-EDUC',48),(308,'\nACEGMP',NULL,'ACE-GET:EDUCATIONAL MANAGEMENT & POLICY','ACE-GET:EDUCATIONAL MANAGEMENT & POLICY',48),(309,'\nACELOR',NULL,'ADVANCED CERTIFICATE-EDUCATION:LIFE ORIE','ADVANCED CERTIFICATE-EDUCATION:LIFE ORIE',48),(310,'\nACEMLI',NULL,'ADVANCED CERTIFICATE-EDUCATION:MATHEMATI','ADVANCED CERTIFICATE-EDUCATION:MATHEMATI',48),(311,'\nBEFNA',NULL,'BACHELOR OF EDUCATION(FET):SPECIALISATIO','BACHELOR OF EDUCATION(FET):SPECIALISATIO',48),(312,'\nBEDTE',NULL,'BACHELOR OF EDUCATION:(FET)TECHNICAL','BACHELOR OF EDUCATION:(FET)TECHNICAL',48),(313,'\nBEHEMP',NULL,'BED HONOURS IN EDUCATIONAL MANAGEMENT &','BED HONOURS IN EDUCATIONAL MANAGEMENT &',48),(314,'\nBEDCS',NULL,'BED:(FET)CONSUMER SCIENCE','BED:(FET)CONSUMER SCIENCE',48),(315,'\nBEDEM',NULL,'BED:(FET)ECONOMIC AND MANAGEMENT SCIENCE','BED:(FET)ECONOMIC AND MANAGEMENT SCIENCE',48),(316,'\nBEDNA',NULL,'BED:(FET)NATURAL SCIENCE','BED:(FET)NATURAL SCIENCE',48),(317,'\nBTECO',NULL,'BTECH EDUCATION COMMERCE','BTECH EDUCATION COMMERCE',48),(318,'\nBTEPO',NULL,'BTECH EDUCATION POST-SCHOOL','BTECH EDUCATION POST-SCHOOL',48),(319,'\nCHEDA',NULL,'COLLEGE HIGHER EDUCATION DIPLOMA','COLLEGE HIGHER EDUCATION DIPLOMA',48),(320,'\nIJPTD',NULL,'JUNIOR PRIMARY TEACHERS DIPLOMA','JUNIOR PRIMARY TEACHERS DIPLOMA',48),(321,'\nNTDTEC',NULL,'NATIONAL DIPLOMA EDUCATION :TECHNICAL','NATIONAL DIPLOMA EDUCATION :TECHNICAL',48),(322,'\nENPDE',NULL,'NATIONAL PROFESSIONAL DIPLOMA EDUCATION','NATIONAL PROFESSIONAL DIPLOMA EDUCATION',48),(323,'\nINPDE',NULL,'NATIONAL PROFESSIONAL DIPLOMA EDUCATION','NATIONAL PROFESSIONAL DIPLOMA EDUCATION',48),(324,'\nNDABET',NULL,'ND ADULT BASIC EDUCATION AND TRAINING','ND ADULT BASIC EDUCATION AND TRAINING',48),(325,'\nNDEDC',NULL,'ND EDUCATION :COMMERCE','ND EDUCATION :COMMERCE',48),(326,'\nNDEHEC',NULL,'ND EDUCATION HOME ECONOMICS','ND EDUCATION HOME ECONOMICS',48),(327,'\nNDNAS',NULL,'ND EDUCATION NATURAL SCIENCES','ND EDUCATION NATURAL SCIENCES',48),(328,'\nNHTDES',NULL,'NH TEACHERS DIPLOMA EDUCATION SECONDARY','NH TEACHERS DIPLOMA EDUCATION SECONDARY',48),(329,'\nNHTDTC',NULL,'NH TEACHERS DIPLOMA EDUCATION TECHNICAL','NH TEACHERS DIPLOMA EDUCATION TECHNICAL',48),(330,'\nIPGCE',NULL,'POST-GRADUATE CERTIFICATE IN EDUCATION','POST-GRADUATE CERTIFICATE IN EDUCATION',48),(331,'\nSTDA',NULL,'SECONDARY TEACHERS DIPLOMA','SECONDARY TEACHERS DIPLOMA',48),(332,'\nISPTD',NULL,'SENIOR PRIMARY TEACHERS DIPLOMA','SENIOR PRIMARY TEACHERS DIPLOMA',48),(333,'\nCAETD',NULL,'CERTIFICATE IN ADULT ED TRAINING & DEV','CERTIFICATE IN ADULT ED TRAINING & DEV',49),(334,'\nDAETD',NULL,'DIPLOMA IN ADULT ED TRAINING & DEV','DIPLOMA IN ADULT ED TRAINING & DEV',49),(335,'\nADAETD',NULL,'FURTHER DIPLOMA IN ADULT EDUCATION','FURTHER DIPLOMA IN ADULT EDUCATION',49),(336,'\nACESML',NULL,'ADV CERT IN EDUC SCHOOL MAN AND LEADERSH','ADV CERT IN EDUC SCHOOL MAN AND LEADERSH',50),(337,'\nACEMAT',NULL,'ADV CERT IN EDUCATION - MATHEMATICS','ADV CERT IN EDUCATION - MATHEMATICS',50),(338,'\nACENTS',NULL,'ADV CERT IN EDUCATION - NATURAL SCIENCE','ADV CERT IN EDUCATION - NATURAL SCIENCE',50),(339,'\nACETEC',NULL,'ADV CERT IN EDUCATION - TECHNOLOGY','ADV CERT IN EDUCATION - TECHNOLOGY',50),(340,'\nACEMST',NULL,'\"ADV CERT IN MATHS, SCIENCE AND TECHNOLOG\"','\"ADV CERT IN MATHS, SCIENCE AND TECHNOLOG\"',50),(341,'\nACELO',NULL,'ADVANCED CERT IN EDUC (LIFE ORIENTATION)','ADVANCED CERT IN EDUC (LIFE ORIENTATION)',50),(342,'\nACEGS',NULL,'ADVANCED CERT IN EDUCATION(GENERAL SCIE)','ADVANCED CERT IN EDUCATION(GENERAL SCIE)',50),(343,'\nACEML',NULL,'ADVANCED CERT IN EDUCATION(MATH LITRACY)','ADVANCED CERT IN EDUCATION(MATH LITRACY)',50),(344,'\nACEM',NULL,'ADVANCED CERT IN EDUCATION(MATHEMATICS)','ADVANCED CERT IN EDUCATION(MATHEMATICS)',50),(345,'\nACEEEE',NULL,'ADVANCED CERT IN EDUCATION(ENVIROMENTAL)','ADVANCED CERT IN EDUCATION(ENVIROMENTAL)',51),(346,'\nBEDHEE',NULL,'BED HONS EE','BED HONS EE',51),(347,'\nCERTEE',NULL,'CERTIFICATE IN ENVIRONMENTAL EDUCATION','CERTIFICATE IN ENVIRONMENTAL EDUCATION',51),(348,'\nDIPEE',NULL,'DIPLOMA IN ENVIRONMENTAL EDUCATION','DIPLOMA IN ENVIRONMENTAL EDUCATION',51),(349,'\nHCERTE',NULL,'HIGHER CERTIFICATION IN ENVL EDUCATION','HIGHER CERTIFICATION IN ENVL EDUCATION',51),(350,'\nCHE',NULL,'COLLEGE HIGHER EDUCATION DIPLOMA','COLLEGE HIGHER EDUCATION DIPLOMA',52),(351,'\nJPTD',NULL,'JUNIOR PRIMARY TEACHERS DIPLOMA','JUNIOR PRIMARY TEACHERS DIPLOMA',52),(352,'\nSETD',NULL,'SECONDARY TEACHERS DIPLOMA','SECONDARY TEACHERS DIPLOMA',52),(353,'\nSPTD',NULL,'SENIOR PRIMARY TEACHERS DIPLOMA','SENIOR PRIMARY TEACHERS DIPLOMA',52),(354,'\nBEDAC',NULL,'B.ED FET PHASE: ARTS AND CULTURE EDUCATI','B.ED FET PHASE: ARTS AND CULTURE EDUCATI',53),(355,'\nBEDMUS',NULL,'B.ED FET PHASE: ARTS AND CULTURE EDUCATI','B.ED FET PHASE: ARTS AND CULTURE EDUCATI',53),(356,'\nBEDME',NULL,'B.ED FET PHASE: MUSIC EDUCATION','B.ED FET PHASE: MUSIC EDUCATION',53),(357,'\nBMEH-4',NULL,'BA MUSIC HONOURS (EDUCATION)','BA MUSIC HONOURS (EDUCATION)',53),(358,'\nLME',NULL,'UNIVERSITY LICENTIATE IN MUSIC EDUCATION','UNIVERSITY LICENTIATE IN MUSIC EDUCATION',53),(359,'\nACEELT',NULL,'ADVANCED CERT IN EDUCATION(ENG LANGUAGE)','ADVANCED CERT IN EDUCATION(ENG LANGUAGE)',54),(360,'\nELET',NULL,'DIPLOMA IN ENGLISH LANGUAGE EDUC TRUST','DIPLOMA IN ENGLISH LANGUAGE EDUC TRUST',54),(361,'\nACEEEM',NULL,'ADVANCED CERT IN EDUCATION(MANAGEMENT)','ADVANCED CERT IN EDUCATION(MANAGEMENT)',55),(362,'\nBHEDD',NULL,'BED (HONS) IN CURRICULUM DESIGN & DEV','BED (HONS) IN CURRICULUM DESIGN & DEV',55),(363,'\nBHEMP',NULL,'BED(HONS)EDUC MANAGEMENT & POLICY','BED(HONS)EDUC MANAGEMENT & POLICY',55),(364,'\nCERTT',NULL,'CERTIFICATE IN TECHNOLOGY','CERTIFICATE IN TECHNOLOGY',55),(365,'\nEFYP',NULL,'EDUCATION FOUNDATION YEAR PROGRAMME','EDUCATION FOUNDATION YEAR PROGRAMME',55),(366,'\n40HDE',NULL,'HIGHER DIPLOMA IN EDUCATION','HIGHER DIPLOMA IN EDUCATION',55),(367,'\nM.EDEM',NULL,'MASTERS OF EDUCATION IN EDUC MANAGEMENT','MASTERS OF EDUCATION IN EDUC MANAGEMENT',55),(368,'\nMEDACS',NULL,'MED IN ADVANCED CURRICULUM STUDIES','MED IN ADVANCED CURRICULUM STUDIES',55),(369,'\nPGCE',NULL,'POST-GRADUATE CERTIFICATE IN EDUCATION','POST-GRADUATE CERTIFICATE IN EDUCATION',55),(370,'\nNPDEF',NULL,'FOUNDATION PHASE (NPDEF)','FOUNDATION PHASE (NPDEF)',56),(371,'\nNPDEI',NULL,'INTERMEDIATE PHASE (NPDEI)','INTERMEDIATE PHASE (NPDEI)',56),(372,'\nNPDE',NULL,'NATIONAL PROFESSIONAL DIPLOMA IN EDUC','NATIONAL PROFESSIONAL DIPLOMA IN EDUC',56),(373,'\nNPDEFP',NULL,'NPDE FOUNDATION PHASE (360)','NPDE FOUNDATION PHASE (360)',56),(374,'\nNPDEIP',NULL,'NPDE INTERMEDIATE PHASE (360)','NPDE INTERMEDIATE PHASE (360)',56),(375,'\nNPDESP',NULL,'NPDE SENIOR PHASE (360)','NPDE SENIOR PHASE (360)',56),(376,'\nNPDES',NULL,'SENIOR PHASE (NPDES)','SENIOR PHASE (NPDES)',56),(377,'\nLAT',NULL,'BA LANGUAGE TEACHING','BA LANGUAGE TEACHING',57),(378,'\nAFYP',NULL,'ARTS FOUNDATION YEAR PROGRAMME','ARTS FOUNDATION YEAR PROGRAMME',58),(379,'\nBSOCSC',NULL,'BACHELOR OF SOCIAL SCIENCE','BACHELOR OF SOCIAL SCIENCE',58),(380,'\nCBSOCS',NULL,'CERT IN BACHELOR OF SOCIAL SCIENCE','CERT IN BACHELOR OF SOCIAL SCIENCE',58),(381,'\nANM',NULL,'AFR HONS NON MOTHERTONGUE TEACHING','AFR HONS NON MOTHERTONGUE TEACHING',59),(382,'\nAPL',NULL,'BA APPLIED LANGUAGE STUDIES','BA APPLIED LANGUAGE STUDIES',59),(383,'\nBFR',NULL,'HONS BA AFRIKAANS','HONS BA AFRIKAANS',59),(384,'\nMAF-5',NULL,'MA IN AFRIKAANS','MA IN AFRIKAANS',59),(385,'\nMAR',NULL,'MA IN AFRIKAANS','MA IN AFRIKAANS',59),(386,'\nPHF',NULL,'PHD (AFRIKAANS)','PHD (AFRIKAANS)',59),(387,'\nBHANT',NULL,'BA ANTHROPOLOGY','BA ANTHROPOLOGY',60),(388,'\nBAA',NULL,'DEGREE ON HONOURS BA ANTHROPOLOGY','DEGREE ON HONOURS BA ANTHROPOLOGY',60),(389,'\nMAN',NULL,'M A ANTHOROPOLOGY','M A ANTHOROPOLOGY',60),(390,'\nBACDCS',NULL,'BA (COMM DEV & CULTURAL STUDIES)','BA (COMM DEV & CULTURAL STUDIES)',61),(391,'\nBATCD',NULL,'BA (COMM DEV & CULTURAL STUDIES)','BA (COMM DEV & CULTURAL STUDIES)',61),(392,'\nCCDCS',NULL,'CERTIFICATE COMM DEV & CULTURAL STUDIE','CERTIFICATE COMM DEV & CULTURAL STUDIE',61),(393,'\nLTRA',NULL,'BA IN TRANSLATION','BA IN TRANSLATION',62),(394,'\nBAZ',NULL,'DEGREE OF HONOURS BA - (SESOTHO)','DEGREE OF HONOURS BA - (SESOTHO)',62),(395,'\nBAX',NULL,'DEGREE OF HONOURS BA (XHOSA)','DEGREE OF HONOURS BA (XHOSA)',62),(396,'\nMAA',NULL,'M A AFRICAN LINQUISTICS','M A AFRICAN LINQUISTICS',62),(397,'\nMAS',NULL,'M A SESOTHO','M A SESOTHO',62),(398,'\nMAX',NULL,'M A XHOSA','M A XHOSA',62),(399,'\nBSOCRI',NULL,'B SOC SCIENCE IN CRIMINOLOGY','B SOC SCIENCE IN CRIMINOLOGY',63),(400,'\nBPH',NULL,'BA HONOURS POLICE SCIENCE','BA HONOURS POLICE SCIENCE',63),(401,'\nBSCACJ',NULL,'BACHELOR OF ADMIN OF CRIMINAL JUSTICE','BACHELOR OF ADMIN OF CRIMINAL JUSTICE',63),(402,'\nBAP',NULL,'BACHELOR OF POLICE','BACHELOR OF POLICE',63),(403,'\nBHC',NULL,'DEGREE OF HONOURS BA CRIMINOLOGY','DEGREE OF HONOURS BA CRIMINOLOGY',63),(404,'\nMCR',NULL,'MASTERS IN CRIMINOLOGY THESIS','MASTERS IN CRIMINOLOGY THESIS',63),(405,'\nBAELLS',NULL,'BA ENGLISH LANGUAGE & LITERARY STUDIES','BA ENGLISH LANGUAGE & LITERARY STUDIES',64),(406,'\nBEE',NULL,'BA HONOURS IN ENG LANG TEA & LIT STUDIES','BA HONOURS IN ENG LANG TEA & LIT STUDIES',64),(407,'\nBAHE',NULL,'BA HONOURS IN ENGLISH','BA HONOURS IN ENGLISH',64),(408,'\nLST',NULL,'BA LITERARY STUDIES','BA LITERARY STUDIES',64),(409,'\nBAE',NULL,'DEGREE OF HONOURS ARTS (ENGLISH)','DEGREE OF HONOURS ARTS (ENGLISH)',64),(410,'\nBEH',NULL,'DEGREE OF HONOURS BA ENGLISH','DEGREE OF HONOURS BA ENGLISH',64),(411,'\nLELLIS',NULL,'HONOURS ENG LANGUAGE & LITERARY STUDIES','HONOURS ENG LANGUAGE & LITERARY STUDIES',64),(412,'\nMAE',NULL,'M A ENGLISH','M A ENGLISH',64),(413,'\nMACES',NULL,'MA IN CONTEMPORARY ENGLISH STUDIES','MA IN CONTEMPORARY ENGLISH STUDIES',64),(414,'\nMEE',NULL,'MASTERS IN ENGLISH COURSEWORK','MASTERS IN ENGLISH COURSEWORK',64),(415,'\nBAY',NULL,'DEGREE OF HONOURS BA - GEOGRAPHY','DEGREE OF HONOURS BA - GEOGRAPHY',65),(416,'\nBAV',NULL,'HONOURS BA (GEOGRAPHY)','HONOURS BA (GEOGRAPHY)',65),(417,'\nMAG',NULL,'M A GEOGRAPHY','M A GEOGRAPHY',65),(418,'\nBHH',NULL,'DEGREE OF HONOURS OF BA HISTORY','DEGREE OF HONOURS OF BA HISTORY',66),(419,'\nMAH',NULL,'M A HISTORY','M A HISTORY',66),(420,'\nBBIBL',NULL,'BACCALAUREUS BIBLIOTHECOLOGIE','BACCALAUREUS BIBLIOTHECOLOGIE',67),(421,'\nBBH',NULL,'BACHELOR OF HON IN BIBLIOTHECOLOGIE','BACHELOR OF HON IN BIBLIOTHECOLOGIE',67),(422,'\nBIH',NULL,'HONOURS BACCALAUREUS BIBLIOTHECOLOGIAE','HONOURS BACCALAUREUS BIBLIOTHECOLOGIAE',67),(423,'\nHLISC',NULL,'HONOURS IN LIBRARY & INFORMATION SCIENCE','HONOURS IN LIBRARY & INFORMATION SCIENCE',67),(424,'\nMLISC',NULL,'MA DEGREE IN LIBRARY & INFORMATION SCIE','MA DEGREE IN LIBRARY & INFORMATION SCIE',67),(425,'\nMBIBL',NULL,'MASTERS BIBLIOTHECOLOGIE','MASTERS BIBLIOTHECOLOGIE',67),(426,'\nGDI',NULL,'POST GRADUATE DIPLOMA IN INFORM SCIENCE','POST GRADUATE DIPLOMA IN INFORM SCIENCE',67),(427,'\nBHEPEC',NULL,'BA IN ETHICS POLITICS & ECONOMICS','BA IN ETHICS POLITICS & ECONOMICS',68),(428,'\nBAT',NULL,'DEGREE OF HONOURS BA - (THEO & PHIL)','DEGREE OF HONOURS BA - (THEO & PHIL)',68),(429,'\nBAR',NULL,'DEGREE OF HONOURS BA - SC RELIGION','DEGREE OF HONOURS BA - SC RELIGION',68),(430,'\nBHP',NULL,'DEGREE OF HONOURS BA PHILOSOPHY','DEGREE OF HONOURS BA PHILOSOPHY',68),(431,'\nBAB',NULL,'DEGREE ON HONOURS BA BIBS','DEGREE ON HONOURS BA BIBS',68),(432,'\nDAP',NULL,'DIPLOMA [APPLIED ETHICS]','DIPLOMA [APPLIED ETHICS]',68),(433,'\nDAET',NULL,'DIPLOMA IN APPLIED ETHICS PHILOSOPHY','DIPLOMA IN APPLIED ETHICS PHILOSOPHY',68),(434,'\nHAE',NULL,'HONOURS [APPLIED ETHICS]','HONOURS [APPLIED ETHICS]',68),(435,'\nHAPPET',NULL,'HONOURS IN APPLIED ETHICS','HONOURS IN APPLIED ETHICS',68),(436,'\nMAL',NULL,'M A PHILOSOPHY','M A PHILOSOPHY',68),(437,'\nMPH',NULL,'M PHIL (APPLIED ETHICS)','M PHIL (APPLIED ETHICS)',68),(438,'\nMPHIL',NULL,'MASTER IN PHILOSOPHY (M PHIL)','MASTER IN PHILOSOPHY (M PHIL)',68),(439,'\nMAPPET',NULL,'MASTERS PHILOSOPHY IN APPLIED ETHICS','MASTERS PHILOSOPHY IN APPLIED ETHICS',68),(440,'\nPGDAET',NULL,'POST-GRADUATE DIPLOMA IN APPLIED ETHICS','POST-GRADUATE DIPLOMA IN APPLIED ETHICS',68),(441,'\nBAN',NULL,'B SOC SCIENCE HONS(POLS & INT RELATIONS)','B SOC SCIENCE HONS(POLS & INT RELATIONS)',69),(442,'\nBSCPOS',NULL,'BACHELOR OF SOC SCIENCE (POLITICAL STUD)','BACHELOR OF SOC SCIENCE (POLITICAL STUD)',69),(443,'\nBAL',NULL,'DEGREE OF HONOURS BA - POLS','DEGREE OF HONOURS BA - POLS',69),(444,'\nBAF',NULL,'DEGREE OF HONOURS BA AFRICAN POLS','DEGREE OF HONOURS BA AFRICAN POLS',69),(445,'\nBIR',NULL,'HONS BA INTERNATIONAL RELATIONS','HONS BA INTERNATIONAL RELATIONS',69),(446,'\nMAP',NULL,'M A INTERNATIONAL RELATIONS','M A INTERNATIONAL RELATIONS',69),(447,'\nMAJ',NULL,'M A POLITICAL SCIENCE','M A POLITICAL SCIENCE',69),(448,'\nMAPIR',NULL,'M SOC SCIENCE (POLS & INT RELATIONS)','M SOC SCIENCE (POLS & INT RELATIONS)',69),(449,'\nHBSSPS',NULL,'B SOCIAL SCIENCE HONOURS IN PSYCHOLOGY','B SOCIAL SCIENCE HONOURS IN PSYCHOLOGY',70),(450,'\nHBSSIP',NULL,'B SOCIAL SCIENCE HONS IN INDUSTRIAL PSYC','B SOCIAL SCIENCE HONS IN INDUSTRIAL PSYC',70),(451,'\nBPS',NULL,'BACHELOR OF PSYCHOLOGY','BACHELOR OF PSYCHOLOGY',70),(452,'\nBSCIPY',NULL,'BACHELOR OF SOC SCIE (INDUSTRIAL PSYCH)','BACHELOR OF SOC SCIE (INDUSTRIAL PSYCH)',70),(453,'\nBSCPSY',NULL,'BACHELOR OF SOC SCIENCE (PSYCHOLOGY)','BACHELOR OF SOC SCIENCE (PSYCHOLOGY)',70),(454,'\nBAI',NULL,'DEGREE OF HONOURS BA (IND PSYC)','DEGREE OF HONOURS BA (IND PSYC)',70),(455,'\nBSY',NULL,'DEGREE OF HONOURS BA PSYCHOLOGY','DEGREE OF HONOURS BA PSYCHOLOGY',70),(456,'\nMAIPY',NULL,'MASTERS IN INDUSTRIAL PSYCH (DISSERTATIN','MASTERS IN INDUSTRIAL PSYCH (DISSERTATIN',70),(457,'\nMPY',NULL,'MASTERS IN PSYCHOLOGY','MASTERS IN PSYCHOLOGY',70),(458,'\nMAPSY',NULL,'MASTERS IN PSYCHOLOGY (DISSERTATION)PSYC','MASTERS IN PSYCHOLOGY (DISSERTATION)PSYC',70),(459,'\nDPY',NULL,'PH D (PSYCHOLOGY)','PH D (PSYCHOLOGY)',70),(460,'\nPGDHRM',NULL,'POST GRAD DIP IN HUMAN RESOURCE MANAGMNT','POST GRAD DIP IN HUMAN RESOURCE MANAGMNT',70),(461,'\nBGH',NULL,'BA HONOURS PROGRAMME GENDER STUDIES','BA HONOURS PROGRAMME GENDER STUDIES',71),(462,'\nBSCPOP',NULL,'BACHELOR OF SOC SCIE (POPULATION STUDIES','BACHELOR OF SOC SCIE (POPULATION STUDIES',71),(463,'\nBSCSOC',NULL,'BACHELOR OF SOC SCIENCE (SOCIOLOGY)','BACHELOR OF SOC SCIENCE (SOCIOLOGY)',71),(464,'\nBSSEX',NULL,'BACHELOR OF SOCIAL SCIENCES EXCH STUDENT','BACHELOR OF SOCIAL SCIENCES EXCH STUDENT',71),(465,'\nBAO',NULL,'DEGREE OF HONOURS BA (SOC)','DEGREE OF HONOURS BA (SOC)',71),(466,'\nBAD',NULL,'DEGREE OF HONOURS BA POP STUD','DEGREE OF HONOURS BA POP STUD',71),(467,'\nPOP',NULL,'HONS BA POPULATION STUDIES','HONS BA POPULATION STUDIES',71),(468,'\nMAD',NULL,'M A SOCIOLOGY','M A SOCIOLOGY',71),(469,'\nMOP',NULL,'MASTERS IN POPULATION STUDIES SOCIOLOGY','MASTERS IN POPULATION STUDIES SOCIOLOGY',71),(470,'\nBMEDCP',NULL,'BACHELOR OF MEDICAL CLINICAL PRACTICE','BACHELOR OF MEDICAL CLINICAL PRACTICE',72),(471,'\n60NDP',NULL,'NDP HEALTH SCIENCES','NDP HEALTH SCIENCES',72),(472,'\n6NDP',NULL,'NON DEGREE PURPOSES','NON DEGREE PURPOSES',72),(473,'\nCHB',NULL,'BACHELOR OF MEDICINE & BACHELOR SURGERY','BACHELOR OF MEDICINE & BACHELOR SURGERY',73),(474,'\nBPHS',NULL,'BSC HONOURS IN PHYSIOLOGICAL SCIENCES','BSC HONOURS IN PHYSIOLOGICAL SCIENCES',74),(475,'\nBSCPS',NULL,'BSC PHYSIOLOGICAL SCIENCES','BSC PHYSIOLOGICAL SCIENCES',74),(476,'\nPHP',NULL,'DOCTOR OF PHILOSOPHY IN PHYSIOLOGY','DOCTOR OF PHILOSOPHY IN PHYSIOLOGY',74),(477,'\nMSCPS',NULL,'MSC IN PHYSIOLOGICAL SCIENCES','MSC IN PHYSIOLOGICAL SCIENCES',74),(478,'\nBMEDSC',NULL,'BACHELOR OF MEDICAL SCIENCES','BACHELOR OF MEDICAL SCIENCES',75),(479,'\nBSCBIO',NULL,'BSC BIOCHEMISTRY','BSC BIOCHEMISTRY',75),(480,'\nBSCBH',NULL,'BSC HONOURS IN BIOCHEMISTRY','BSC HONOURS IN BIOCHEMISTRY',75),(481,'\nBSMM',NULL,'BSC MEDICAL MICROBIOLOGY','BSC MEDICAL MICROBIOLOGY',76),(482,'\nBSHMM',NULL,'HONOURS BSC (MEDICAL MICROBIOLOGY)','HONOURS BSC (MEDICAL MICROBIOLOGY)',76),(483,'\nBSCMED',NULL,'HONOURS BSC (MEDICAL)','HONOURS BSC (MEDICAL)',76),(484,'\nMMMBIO',NULL,'MASTER OF MEDICAL MICROBIOLOGY','MASTER OF MEDICAL MICROBIOLOGY',76),(485,'\nMPHE',NULL,'MASTER OF PUBLIC HEALTH','MASTER OF PUBLIC HEALTH',76),(486,'\nMSCBIO',NULL,'MASTER OF SCIENCE (MEDICAL BIOCHEMISTRY)','MASTER OF SCIENCE (MEDICAL BIOCHEMISTRY)',76),(487,'\nMEDAP',NULL,'M MED IN ANATOMICAL PATHOLOGY','M MED IN ANATOMICAL PATHOLOGY',77),(488,'\nMEDCOM',NULL,'M MED IN COMMUNITY MEDICINE','M MED IN COMMUNITY MEDICINE',77),(489,'\nMCPATH',NULL,'MASTERS IN CHEMICAL PATHOLOGY','MASTERS IN CHEMICAL PATHOLOGY',78),(490,'\nPGDPAT',NULL,'PG DIPLOMA IN CHEMICAL PATHOLOGY','PG DIPLOMA IN CHEMICAL PATHOLOGY',78),(491,'\nMEDRAO',NULL,'M MED IN RADIATION & ONCOLOGY','M MED IN RADIATION & ONCOLOGY',79),(492,'\nRAO001',NULL,'M MED IN RADIATION & ONCOLOGY','M MED IN RADIATION & ONCOLOGY',79),(493,'\nRAO002',NULL,'M MED IN RADIATION & ONCOLOGY','M MED IN RADIATION & ONCOLOGY',79),(494,'\nRAO003',NULL,'M MED IN RADIATION & ONCOLOGY','M MED IN RADIATION & ONCOLOGY',79),(495,'\nRAO004',NULL,'M MED IN RADIATION & ONCOLOGY','M MED IN RADIATION & ONCOLOGY',79),(496,'\nMEDRD',NULL,'MASTER OF MEDICINE IN RADIOLOGY','MASTER OF MEDICINE IN RADIOLOGY',79),(497,'\nBSCHED',NULL,'BACHELOR OF SCIENCE IN HEALTH PROMOTION','BACHELOR OF SCIENCE IN HEALTH PROMOTION',80),(498,'\nCHEP',NULL,'CERTIFICATE IN HEALTH PROMOTION','CERTIFICATE IN HEALTH PROMOTION',80),(499,'\nMSCHP',NULL,'MASTER OF SCIENCE IN HEALTH PROMOTION','MASTER OF SCIENCE IN HEALTH PROMOTION',80),(500,'\nPGHEP',NULL,'POST GRADUATE DIPLOMA IN HEALTH PROMOTIO','POST GRADUATE DIPLOMA IN HEALTH PROMOTIO',80),(501,'\nDPHS',NULL,'DOCTOR OF PHILOSOPHY IN HEALTH SCIENCES','DOCTOR OF PHILOSOPHY IN HEALTH SCIENCES',81),(502,'\nMED001',NULL,'M MED IN MEDICINE','M MED IN MEDICINE',81),(503,'\nMED002',NULL,'M MED IN MEDICINE','M MED IN MEDICINE',81),(504,'\nMED003',NULL,'M MED IN MEDICINE','M MED IN MEDICINE',81),(505,'\nMED004',NULL,'M MED IN MEDICINE','M MED IN MEDICINE',81),(506,'\nMEDME',NULL,'M MED IN MEDICINE','M MED IN MEDICINE',81),(507,'\nAUDINS',NULL,'ADVANCED UNIVERSITY DIP NURSING SCIENCE','ADVANCED UNIVERSITY DIP NURSING SCIENCE',82),(508,'\nBCR',NULL,'BACCALAUREUS CURATIONIS','BACCALAUREUS CURATIONIS',82),(509,'\nBCRB',NULL,'BACCALAUREUS CURATIONIS (BASIC)','BACCALAUREUS CURATIONIS (BASIC)',82),(510,'\nBUM',NULL,'BACCALAUREUS CURATIONIS HONOURS','BACCALAUREUS CURATIONIS HONOURS',82),(511,'\nDNE',NULL,'DIPLOMA IN NURSING EDUCATION','DIPLOMA IN NURSING EDUCATION',82),(512,'\nDNS',NULL,'DIPLOMA IN NURSING SCIENCE','DIPLOMA IN NURSING SCIENCE',82),(513,'\nDON',NULL,'DIPLOMA IN ORTHOPAEDIC NURSING','DIPLOMA IN ORTHOPAEDIC NURSING',82),(514,'\nDONS',NULL,'DIPLOMA IN ORTHOPAEDIC NURSING SCIENCE','DIPLOMA IN ORTHOPAEDIC NURSING SCIENCE',82),(515,'\nMUM',NULL,'MASTER OF CURATIONIS','MASTER OF CURATIONIS',82),(516,'\nCHBEFS',NULL,'B. MEDICINE&SURGERY(ELECTIVE FOR STUDENT','B. MEDICINE&SURGERY(ELECTIVE FOR STUDENT',83),(517,'\nCHBEFR',NULL,'BACHELOR OF MEDICINE&SURGERY(EFR STUDENT','BACHELOR OF MEDICINE&SURGERY(EFR STUDENT',83),(518,'\nCHBEX',NULL,'BACHELOR OF MEDICINE&SURGERY(EXC STUDENT','BACHELOR OF MEDICINE&SURGERY(EXC STUDENT',83),(519,'\nCHBSAC',NULL,'CHB (SA CUBA MED STUDENTS)','CHB (SA CUBA MED STUDENTS)',83),(520,'\nMEDSUR',NULL,'M MED IN GENERAL SURGERY','M MED IN GENERAL SURGERY',83),(521,'\nSUR001',NULL,'M MED IN GENERAL SURGERY','M MED IN GENERAL SURGERY',83),(522,'\nSUR002',NULL,'M MED IN GENERAL SURGERY','M MED IN GENERAL SURGERY',83),(523,'\nSUR003',NULL,'M MED IN GENERAL SURGERY','M MED IN GENERAL SURGERY',83),(524,'\nSUR004',NULL,'M MED IN GENERAL SURGERY','M MED IN GENERAL SURGERY',83),(525,'\nSUR005',NULL,'M MED IN GENERAL SURGERY','M MED IN GENERAL SURGERY',83),(526,'\nMEDOBG',NULL,'M MED IN OBSTETRICS & GYNAECOLOGY','M MED IN OBSTETRICS & GYNAECOLOGY',84),(527,'\nOBG001',NULL,'M MED IN OBSTETRICS & GYNAECOLOGY','M MED IN OBSTETRICS & GYNAECOLOGY',84),(528,'\nOBG002',NULL,'M MED IN OBSTETRICS & GYNAECOLOGY','M MED IN OBSTETRICS & GYNAECOLOGY',84),(529,'\nOBG003',NULL,'M MED IN OBSTETRICS & GYNAECOLOGY','M MED IN OBSTETRICS & GYNAECOLOGY',84),(530,'\nOBG004',NULL,'M MED IN OBSTETRICS & GYNAECOLOGY','M MED IN OBSTETRICS & GYNAECOLOGY',84),(531,'\nMEDPS',NULL,'M MED IN PAEDIATRIC SURGERY','M MED IN PAEDIATRIC SURGERY',85),(532,'\nPED001',NULL,'M MED IN PAEDIATRICS','M MED IN PAEDIATRICS',85),(533,'\nMEDPAE',NULL,'M MED IN PAEDIATRICS & CHILD HEALTH','M MED IN PAEDIATRICS & CHILD HEALTH',85),(534,'\nPAE001',NULL,'M MED IN PAEDIATRICS & CHILD HEALTH','M MED IN PAEDIATRICS & CHILD HEALTH',85),(535,'\nPAE002',NULL,'M MED IN PAEDIATRICS & CHILD HEALTH','M MED IN PAEDIATRICS & CHILD HEALTH',85),(536,'\nPAE003',NULL,'M MED IN PAEDIATRICS & CHILD HEALTH','M MED IN PAEDIATRICS & CHILD HEALTH',85),(537,'\nPAE004',NULL,'M MED IN PAEDIATRICS & CHILD HEALTH','M MED IN PAEDIATRICS & CHILD HEALTH',85),(538,'\nMEDPSY',NULL,'M MED IN PSYCHIATRY','M MED IN PSYCHIATRY',86),(539,'\nPSY001',NULL,'M MED IN PSYCHIATRY','M MED IN PSYCHIATRY',86),(540,'\nPSY002',NULL,'M MED IN PSYCHIATRY','M MED IN PSYCHIATRY',86),(541,'\nPSY003',NULL,'M MED IN PSYCHIATRY','M MED IN PSYCHIATRY',86),(542,'\nPSY004',NULL,'M MED IN PSYCHIATRY','M MED IN PSYCHIATRY',86),(543,'\nMMOS',NULL,'M MED IN ORTHOPAEDICS SURGERY','M MED IN ORTHOPAEDICS SURGERY',87),(544,'\nOTH001',NULL,'M MED IN ORTHOPAEDICS SURGERY','M MED IN ORTHOPAEDICS SURGERY',87),(545,'\nOTH002',NULL,'M MED IN ORTHOPAEDICS SURGERY','M MED IN ORTHOPAEDICS SURGERY',87),(546,'\nOTH003',NULL,'M MED IN ORTHOPAEDICS SURGERY','M MED IN ORTHOPAEDICS SURGERY',87),(547,'\nOTH004',NULL,'M MED IN ORTHOPAEDICS SURGERY','M MED IN ORTHOPAEDICS SURGERY',87),(548,'\nENT001',NULL,'M MED IN ORTORHINOLARYNGOLOGY','M MED IN ORTORHINOLARYNGOLOGY',88),(549,'\nENT002',NULL,'M MED IN ORTORHINOLARYNGOLOGY','M MED IN ORTORHINOLARYNGOLOGY',88),(550,'\nENT003',NULL,'M MED IN ORTORHINOLARYNGOLOGY','M MED IN ORTORHINOLARYNGOLOGY',88),(551,'\nENT004',NULL,'M MED IN ORTORHINOLARYNGOLOGY','M MED IN ORTORHINOLARYNGOLOGY',88),(552,'\nMEDENT',NULL,'M MED IN ORTORHINOLARYNGOLOGY','M MED IN ORTORHINOLARYNGOLOGY',88),(553,'\nMEDORL',NULL,'M MED IN ORTORHINOLARYNGOLOGY','M MED IN ORTORHINOLARYNGOLOGY',88),(554,'\nMEDOPH',NULL,'M MED IN OPTHALMOLOGY','M MED IN OPTHALMOLOGY',89),(555,'\nOPH001',NULL,'M MED IN OPTHALMOLOGY','M MED IN OPTHALMOLOGY',89),(556,'\nOPH002',NULL,'M MED IN OPTHALMOLOGY','M MED IN OPTHALMOLOGY',89),(557,'\nOPH003',NULL,'M MED IN OPTHALMOLOGY','M MED IN OPTHALMOLOGY',89),(558,'\nOPH004',NULL,'M MED IN OPTHALMOLOGY','M MED IN OPTHALMOLOGY',89),(559,'\nMEDANS',NULL,'MASTER OF MEDICINE IN ANAESTHESIOLOGY','MASTER OF MEDICINE IN ANAESTHESIOLOGY',90),(560,'\nMEDFAM',NULL,'M MED IN FAMILY MEDICINE','M MED IN FAMILY MEDICINE',91),(561,'\nMFAM',NULL,'M MED IN FAMILY MEDICINE','M MED IN FAMILY MEDICINE',91),(562,'\nMFM',NULL,'M MED IN FAMILY MEDICINE','M MED IN FAMILY MEDICINE',91),(563,'\nBSW',NULL,'BACHELOR OF SOCIAL WORK','BACHELOR OF SOCIAL WORK',92),(564,'\nMSW',NULL,'MASTER OF SOCIAL WORK','MASTER OF SOCIAL WORK',92),(565,'\nSOH',NULL,'DEGREE OF HONOURS BA SOCIAL WORK','DEGREE OF HONOURS BA SOCIAL WORK',93),(566,'\nLLB(A)',NULL,'BACCALAREUS LEGUM (NEW PROGRAM)','BACCALAREUS LEGUM (NEW PROGRAM)',94),(567,'\nBJU',NULL,'BACCALAUREUS JURIS','BACCALAUREUS JURIS',94),(568,'\nLLB',NULL,'BACCALAUREUS LEGUM','BACCALAUREUS LEGUM',94),(569,'\nDJU',NULL,'DIPLOMA JURIS','DIPLOMA JURIS',94),(570,'\nDCO',NULL,'DOCTOR OF COMMERCE','DOCTOR OF COMMERCE',94),(571,'\nBMI',NULL,'HONOURS B ADMIN (INDUSTRIAL PSYCHOLOGY)','HONOURS B ADMIN (INDUSTRIAL PSYCHOLOGY)',94),(572,'\nHIN',NULL,'HONOURS B COM (INDUSTRIAL  PSYCHOLOGY)','HONOURS B COM (INDUSTRIAL  PSYCHOLOGY)',94),(573,'\nMCO',NULL,'MASTER OF COMMERCE','MASTER OF COMMERCE',94),(574,'\n20NDP',NULL,'NDP ECONOMIC SCIENCE','NDP ECONOMIC SCIENCE',94),(575,'\n50NDP',NULL,'NON DEGREE PURPOSE (LAW)','NON DEGREE PURPOSE (LAW)',94),(576,'\n5007',NULL,'BTECH:  BUSINESS ADMINISTRATION','BTECH:  BUSINESS ADMINISTRATION',95),(577,'\n5014',NULL,'BTECH:  MANAGEMENT','BTECH:  MANAGEMENT',95),(578,'\n2002',NULL,'N DIP : MANAGEMENT','N DIP : MANAGEMENT',95),(579,'\n3030',NULL,'NATIONAL DIPLOMA: PUBLIC MANAGEMENT','NATIONAL DIPLOMA: PUBLIC MANAGEMENT',95),(580,'\n3022',NULL,'ND:  POLICING','ND:  POLICING',95),(581,'\n3025',NULL,'ND: ADMINISTRATIVE MANAGEMENT: GENERAL','ND: ADMINISTRATIVE MANAGEMENT: GENERAL',95),(582,'\n5012',NULL,'B TECH: INTERNAL AUDITING','B TECH: INTERNAL AUDITING',96),(583,'\nBTIAUD',NULL,'BACCALAUREUS TECHNOLOGIAE INTERNAL AUDIT','BACCALAUREUS TECHNOLOGIAE INTERNAL AUDIT',96),(584,'\nBCA',NULL,'BACHELOR OF ACCOUNTING','BACHELOR OF ACCOUNTING',96),(585,'\n20BAS',NULL,'BACHELOR OF ACCOUNTING SCIENCE','BACHELOR OF ACCOUNTING SCIENCE',96),(586,'\n303097',NULL,'BTECH:  COST AND MANAGEMENT ACCOUNTING','BTECH:  COST AND MANAGEMENT ACCOUNTING',96),(587,'\nBTCMA',NULL,'BTECH:COST AND MANAGEMENT ACCOUNTING','BTECH:COST AND MANAGEMENT ACCOUNTING',96),(588,'\nBPT',NULL,'HONOURS B ACC SCIENCE & CER IN THEOR ACC','HONOURS B ACC SCIENCE & CER IN THEOR ACC',96),(589,'\n3034',NULL,'N DIP : INTERNAL AUDITING','N DIP : INTERNAL AUDITING',96),(590,'\n2020',NULL,'NATIONAL HIGHER CERTIFICATE: ACCOUNTANCY','NATIONAL HIGHER CERTIFICATE: ACCOUNTANCY',96),(591,'\nNHCACC',NULL,'NATIONAL HIGHER CERTIFICATE:ACCOUNTANCY','NATIONAL HIGHER CERTIFICATE:ACCOUNTANCY',96),(592,'\nNHCFIS',NULL,'NATIONAL HIGHER CERTIFICATE:FIS','NATIONAL HIGHER CERTIFICATE:FIS',96),(593,'\nNCFACC',NULL,'NC:(FOUNDATION) ACCOUNTING','NC:(FOUNDATION) ACCOUNTING',96),(594,'\nNDACC',NULL,'ND ACCOUNTING','ND ACCOUNTING',96),(595,'\nNDCMA',NULL,'ND COST AND MANAGEMENT ACCOUNTING','ND COST AND MANAGEMENT ACCOUNTING',96),(596,'\nNDFIS',NULL,'ND FINANCIAL INFORMATION SYSTEMS','ND FINANCIAL INFORMATION SYSTEMS',96),(597,'\nNDIAUD',NULL,'ND INTERNAL AUDITING','ND INTERNAL AUDITING',96),(598,'\n3036',NULL,'ND: COST AND MANAGEMENT ACCOUNTING','ND: COST AND MANAGEMENT ACCOUNTING',96),(599,'\n3003',NULL,'ND: FINANCIAL INFORMATION SYSTEMS','ND: FINANCIAL INFORMATION SYSTEMS',96),(600,'\n3035',NULL,'ND: TAXATION','ND: TAXATION',96),(601,'\nNDACCT',NULL,'ND:ACCOUNTING','ND:ACCOUNTING',96),(602,'\nNDCAMA',NULL,'ND:COST AND MANAGEMENT ACCOUNTING','ND:COST AND MANAGEMENT ACCOUNTING',96),(603,'\nNDFSYS',NULL,'ND:FINANCIAL INFORMATION SYSTEMS','ND:FINANCIAL INFORMATION SYSTEMS',96),(604,'\nNDINTD',NULL,'ND:INTERNAL AUDITING','ND:INTERNAL AUDITING',96),(605,'\n2230',NULL,'NHC:  FINANCIAL INFORMATION SYSTEMS','NHC:  FINANCIAL INFORMATION SYSTEMS',96),(606,'\n1041',NULL,'NHC: ACCOUNTANCY - EXTENDED','NHC: ACCOUNTANCY - EXTENDED',96),(607,'\nNHCACE',NULL,'NHC-ACCOUNTACY:EXTENDED PROGRAMME','NHC-ACCOUNTACY:EXTENDED PROGRAMME',96),(608,'\n5003',NULL,'B TECH: MARKETING','B TECH: MARKETING',97),(609,'\n2006',NULL,'N DIP : MARKETING','N DIP : MARKETING',97),(610,'\n3000',NULL,'ND: SMALL BUSINESS MANAGEMENT','ND: SMALL BUSINESS MANAGEMENT',97),(611,'\n3026',NULL,'ND: SPORT MANAGEMENT','ND: SPORT MANAGEMENT',97),(612,'\n5017',NULL,'B TECH: JOURNALISM','B TECH: JOURNALISM',98),(613,'\n3027',NULL,'NC:VERSATILE BROADCASTING','NC:VERSATILE BROADCASTING',98),(614,'\n3029',NULL,'ND: JOURNALISM','ND: JOURNALISM',98),(615,'\n5004',NULL,'B TECH: HUMAN RESOURCES MANAGEMENT','B TECH: HUMAN RESOURCES MANAGEMENT',99),(616,'\n3016',NULL,'N DIP : HUMAN RESOURCES MANAGEMENT','N DIP : HUMAN RESOURCES MANAGEMENT',99),(617,'\n3031',NULL,'NATIONAL DIPLOMA: MANAGEMENT OF TRAINING','NATIONAL DIPLOMA: MANAGEMENT OF TRAINING',99),(618,'\nESAP',NULL,'ECONOMIC SCIENCES ACCESS PROGRAM','ECONOMIC SCIENCES ACCESS PROGRAM',100),(619,'\n20BAD',NULL,'B ADMIN','B ADMIN',101),(620,'\nBADHR',NULL,'B ADMIN HUMAN RESOURCE MANAGEMENT','B ADMIN HUMAN RESOURCE MANAGEMENT',101),(621,'\nPER',NULL,'BACHELOR OF ADMIN (PERSONNEL MANAGEMENT)','BACHELOR OF ADMIN (PERSONNEL MANAGEMENT)',101),(622,'\nBADPR',NULL,'BACHELOR OF ADMIN (PUBLIC AFFAIRS)','BACHELOR OF ADMIN (PUBLIC AFFAIRS)',101),(623,'\nBTPMA',NULL,'BTECH:PUBLIC MANAGEMENT','BTECH:PUBLIC MANAGEMENT',101),(624,'\nDAD',NULL,'D ADMIN','D ADMIN',101),(625,'\nHPU',NULL,'HONS B ADMIN (PUBLIC ADMINISTRATION)','HONS B ADMIN (PUBLIC ADMINISTRATION)',101),(626,'\nHBA',NULL,'HONS B ADMINISTRATION','HONS B ADMINISTRATION',101),(627,'\n20MAD',NULL,'M ADMIN','M ADMIN',101),(628,'\nNDPMN',NULL,'NATIONAL DIPLOMA PUBLIC MANAGEMENT','NATIONAL DIPLOMA PUBLIC MANAGEMENT',101),(629,'\nNCFPM',NULL,'NC:(FOUNDATION) PUBLIC MANAGEMENT','NC:(FOUNDATION) PUBLIC MANAGEMENT',101),(630,'\nBTMAN',NULL,'BACHELOR OF TECHNOLOGY-MANAGEMENT','BACHELOR OF TECHNOLOGY-MANAGEMENT',102),(631,'\nBTHRM',NULL,'BTECH-HUMAN RESOURCES MANAGEMENT','BTECH-HUMAN RESOURCES MANAGEMENT',102),(632,'\nNCFMAN',NULL,'NC:(FOUNDATION) MANAGEMENT','NC:(FOUNDATION) MANAGEMENT',102),(633,'\nNCFHRM',NULL,'NC:(FOUNDATION)HUMAN RESOURCE MANAGEMENT','NC:(FOUNDATION)HUMAN RESOURCE MANAGEMENT',102),(634,'\nNDHRM',NULL,'ND HUMAN RESOURCES MANAGEMENT','ND HUMAN RESOURCES MANAGEMENT',102),(635,'\nNDMANT',NULL,'ND MANAGEMENT','ND MANAGEMENT',102),(636,'\nNCFCPR',NULL,'NC:FOUNDATION-COMMERCIAL PRACTICE','NC:FOUNDATION-COMMERCIAL PRACTICE',103),(637,'\nNCFOMT',NULL,'NC:FOUNDATION-OFFICE MANAGEMENT AND TECH','NC:FOUNDATION-OFFICE MANAGEMENT AND TECH',103),(638,'\nNDCPRA',NULL,'ND COMMERCIAL PRACTICE','ND COMMERCIAL PRACTICE',103),(639,'\nNDOMT',NULL,'ND OFFICE MANAGEMENT AND TECHNOLOGY','ND OFFICE MANAGEMENT AND TECHNOLOGY',103),(640,'\nNDSOAD',NULL,'ND SECRETERIAL(OFFICE ADMINISTRATION)','ND SECRETERIAL(OFFICE ADMINISTRATION)',103),(641,'\nHCSOAD',NULL,'NHC SECRETERIAL(OFFICE ADMINISTRATION)','NHC SECRETERIAL(OFFICE ADMINISTRATION)',103),(642,'\nBTPRN',NULL,'BACHELOR OF TECHNOLOGY:PUBLIC RELATIONS','BACHELOR OF TECHNOLOGY:PUBLIC RELATIONS',104),(643,'\nNCFPRN',NULL,'NC:(FOUNDATION)PUBLIC RELATIONS MANAGEME','NC:(FOUNDATION)PUBLIC RELATIONS MANAGEME',104),(644,'\nNDPRN',NULL,'ND PUBLIC RELATIONS MANAGEMENT','ND PUBLIC RELATIONS MANAGEMENT',104),(645,'\nBCG',NULL,'BACHELOR OF COMMERCE (GENERAL)','BACHELOR OF COMMERCE (GENERAL)',105),(646,'\nHBU',NULL,'HONOURS B COMMERCE (BUSINESS MANAGEMENT)','HONOURS B COMMERCE (BUSINESS MANAGEMENT)',105),(647,'\nBCED',NULL,'BACHELOR OF COMMERCE (ECONOMICS)','BACHELOR OF COMMERCE (ECONOMICS)',106),(648,'\nHEC',NULL,'HONOURS B COMMERCE (ECONOMICS)','HONOURS B COMMERCE (ECONOMICS)',106),(649,'\nBPR',NULL,'BACCALAUREUS PROCURATIONS','BACCALAUREUS PROCURATIONS',107),(650,'\nLLM',NULL,'MASTER OF LAW','MASTER OF LAW',107),(651,'\nLAP',NULL,'LAW ACCESS PROGRAM','LAW ACCESS PROGRAM',108),(652,'\n303297',NULL,'ND:  HOSPITALITY MANAGEMENT','ND:  HOSPITALITY MANAGEMENT',109),(653,'\n5015',NULL,'B TECH: TOURISM MANAGEMENT','B TECH: TOURISM MANAGEMENT',110),(654,'\n303397',NULL,'ND:  TOURISM MANAGEMENT','ND:  TOURISM MANAGEMENT',110),(655,'\n3023',NULL,'ND: FOOD AND CONSUMER SCIENCES','ND: FOOD AND CONSUMER SCIENCES',111),(656,'\n2290',NULL,'ND: FOOD AND CONSUMER SCIENCES EXTENDED','ND: FOOD AND CONSUMER SCIENCES EXTENDED',111),(657,'\nNCFBEV',NULL,'NATIONAL CERTIFICATE-FOOD AND BEVERAGE','NATIONAL CERTIFICATE-FOOD AND BEVERAGE',112),(658,'\nNDFSM',NULL,'ND FOOD SERVICE MANAGEMENT','ND FOOD SERVICE MANAGEMENT',112),(659,'\nNDFBEV',NULL,'ND: FOOD AND BEVERAGE MANAGEMENT','ND: FOOD AND BEVERAGE MANAGEMENT',112),(660,'\nNCFTM',NULL,'NC:FOUNDATION:TOURISM MANAGEMENT','NC:FOUNDATION:TOURISM MANAGEMENT',113),(661,'\nNDTMAN',NULL,'ND TOURISM MANAGEMENT','ND TOURISM MANAGEMENT',113),(662,'\nNDTOUR',NULL,'ND TRAVEL AND TOURISM','ND TRAVEL AND TOURISM',113),(663,'\nBSH',NULL,'BACHELOR OF SCIENCE HONOURS','BACHELOR OF SCIENCE HONOURS',114),(664,'\nBSCDE',NULL,'BSC (SENATE DISCRETIONARY EX)','BSC (SENATE DISCRETIONARY EX)',114),(665,'\nDMED',NULL,'DOCTOR OF MEDICINE','DOCTOR OF MEDICINE',114),(666,'\nPHS',NULL,'DOCTOR OF PHILOSOPHY','DOCTOR OF PHILOSOPHY',114),(667,'\nBSP',NULL,'HONOURS BSC PSYCHOLOGY','HONOURS BSC PSYCHOLOGY',114),(668,'\nMSC',NULL,'MASTER OF SCIENCE','MASTER OF SCIENCE',114),(669,'\n30NDP',NULL,'NDP SCIENCE','NDP SCIENCE',114),(670,'\n3043',NULL,'ND: INFORMATION TECHNOLOGY- EXTENDED','ND: INFORMATION TECHNOLOGY- EXTENDED',115),(671,'\n3038',NULL,'ND: INFORMATION TECHNOLOGY- SOFTWARE DEV','ND: INFORMATION TECHNOLOGY- SOFTWARE DEV',115),(672,'\n2009',NULL,'ND: INFORMATION TECHNOLOGY- SUPPORT SERV','ND: INFORMATION TECHNOLOGY- SUPPORT SERV',115),(673,'\n3037',NULL,'ND: INFORMATION TECHNOLOGY WEB & APPLICA','ND: INFORMATION TECHNOLOGY WEB & APPLICA',115),(674,'\n5018',NULL,'B TECH: ANALYTICAL CHEMISTRY','B TECH: ANALYTICAL CHEMISTRY',116),(675,'\nBSCEAS',NULL,'BSC APPLIED STATISTICAL SCI  (EXT. PROG)','BSC APPLIED STATISTICAL SCI  (EXT. PROG)',116),(676,'\n2014',NULL,'ND: ANALYTICAL CHEMISTRY','ND: ANALYTICAL CHEMISTRY',116),(677,'\n3039',NULL,'ND: ANALYTICAL CHEMISTRY- EXTENDED','ND: ANALYTICAL CHEMISTRY- EXTENDED',116),(678,'\nBTELEC',NULL,'BACCALAUREUS TECHNOLOGIAE ELECTRICAL','BACCALAUREUS TECHNOLOGIAE ELECTRICAL',117),(679,'\n1019',NULL,'ENGINEERING DEVELOPMENT COURSE','ENGINEERING DEVELOPMENT COURSE',117),(680,'\n3028',NULL,'NATIONAL DIPLOMA: ENGINEERING ELECTRICAL','NATIONAL DIPLOMA: ENGINEERING ELECTRICAL',117),(681,'\nNCELEC',NULL,'NC(FOUNDATION)ELECTRICAL ENGINEERING','NC(FOUNDATION)ELECTRICAL ENGINEERING',117),(682,'\nNDELEC',NULL,'ND ENGINEERING:ELECTRICAL ENGINEERING','ND ENGINEERING:ELECTRICAL ENGINEERING',117),(683,'\nNDELEE',NULL,'ND:ELECTRICAL ENGINEERING-EXTENDED','ND:ELECTRICAL ENGINEERING-EXTENDED',117),(684,'\nBTME',NULL,'B TECH MECHANICAL ENGINEERING','B TECH MECHANICAL ENGINEERING',118),(685,'\n1027',NULL,'FOUNDATION PROGRAMME: MECHANICAL','FOUNDATION PROGRAMME: MECHANICAL',118),(686,'\nNCMEE',NULL,'NC(FOUNDATION)MECHANICAL ENGINEERING','NC(FOUNDATION)MECHANICAL ENGINEERING',118),(687,'\nNDME',NULL,'ND ENGINEERING:MECHANICAL','ND ENGINEERING:MECHANICAL',118),(688,'\nNDMEE',NULL,'ND:MECHANICAL ENGINEERING-EXTENDED PROGR','ND:MECHANICAL ENGINEERING-EXTENDED PROGR',118),(689,'\nBTCE',NULL,'BACALAUREUS TECHNOLOGIAE CIVIL ENGINEER','BACALAUREUS TECHNOLOGIAE CIVIL ENGINEER',119),(690,'\n1026',NULL,'FOUNDATION PROGRAMME: CIVIL','FOUNDATION PROGRAMME: CIVIL',119),(691,'\nNCCIV',NULL,'NC(FOUNDATION):CIVIL ENGINEERING','NC(FOUNDATION):CIVIL ENGINEERING',119),(692,'\nNDCEE',NULL,'ND CIVIL ENGINEERING-EXTENDED PROGRAMME','ND CIVIL ENGINEERING-EXTENDED PROGRAMME',119),(693,'\nNDCE1',NULL,'ND ENGINEERING:CIVIL','ND ENGINEERING:CIVIL',119),(694,'\n3019',NULL,'ND: ENGINEERING: CIVIL','ND: ENGINEERING: CIVIL',119),(695,'\nNCBUI',NULL,'NC(FOUNDATION)BUILDING','NC(FOUNDATION)BUILDING',120),(696,'\nNDBUI',NULL,'ND BUILDING','ND BUILDING',120),(697,'\nNDBUE',NULL,'ND BUILDING -EXTENDED PROGRAMME','ND BUILDING -EXTENDED PROGRAMME',120),(698,'\nBSCM',NULL,'BSC MATHEMATICS','BSC MATHEMATICS',121),(699,'\nBSCME',NULL,'BSC MATHEMATICS (EXTENDED PROGRAMME)','BSC MATHEMATICS (EXTENDED PROGRAMME)',121),(700,'\nBSA',NULL,'HONOURS BSC APPLIED MATHS','HONOURS BSC APPLIED MATHS',121),(701,'\nBSM',NULL,'HONOURS BSC MATHEMATICS','HONOURS BSC MATHEMATICS',121),(702,'\nBTIFT',NULL,'B TECH INFORMATION TECHNOLOGY','B TECH INFORMATION TECHNOLOGY',122),(703,'\nBTICN',NULL,'BTECH:IT-COMMUNICATION NETWORK','BTECH:IT-COMMUNICATION NETWORK',122),(704,'\nBTISD',NULL,'BTECH:IT-SOFTWARE DEVELOPMENT','BTECH:IT-SOFTWARE DEVELOPMENT',122),(705,'\nINTSCC',NULL,'INFORMATION TECHNOLOGY SHORT COURSES','INFORMATION TECHNOLOGY SHORT COURSES',122),(706,'\nICDL',NULL,'INTERNATIONAL COMPUTER DRIVING LICENCE','INTERNATIONAL COMPUTER DRIVING LICENCE',122),(707,'\nNCITF',NULL,'NC(FOUNDATION)INFORMATION TECHNOLOGY','NC(FOUNDATION)INFORMATION TECHNOLOGY',122),(708,'\nNDIT',NULL,'ND INFORMATION TECHNOLOGY','ND INFORMATION TECHNOLOGY',122),(709,'\nNDITE',NULL,'ND INFORMATION TECHNOLOGY-EXTENDED PROG.','ND INFORMATION TECHNOLOGY-EXTENDED PROG.',122),(710,'\nNDIBA',NULL,'NDIT-BUSINESS APPLICATIONS','NDIT-BUSINESS APPLICATIONS',122),(711,'\nNDICN',NULL,'NDIT-COMMUNICATION NETWORK','NDIT-COMMUNICATION NETWORK',122),(712,'\nNDISD',NULL,'NDIT-SOFTWARE DEVELOPMENT','NDIT-SOFTWARE DEVELOPMENT',122),(713,'\nNDITA',NULL,'NDIT-TECHNICAL APPLICATIONS','NDIT-TECHNICAL APPLICATIONS',122),(714,'\nBSCA',NULL,'BSC (APPLIED MATHEMATICS)','BSC (APPLIED MATHEMATICS)',123),(715,'\nBSCEA',NULL,'BSC APPLIED MATHEMATICS (EXTENDED PROG)','BSC APPLIED MATHEMATICS (EXTENDED PROG)',123),(716,'\nAPP',NULL,'HONS BSC (APPLIED MATHEMATICS)','HONS BSC (APPLIED MATHEMATICS)',123),(717,'\nBSCEB',NULL,'BSC BOTANY (EXTENDED PROGRAMME)','BSC BOTANY (EXTENDED PROGRAMME)',124),(718,'\nBSCPMP',NULL,'BSC PEST MANAGEMENT','BSC PEST MANAGEMENT',124),(719,'\nBSB',NULL,'HONOURS BSC BOTANY','HONOURS BSC BOTANY',124),(720,'\nBSCC',NULL,'BSC CHEMISTRY','BSC CHEMISTRY',125),(721,'\nBSD',NULL,'HONOURS BSC CHEMISTRY','HONOURS BSC CHEMISTRY',125),(722,'\nBSCCS',NULL,'BSC COMPUTER SCIENCE','BSC COMPUTER SCIENCE',126),(723,'\nBSCECS',NULL,'BSC COPMUTER SCIENCE (EXTENDED PROG)','BSC COPMUTER SCIENCE (EXTENDED PROG)',126),(724,'\nBBC',NULL,'HONOURS BSC (COMPUTER SCIENCE)','HONOURS BSC (COMPUTER SCIENCE)',126),(725,'\nBSCPC',NULL,'BSC (PHYSICS WITH CHEMISTRY)','BSC (PHYSICS WITH CHEMISTRY)',127),(726,'\nBSCPM',NULL,'BSC (PHYSICS WITH MATHEMATICS)','BSC (PHYSICS WITH MATHEMATICS)',127),(727,'\nBSCEC',NULL,'BSC PHYSICS WITH CHEMISTRY (EXTENDED)','BSC PHYSICS WITH CHEMISTRY (EXTENDED)',127),(728,'\nBSCEM',NULL,'BSC PHYSICS WITH MATHEMATICS (EXTENDED)','BSC PHYSICS WITH MATHEMATICS (EXTENDED)',127),(729,'\nBBP',NULL,'HONOURS BSC (PHYSICS)','HONOURS BSC (PHYSICS)',127),(730,'\nARM',NULL,'MASTER DEGREE (ARQUATIC RESOURCE MANAGEM','MASTER DEGREE (ARQUATIC RESOURCE MANAGEM',127),(731,'\nBSCAS',NULL,'BSC APPLIED STATISTICAL SCIENCE','BSC APPLIED STATISTICAL SCIENCE',128),(732,'\nBBS',NULL,'HONS BSC APPLIED STATISTICAL SCIENCE','HONS BSC APPLIED STATISTICAL SCIENCE',128),(733,'\nBST',NULL,'HONS BSC STATISTICS','HONS BSC STATISTICS',128),(734,'\nBSCB',NULL,'BSC BIOLOGICAL SCIENCES','BSC BIOLOGICAL SCIENCES',129),(735,'\nBSCEZ',NULL,'BSC ZOOLOGY (EXTENDED PROGRAMME)','BSC ZOOLOGY (EXTENDED PROGRAMME)',129),(736,'\nCPMP',NULL,'CERTIFICATE IN PEST MANAGEMENT','CERTIFICATE IN PEST MANAGEMENT',129),(737,'\nDPMP',NULL,'DIPLOMA IN PEST MANAGEMENT','DIPLOMA IN PEST MANAGEMENT',129),(738,'\nBBZ',NULL,'HONOURS BSC ZOOLOGY','HONOURS BSC ZOOLOGY',129),(739,'\nBSCEN',NULL,'BSC ENVIRONMENTAL STUDIES','BSC ENVIRONMENTAL STUDIES',130),(740,'\nBSG',NULL,'HONOURS BSC GEOGRAPHY','HONOURS BSC GEOGRAPHY',130),(741,'\nBSCEP',NULL,'BSC EXTENDED PROGRAM','BSC EXTENDED PROGRAM',131),(742,'\n5016',NULL,'B TECH: FINE ART','B TECH: FINE ART',132),(743,'\n3021',NULL,'N DIP : FASHION','N DIP : FASHION',132),(744,'\n4005',NULL,'N DIP : FINE ART','N DIP : FINE ART',132),(745,'\nNCFFD',NULL,'NC:(FOUNDATION) FASHION DESIGN','NC:(FOUNDATION) FASHION DESIGN',133),(746,'\nNDFD',NULL,'ND FASHION DESIGN','ND FASHION DESIGN',133),(747,'\nNDFDT',NULL,'ND FASHION DESIGN AND TECHNOLOGY','ND FASHION DESIGN AND TECHNOLOGY',133);
/*!40000 ALTER TABLE `qualifications` ENABLE KEYS */;
UNLOCK TABLES;

--
-- Table structure for table `resource`
--

DROP TABLE IF EXISTS `resource`;
/*!40101 SET @saved_cs_client     = @@character_set_client */;
/*!40101 SET character_set_client = utf8 */;
CREATE TABLE `resource` (
  `ID` int(11) NOT NULL AUTO_INCREMENT,
  `Name` varchar(45) NOT NULL,
  `year` int(11) NOT NULL,
  `startWeek` int(11) NOT NULL,
  `endWeek` int(11) NOT NULL,
  `ResourceTypeID` int(11) NOT NULL,
  `classgrouplinked` tinyint(1) NOT NULL,
  `AmtTimeSlots` int(11) NOT NULL,
  `AmtParticipants` int(11) NOT NULL,
  `MaxMergedTimeSlots` int(11) NOT NULL,
  `TimeslotsArrangement` varchar(45) NOT NULL DEFAULT '2,2,1',
  PRIMARY KEY (`ID`),
  KEY `fk_Resource_VenueType1` (`ResourceTypeID`),
  CONSTRAINT `fk_Resource_VenueType1` FOREIGN KEY (`ResourceTypeID`) REFERENCES `resourcetype` (`ID`) ON DELETE NO ACTION ON UPDATE NO ACTION
) ENGINE=InnoDB AUTO_INCREMENT=314 DEFAULT CHARSET=latin1 COMMENT='Class, lab, meeting to be scheduled.  Allow flexibility.  Cl';
/*!40101 SET character_set_client = @saved_cs_client */;

--
-- Dumping data for table `resource`
--

LOCK TABLES `resource` WRITE;
/*!40000 ALTER TABLE `resource` DISABLE KEYS */;
INSERT INTO `resource` VALUES (263,'BIS2011[ID]-0',2011,1,52,8,1,4,0,2,'2,2,1'),(264,'BIS2011[ID]-0',2011,1,52,7,1,3,0,1,'2,2,1'),(265,'BIS2011[ID]-0',2011,1,52,7,1,3,0,1,'2,2,1'),(266,'PIN1110[A8]-0',2011,1,52,7,1,6,0,2,'2,2,1'),(267,'FIS2011[RA]-0',2011,1,52,8,1,4,0,2,'2,2,1'),(268,'FIS2011[RA]-0',2011,1,52,7,1,3,0,1,'2,2,1'),(269,'BIS1011[I9]-0',2011,1,52,8,1,3,0,1,'2,2,1'),(270,'BIS1011[I9]-0',2011,1,52,7,1,3,0,1,'2,2,1'),(271,'BIS1011[K9]-0',2011,1,52,8,1,3,0,1,'2,2,1'),(272,'BIS1011[K9]-0',2011,1,52,7,1,3,0,1,'2,2,1'),(273,'EUC1110[VF]-0',2011,1,52,7,1,5,0,2,'2,2,1'),(274,'EUC1110[A8]-0',2011,1,52,7,1,5,0,2,'2,2,1'),(275,'EUC1110[A8]-0',2011,1,52,7,1,5,0,2,'2,2,1'),(276,'EUC1110[H4]-0',2011,1,52,7,1,6,0,2,'2,2,1'),(277,'CCP1113[AB]-0',2011,1,52,7,1,3,0,1,'2,2,1'),(278,'EUC1110[L8]-0',2011,1,52,7,1,5,0,2,'2,2,1'),(279,'EUC1110[L8]-0',2011,1,52,7,1,5,0,2,'2,2,1'),(280,'EUC1110[L8]-0',2011,1,52,7,1,5,0,2,'2,2,1'),(281,'EUC1110[JV]-0',2011,1,52,7,1,6,0,2,'2,2,1'),(282,'EUC1110[A8]-0',2011,1,52,7,1,6,0,2,'2,2,1'),(283,'BIS1011[PF]-0',2011,1,52,8,1,3,0,1,'2,2,1'),(284,'BIS1011[PF]-0',2011,1,52,7,1,3,0,1,'2,2,1'),(285,'BIS1011[PF]-0',2011,1,52,7,1,3,0,1,'2,2,1'),(286,'EUC1110[JV]-0',2011,1,52,7,1,6,0,2,'2,2,1'),(287,'FIS3011[SB]-0',2011,1,52,7,1,4,0,2,'2,2,1'),(288,'FIS3011[SB]-0',2011,1,52,8,1,3,0,1,'2,2,1'),(289,'SOS2011[SC]-0',2011,1,52,7,1,4,0,2,'2,2,1'),(290,'SOS2011[SC]-0',2011,1,52,8,1,3,0,1,'2,2,1'),(291,'EUC1110[JV]-0',2011,1,52,7,1,6,0,2,'2,2,1'),(292,'EUC1110[F3]-0',2011,1,52,7,1,6,0,2,'2,2,1'),(293,'EUC1110[BE]-0',2011,1,52,7,1,6,0,2,'2,2,1'),(294,'EUC1110[BE]-0',2011,1,52,7,1,6,0,2,'2,2,1'),(295,'CCP1113[AB]-0',2011,1,52,7,1,3,0,1,'2,2,1'),(296,'BIS1011[O9]-0',2011,1,52,8,1,3,0,1,'2,2,1'),(297,'BIS1011[O9]-0',2011,1,52,7,1,3,0,1,'2,2,1'),(298,'EUC1100[TE]-0',2011,1,52,7,1,3,0,1,'2,2,1'),(299,'EUC1110[TE]-0',2011,1,52,7,1,3,0,1,'2,2,1'),(300,'HINS110[HD]-0',2011,1,52,7,1,3,0,1,'2,2,1'),(301,'HINS110[HD]-0',2011,1,52,7,1,3,0,1,'2,2,1'),(302,'CCPN110[N2]-0',2011,1,52,7,1,3,0,1,'2,2,1'),(303,'HINS213[H2]-0',2011,1,52,7,1,3,0,1,'2,2,1'),(304,'HINS313[HP]-0',2011,1,52,7,1,3,0,1,'2,2,1'),(305,'EUC1110[X5]-0',2011,1,52,7,1,6,0,2,'2,2,1'),(306,'CCP1123[S1]-0',2011,1,52,7,1,3,0,1,'2,2,1'),(307,'CCP1120[J2]-0',2011,1,52,7,1,3,0,1,'2,2,1'),(308,'CCP1113[P1]-0',2011,1,52,7,1,3,0,1,'2,2,1'),(309,'CCP1110[P1]-0',2011,1,52,7,1,3,0,1,'2,2,1'),(310,'MIS2113[U8]-0',2011,1,52,8,1,4,0,2,'2,2,1'),(311,'Main',2011,1,52,1,1,1,89,2,'2,2,1'),(312,'Main',2011,1,52,1,1,1,23,2,'2,2,1'),(313,'Main',2011,1,52,1,1,1,78,2,'2,2,1');
/*!40000 ALTER TABLE `resource` ENABLE KEYS */;
UNLOCK TABLES;

--
-- Table structure for table `resourcepreferredvenue`
--

DROP TABLE IF EXISTS `resourcepreferredvenue`;
/*!40101 SET @saved_cs_client     = @@character_set_client */;
/*!40101 SET character_set_client = utf8 */;
CREATE TABLE `resourcepreferredvenue` (
  `ResourceID` int(11) NOT NULL,
  `VenueID` int(11) NOT NULL,
  `Rank` int(11) NOT NULL,
  PRIMARY KEY (`ResourceID`,`VenueID`),
  KEY `fk_Resource_has_Venue_Venue1` (`VenueID`),
  KEY `fk_Resource_has_Venue_Resource1` (`ResourceID`),
  CONSTRAINT `fk_Resource_has_Venue_Resource1` FOREIGN KEY (`ResourceID`) REFERENCES `resource` (`ID`) ON DELETE NO ACTION ON UPDATE NO ACTION,
  CONSTRAINT `fk_Resource_has_Venue_Venue1` FOREIGN KEY (`VenueID`) REFERENCES `venue` (`ID`) ON DELETE NO ACTION ON UPDATE NO ACTION
) ENGINE=InnoDB DEFAULT CHARSET=latin1;
/*!40101 SET character_set_client = @saved_cs_client */;

--
-- Dumping data for table `resourcepreferredvenue`
--

LOCK TABLES `resourcepreferredvenue` WRITE;
/*!40000 ALTER TABLE `resourcepreferredvenue` DISABLE KEYS */;
/*!40000 ALTER TABLE `resourcepreferredvenue` ENABLE KEYS */;
UNLOCK TABLES;

--
-- Table structure for table `resourceschedule`
--

DROP TABLE IF EXISTS `resourceschedule`;
/*!40101 SET @saved_cs_client     = @@character_set_client */;
/*!40101 SET character_set_client = utf8 */;
CREATE TABLE `resourceschedule` (
  `ID` int(11) NOT NULL AUTO_INCREMENT,
  `Year` int(11) NOT NULL,
  `Week` int(11) NOT NULL,
  `Day` int(11) NOT NULL,
  `timeSlotID` int(11) NOT NULL,
  `ResourceID` int(11) NOT NULL,
  PRIMARY KEY (`ID`),
  KEY `fk_ResourceSchedule_timeSlot1` (`timeSlotID`),
  KEY `fk_ResourceSchedule_Resource1` (`ResourceID`),
  CONSTRAINT `fk_ResourceSchedule_Resource1` FOREIGN KEY (`ResourceID`) REFERENCES `resource` (`ID`) ON DELETE NO ACTION ON UPDATE NO ACTION,
  CONSTRAINT `fk_ResourceSchedule_timeSlot1` FOREIGN KEY (`timeSlotID`) REFERENCES `timeslot` (`ID`) ON DELETE NO ACTION ON UPDATE NO ACTION
) ENGINE=InnoDB AUTO_INCREMENT=34642 DEFAULT CHARSET=latin1;
/*!40101 SET character_set_client = @saved_cs_client */;

--
-- Dumping data for table `resourceschedule`
--

LOCK TABLES `resourceschedule` WRITE;
/*!40000 ALTER TABLE `resourceschedule` DISABLE KEYS */;
INSERT INTO `resourceschedule` VALUES (29310,2011,22,2,1,263),(29311,2011,23,2,1,263),(29312,2011,24,2,1,263),(29313,2011,25,2,1,263),(29314,2011,26,2,1,263),(29315,2011,27,2,1,263),(29316,2011,28,2,1,263),(29317,2011,29,2,1,263),(29318,2011,30,2,1,263),(29319,2011,31,2,1,263),(29320,2011,32,2,1,263),(29321,2011,33,2,1,263),(29322,2011,34,2,1,263),(29323,2011,35,2,1,263),(29324,2011,36,2,1,263),(29325,2011,22,2,2,263),(29326,2011,23,2,2,263),(29327,2011,24,2,2,263),(29328,2011,25,2,2,263),(29329,2011,26,2,2,263),(29330,2011,27,2,2,263),(29331,2011,28,2,2,263),(29332,2011,29,2,2,263),(29333,2011,30,2,2,263),(29334,2011,31,2,2,263),(29335,2011,32,2,2,263),(29336,2011,33,2,2,263),(29337,2011,34,2,2,263),(29338,2011,35,2,2,263),(29339,2011,36,2,2,263),(29340,2011,22,4,1,263),(29341,2011,23,4,1,263),(29342,2011,24,4,1,263),(29343,2011,25,4,1,263),(29344,2011,26,4,1,263),(29345,2011,27,4,1,263),(29346,2011,28,4,1,263),(29347,2011,29,4,1,263),(29348,2011,30,4,1,263),(29349,2011,31,4,1,263),(29350,2011,32,4,1,263),(29351,2011,33,4,1,263),(29352,2011,34,4,1,263),(29353,2011,35,4,1,263),(29354,2011,36,4,1,263),(29355,2011,22,4,2,263),(29356,2011,23,4,2,263),(29357,2011,24,4,2,263),(29358,2011,25,4,2,263),(29359,2011,26,4,2,263),(29360,2011,27,4,2,263),(29361,2011,28,4,2,263),(29362,2011,29,4,2,263),(29363,2011,30,4,2,263),(29364,2011,31,4,2,263),(29365,2011,32,4,2,263),(29366,2011,33,4,2,263),(29367,2011,34,4,2,263),(29368,2011,35,4,2,263),(29369,2011,36,4,2,263),(29370,2011,37,2,1,263),(29371,2011,38,2,1,263),(29372,2011,39,2,1,263),(29373,2011,40,2,1,263),(29374,2011,41,2,1,263),(29375,2011,42,2,1,263),(29376,2011,43,2,1,263),(29377,2011,44,2,1,263),(29378,2011,45,2,1,263),(29379,2011,46,2,1,263),(29380,2011,47,2,1,263),(29381,2011,48,2,1,263),(29382,2011,49,2,1,263),(29383,2011,50,2,1,263),(29384,2011,51,2,1,263),(29385,2011,52,2,1,263),(29386,2011,37,2,2,263),(29387,2011,38,2,2,263),(29388,2011,39,2,2,263),(29389,2011,40,2,2,263),(29390,2011,41,2,2,263),(29391,2011,42,2,2,263),(29392,2011,43,2,2,263),(29393,2011,44,2,2,263),(29394,2011,45,2,2,263),(29395,2011,46,2,2,263),(29396,2011,47,2,2,263),(29397,2011,48,2,2,263),(29398,2011,49,2,2,263),(29399,2011,50,2,2,263),(29400,2011,51,2,2,263),(29401,2011,52,2,2,263),(29402,2011,37,4,1,263),(29403,2011,38,4,1,263),(29404,2011,39,4,1,263),(29405,2011,40,4,1,263),(29406,2011,41,4,1,263),(29407,2011,42,4,1,263),(29408,2011,43,4,1,263),(29409,2011,44,4,1,263),(29410,2011,45,4,1,263),(29411,2011,46,4,1,263),(29412,2011,47,4,1,263),(29413,2011,48,4,1,263),(29414,2011,49,4,1,263),(29415,2011,50,4,1,263),(29416,2011,51,4,1,263),(29417,2011,52,4,1,263),(29418,2011,37,4,2,263),(29419,2011,38,4,2,263),(29420,2011,39,4,2,263),(29421,2011,40,4,2,263),(29422,2011,41,4,2,263),(29423,2011,42,4,2,263),(29424,2011,43,4,2,263),(29425,2011,44,4,2,263),(29426,2011,45,4,2,263),(29427,2011,46,4,2,263),(29428,2011,47,4,2,263),(29429,2011,48,4,2,263),(29430,2011,49,4,2,263),(29431,2011,50,4,2,263),(29432,2011,51,4,2,263),(29433,2011,52,4,2,263),(29434,2011,22,2,3,264),(29435,2011,23,2,3,264),(29436,2011,24,2,3,264),(29437,2011,25,2,3,264),(29438,2011,26,2,3,264),(29439,2011,27,2,3,264),(29440,2011,28,2,3,264),(29441,2011,29,2,3,264),(29442,2011,30,2,3,264),(29443,2011,31,2,3,264),(29444,2011,32,2,3,264),(29445,2011,33,2,3,264),(29446,2011,34,2,3,264),(29447,2011,35,2,3,264),(29448,2011,36,2,3,264),(29449,2011,22,4,3,264),(29450,2011,23,4,3,264),(29451,2011,24,4,3,264),(29452,2011,25,4,3,264),(29453,2011,26,4,3,264),(29454,2011,27,4,3,264),(29455,2011,28,4,3,264),(29456,2011,29,4,3,264),(29457,2011,30,4,3,264),(29458,2011,31,4,3,264),(29459,2011,32,4,3,264),(29460,2011,33,4,3,264),(29461,2011,34,4,3,264),(29462,2011,35,4,3,264),(29463,2011,36,4,3,264),(29464,2011,22,3,1,264),(29465,2011,23,3,1,264),(29466,2011,24,3,1,264),(29467,2011,25,3,1,264),(29468,2011,26,3,1,264),(29469,2011,27,3,1,264),(29470,2011,28,3,1,264),(29471,2011,29,3,1,264),(29472,2011,30,3,1,264),(29473,2011,31,3,1,264),(29474,2011,32,3,1,264),(29475,2011,33,3,1,264),(29476,2011,34,3,1,264),(29477,2011,35,3,1,264),(29478,2011,36,3,1,264),(29479,2011,37,2,3,264),(29480,2011,38,2,3,264),(29481,2011,39,2,3,264),(29482,2011,40,2,3,264),(29483,2011,41,2,3,264),(29484,2011,42,2,3,264),(29485,2011,43,2,3,264),(29486,2011,44,2,3,264),(29487,2011,45,2,3,264),(29488,2011,46,2,3,264),(29489,2011,47,2,3,264),(29490,2011,48,2,3,264),(29491,2011,49,2,3,264),(29492,2011,50,2,3,264),(29493,2011,51,2,3,264),(29494,2011,52,2,3,264),(29495,2011,37,4,3,264),(29496,2011,38,4,3,264),(29497,2011,39,4,3,264),(29498,2011,40,4,3,264),(29499,2011,41,4,3,264),(29500,2011,42,4,3,264),(29501,2011,43,4,3,264),(29502,2011,44,4,3,264),(29503,2011,45,4,3,264),(29504,2011,46,4,3,264),(29505,2011,47,4,3,264),(29506,2011,48,4,3,264),(29507,2011,49,4,3,264),(29508,2011,50,4,3,264),(29509,2011,51,4,3,264),(29510,2011,52,4,3,264),(29511,2011,37,3,1,264),(29512,2011,38,3,1,264),(29513,2011,39,3,1,264),(29514,2011,40,3,1,264),(29515,2011,41,3,1,264),(29516,2011,42,3,1,264),(29517,2011,43,3,1,264),(29518,2011,44,3,1,264),(29519,2011,45,3,1,264),(29520,2011,46,3,1,264),(29521,2011,47,3,1,264),(29522,2011,48,3,1,264),(29523,2011,49,3,1,264),(29524,2011,50,3,1,264),(29525,2011,51,3,1,264),(29526,2011,52,3,1,264),(29527,2011,22,2,4,265),(29528,2011,23,2,4,265),(29529,2011,24,2,4,265),(29530,2011,25,2,4,265),(29531,2011,26,2,4,265),(29532,2011,27,2,4,265),(29533,2011,28,2,4,265),(29534,2011,29,2,4,265),(29535,2011,30,2,4,265),(29536,2011,31,2,4,265),(29537,2011,32,2,4,265),(29538,2011,33,2,4,265),(29539,2011,34,2,4,265),(29540,2011,35,2,4,265),(29541,2011,36,2,4,265),(29542,2011,22,4,4,265),(29543,2011,23,4,4,265),(29544,2011,24,4,4,265),(29545,2011,25,4,4,265),(29546,2011,26,4,4,265),(29547,2011,27,4,4,265),(29548,2011,28,4,4,265),(29549,2011,29,4,4,265),(29550,2011,30,4,4,265),(29551,2011,31,4,4,265),(29552,2011,32,4,4,265),(29553,2011,33,4,4,265),(29554,2011,34,4,4,265),(29555,2011,35,4,4,265),(29556,2011,36,4,4,265),(29557,2011,22,3,2,265),(29558,2011,23,3,2,265),(29559,2011,24,3,2,265),(29560,2011,25,3,2,265),(29561,2011,26,3,2,265),(29562,2011,27,3,2,265),(29563,2011,28,3,2,265),(29564,2011,29,3,2,265),(29565,2011,30,3,2,265),(29566,2011,31,3,2,265),(29567,2011,32,3,2,265),(29568,2011,33,3,2,265),(29569,2011,34,3,2,265),(29570,2011,35,3,2,265),(29571,2011,36,3,2,265),(29572,2011,37,2,4,265),(29573,2011,38,2,4,265),(29574,2011,39,2,4,265),(29575,2011,40,2,4,265),(29576,2011,41,2,4,265),(29577,2011,42,2,4,265),(29578,2011,43,2,4,265),(29579,2011,44,2,4,265),(29580,2011,45,2,4,265),(29581,2011,46,2,4,265),(29582,2011,47,2,4,265),(29583,2011,48,2,4,265),(29584,2011,49,2,4,265),(29585,2011,50,2,4,265),(29586,2011,51,2,4,265),(29587,2011,52,2,4,265),(29588,2011,37,4,4,265),(29589,2011,38,4,4,265),(29590,2011,39,4,4,265),(29591,2011,40,4,4,265),(29592,2011,41,4,4,265),(29593,2011,42,4,4,265),(29594,2011,43,4,4,265),(29595,2011,44,4,4,265),(29596,2011,45,4,4,265),(29597,2011,46,4,4,265),(29598,2011,47,4,4,265),(29599,2011,48,4,4,265),(29600,2011,49,4,4,265),(29601,2011,50,4,4,265),(29602,2011,51,4,4,265),(29603,2011,52,4,4,265),(29604,2011,37,3,2,265),(29605,2011,38,3,2,265),(29606,2011,39,3,2,265),(29607,2011,40,3,2,265),(29608,2011,41,3,2,265),(29609,2011,42,3,2,265),(29610,2011,43,3,2,265),(29611,2011,44,3,2,265),(29612,2011,45,3,2,265),(29613,2011,46,3,2,265),(29614,2011,47,3,2,265),(29615,2011,48,3,2,265),(29616,2011,49,3,2,265),(29617,2011,50,3,2,265),(29618,2011,51,3,2,265),(29619,2011,52,3,2,265),(29620,2011,22,2,5,266),(29621,2011,23,2,5,266),(29622,2011,24,2,5,266),(29623,2011,25,2,5,266),(29624,2011,26,2,5,266),(29625,2011,27,2,5,266),(29626,2011,28,2,5,266),(29627,2011,29,2,5,266),(29628,2011,30,2,5,266),(29629,2011,31,2,5,266),(29630,2011,32,2,5,266),(29631,2011,33,2,5,266),(29632,2011,34,2,5,266),(29633,2011,35,2,5,266),(29634,2011,36,2,5,266),(29635,2011,22,2,6,266),(29636,2011,23,2,6,266),(29637,2011,24,2,6,266),(29638,2011,25,2,6,266),(29639,2011,26,2,6,266),(29640,2011,27,2,6,266),(29641,2011,28,2,6,266),(29642,2011,29,2,6,266),(29643,2011,30,2,6,266),(29644,2011,31,2,6,266),(29645,2011,32,2,6,266),(29646,2011,33,2,6,266),(29647,2011,34,2,6,266),(29648,2011,35,2,6,266),(29649,2011,36,2,6,266),(29650,2011,22,4,5,266),(29651,2011,23,4,5,266),(29652,2011,24,4,5,266),(29653,2011,25,4,5,266),(29654,2011,26,4,5,266),(29655,2011,27,4,5,266),(29656,2011,28,4,5,266),(29657,2011,29,4,5,266),(29658,2011,30,4,5,266),(29659,2011,31,4,5,266),(29660,2011,32,4,5,266),(29661,2011,33,4,5,266),(29662,2011,34,4,5,266),(29663,2011,35,4,5,266),(29664,2011,36,4,5,266),(29665,2011,22,4,6,266),(29666,2011,23,4,6,266),(29667,2011,24,4,6,266),(29668,2011,25,4,6,266),(29669,2011,26,4,6,266),(29670,2011,27,4,6,266),(29671,2011,28,4,6,266),(29672,2011,29,4,6,266),(29673,2011,30,4,6,266),(29674,2011,31,4,6,266),(29675,2011,32,4,6,266),(29676,2011,33,4,6,266),(29677,2011,34,4,6,266),(29678,2011,35,4,6,266),(29679,2011,36,4,6,266),(29680,2011,22,3,3,266),(29681,2011,23,3,3,266),(29682,2011,24,3,3,266),(29683,2011,25,3,3,266),(29684,2011,26,3,3,266),(29685,2011,27,3,3,266),(29686,2011,28,3,3,266),(29687,2011,29,3,3,266),(29688,2011,30,3,3,266),(29689,2011,31,3,3,266),(29690,2011,32,3,3,266),(29691,2011,33,3,3,266),(29692,2011,34,3,3,266),(29693,2011,35,3,3,266),(29694,2011,36,3,3,266),(29695,2011,22,3,4,266),(29696,2011,23,3,4,266),(29697,2011,24,3,4,266),(29698,2011,25,3,4,266),(29699,2011,26,3,4,266),(29700,2011,27,3,4,266),(29701,2011,28,3,4,266),(29702,2011,29,3,4,266),(29703,2011,30,3,4,266),(29704,2011,31,3,4,266),(29705,2011,32,3,4,266),(29706,2011,33,3,4,266),(29707,2011,34,3,4,266),(29708,2011,35,3,4,266),(29709,2011,36,3,4,266),(29710,2011,37,2,5,266),(29711,2011,38,2,5,266),(29712,2011,39,2,5,266),(29713,2011,40,2,5,266),(29714,2011,41,2,5,266),(29715,2011,42,2,5,266),(29716,2011,43,2,5,266),(29717,2011,44,2,5,266),(29718,2011,45,2,5,266),(29719,2011,46,2,5,266),(29720,2011,47,2,5,266),(29721,2011,48,2,5,266),(29722,2011,49,2,5,266),(29723,2011,50,2,5,266),(29724,2011,51,2,5,266),(29725,2011,52,2,5,266),(29726,2011,37,2,6,266),(29727,2011,38,2,6,266),(29728,2011,39,2,6,266),(29729,2011,40,2,6,266),(29730,2011,41,2,6,266),(29731,2011,42,2,6,266),(29732,2011,43,2,6,266),(29733,2011,44,2,6,266),(29734,2011,45,2,6,266),(29735,2011,46,2,6,266),(29736,2011,47,2,6,266),(29737,2011,48,2,6,266),(29738,2011,49,2,6,266),(29739,2011,50,2,6,266),(29740,2011,51,2,6,266),(29741,2011,52,2,6,266),(29742,2011,37,4,5,266),(29743,2011,38,4,5,266),(29744,2011,39,4,5,266),(29745,2011,40,4,5,266),(29746,2011,41,4,5,266),(29747,2011,42,4,5,266),(29748,2011,43,4,5,266),(29749,2011,44,4,5,266),(29750,2011,45,4,5,266),(29751,2011,46,4,5,266),(29752,2011,47,4,5,266),(29753,2011,48,4,5,266),(29754,2011,49,4,5,266),(29755,2011,50,4,5,266),(29756,2011,51,4,5,266),(29757,2011,52,4,5,266),(29758,2011,37,4,6,266),(29759,2011,38,4,6,266),(29760,2011,39,4,6,266),(29761,2011,40,4,6,266),(29762,2011,41,4,6,266),(29763,2011,42,4,6,266),(29764,2011,43,4,6,266),(29765,2011,44,4,6,266),(29766,2011,45,4,6,266),(29767,2011,46,4,6,266),(29768,2011,47,4,6,266),(29769,2011,48,4,6,266),(29770,2011,49,4,6,266),(29771,2011,50,4,6,266),(29772,2011,51,4,6,266),(29773,2011,52,4,6,266),(29774,2011,37,3,3,266),(29775,2011,38,3,3,266),(29776,2011,39,3,3,266),(29777,2011,40,3,3,266),(29778,2011,41,3,3,266),(29779,2011,42,3,3,266),(29780,2011,43,3,3,266),(29781,2011,44,3,3,266),(29782,2011,45,3,3,266),(29783,2011,46,3,3,266),(29784,2011,47,3,3,266),(29785,2011,48,3,3,266),(29786,2011,49,3,3,266),(29787,2011,50,3,3,266),(29788,2011,51,3,3,266),(29789,2011,52,3,3,266),(29790,2011,37,3,4,266),(29791,2011,38,3,4,266),(29792,2011,39,3,4,266),(29793,2011,40,3,4,266),(29794,2011,41,3,4,266),(29795,2011,42,3,4,266),(29796,2011,43,3,4,266),(29797,2011,44,3,4,266),(29798,2011,45,3,4,266),(29799,2011,46,3,4,266),(29800,2011,47,3,4,266),(29801,2011,48,3,4,266),(29802,2011,49,3,4,266),(29803,2011,50,3,4,266),(29804,2011,51,3,4,266),(29805,2011,52,3,4,266),(29806,2011,22,2,1,267),(29807,2011,23,2,1,267),(29808,2011,24,2,1,267),(29809,2011,25,2,1,267),(29810,2011,26,2,1,267),(29811,2011,27,2,1,267),(29812,2011,28,2,1,267),(29813,2011,29,2,1,267),(29814,2011,30,2,1,267),(29815,2011,31,2,1,267),(29816,2011,32,2,1,267),(29817,2011,33,2,1,267),(29818,2011,34,2,1,267),(29819,2011,35,2,1,267),(29820,2011,36,2,1,267),(29821,2011,22,2,2,267),(29822,2011,23,2,2,267),(29823,2011,24,2,2,267),(29824,2011,25,2,2,267),(29825,2011,26,2,2,267),(29826,2011,27,2,2,267),(29827,2011,28,2,2,267),(29828,2011,29,2,2,267),(29829,2011,30,2,2,267),(29830,2011,31,2,2,267),(29831,2011,32,2,2,267),(29832,2011,33,2,2,267),(29833,2011,34,2,2,267),(29834,2011,35,2,2,267),(29835,2011,36,2,2,267),(29836,2011,22,4,1,267),(29837,2011,23,4,1,267),(29838,2011,24,4,1,267),(29839,2011,25,4,1,267),(29840,2011,26,4,1,267),(29841,2011,27,4,1,267),(29842,2011,28,4,1,267),(29843,2011,29,4,1,267),(29844,2011,30,4,1,267),(29845,2011,31,4,1,267),(29846,2011,32,4,1,267),(29847,2011,33,4,1,267),(29848,2011,34,4,1,267),(29849,2011,35,4,1,267),(29850,2011,36,4,1,267),(29851,2011,22,4,2,267),(29852,2011,23,4,2,267),(29853,2011,24,4,2,267),(29854,2011,25,4,2,267),(29855,2011,26,4,2,267),(29856,2011,27,4,2,267),(29857,2011,28,4,2,267),(29858,2011,29,4,2,267),(29859,2011,30,4,2,267),(29860,2011,31,4,2,267),(29861,2011,32,4,2,267),(29862,2011,33,4,2,267),(29863,2011,34,4,2,267),(29864,2011,35,4,2,267),(29865,2011,36,4,2,267),(29866,2011,37,2,1,267),(29867,2011,38,2,1,267),(29868,2011,39,2,1,267),(29869,2011,40,2,1,267),(29870,2011,41,2,1,267),(29871,2011,42,2,1,267),(29872,2011,43,2,1,267),(29873,2011,44,2,1,267),(29874,2011,45,2,1,267),(29875,2011,46,2,1,267),(29876,2011,47,2,1,267),(29877,2011,48,2,1,267),(29878,2011,49,2,1,267),(29879,2011,50,2,1,267),(29880,2011,51,2,1,267),(29881,2011,52,2,1,267),(29882,2011,37,2,2,267),(29883,2011,38,2,2,267),(29884,2011,39,2,2,267),(29885,2011,40,2,2,267),(29886,2011,41,2,2,267),(29887,2011,42,2,2,267),(29888,2011,43,2,2,267),(29889,2011,44,2,2,267),(29890,2011,45,2,2,267),(29891,2011,46,2,2,267),(29892,2011,47,2,2,267),(29893,2011,48,2,2,267),(29894,2011,49,2,2,267),(29895,2011,50,2,2,267),(29896,2011,51,2,2,267),(29897,2011,52,2,2,267),(29898,2011,37,4,1,267),(29899,2011,38,4,1,267),(29900,2011,39,4,1,267),(29901,2011,40,4,1,267),(29902,2011,41,4,1,267),(29903,2011,42,4,1,267),(29904,2011,43,4,1,267),(29905,2011,44,4,1,267),(29906,2011,45,4,1,267),(29907,2011,46,4,1,267),(29908,2011,47,4,1,267),(29909,2011,48,4,1,267),(29910,2011,49,4,1,267),(29911,2011,50,4,1,267),(29912,2011,51,4,1,267),(29913,2011,52,4,1,267),(29914,2011,37,4,2,267),(29915,2011,38,4,2,267),(29916,2011,39,4,2,267),(29917,2011,40,4,2,267),(29918,2011,41,4,2,267),(29919,2011,42,4,2,267),(29920,2011,43,4,2,267),(29921,2011,44,4,2,267),(29922,2011,45,4,2,267),(29923,2011,46,4,2,267),(29924,2011,47,4,2,267),(29925,2011,48,4,2,267),(29926,2011,49,4,2,267),(29927,2011,50,4,2,267),(29928,2011,51,4,2,267),(29929,2011,52,4,2,267),(29930,2011,22,2,1,269),(29931,2011,23,2,1,269),(29932,2011,24,2,1,269),(29933,2011,25,2,1,269),(29934,2011,26,2,1,269),(29935,2011,27,2,1,269),(29936,2011,28,2,1,269),(29937,2011,29,2,1,269),(29938,2011,30,2,1,269),(29939,2011,31,2,1,269),(29940,2011,32,2,1,269),(29941,2011,33,2,1,269),(29942,2011,34,2,1,269),(29943,2011,35,2,1,269),(29944,2011,36,2,1,269),(29945,2011,22,4,1,269),(29946,2011,23,4,1,269),(29947,2011,24,4,1,269),(29948,2011,25,4,1,269),(29949,2011,26,4,1,269),(29950,2011,27,4,1,269),(29951,2011,28,4,1,269),(29952,2011,29,4,1,269),(29953,2011,30,4,1,269),(29954,2011,31,4,1,269),(29955,2011,32,4,1,269),(29956,2011,33,4,1,269),(29957,2011,34,4,1,269),(29958,2011,35,4,1,269),(29959,2011,36,4,1,269),(29960,2011,22,3,1,269),(29961,2011,23,3,1,269),(29962,2011,24,3,1,269),(29963,2011,25,3,1,269),(29964,2011,26,3,1,269),(29965,2011,27,3,1,269),(29966,2011,28,3,1,269),(29967,2011,29,3,1,269),(29968,2011,30,3,1,269),(29969,2011,31,3,1,269),(29970,2011,32,3,1,269),(29971,2011,33,3,1,269),(29972,2011,34,3,1,269),(29973,2011,35,3,1,269),(29974,2011,36,3,1,269),(29975,2011,37,2,1,269),(29976,2011,38,2,1,269),(29977,2011,39,2,1,269),(29978,2011,40,2,1,269),(29979,2011,41,2,1,269),(29980,2011,42,2,1,269),(29981,2011,43,2,1,269),(29982,2011,44,2,1,269),(29983,2011,45,2,1,269),(29984,2011,46,2,1,269),(29985,2011,47,2,1,269),(29986,2011,48,2,1,269),(29987,2011,49,2,1,269),(29988,2011,50,2,1,269),(29989,2011,51,2,1,269),(29990,2011,52,2,1,269),(29991,2011,37,4,1,269),(29992,2011,38,4,1,269),(29993,2011,39,4,1,269),(29994,2011,40,4,1,269),(29995,2011,41,4,1,269),(29996,2011,42,4,1,269),(29997,2011,43,4,1,269),(29998,2011,44,4,1,269),(29999,2011,45,4,1,269),(30000,2011,46,4,1,269),(30001,2011,47,4,1,269),(30002,2011,48,4,1,269),(30003,2011,49,4,1,269),(30004,2011,50,4,1,269),(30005,2011,51,4,1,269),(30006,2011,52,4,1,269),(30007,2011,37,3,1,269),(30008,2011,38,3,1,269),(30009,2011,39,3,1,269),(30010,2011,40,3,1,269),(30011,2011,41,3,1,269),(30012,2011,42,3,1,269),(30013,2011,43,3,1,269),(30014,2011,44,3,1,269),(30015,2011,45,3,1,269),(30016,2011,46,3,1,269),(30017,2011,47,3,1,269),(30018,2011,48,3,1,269),(30019,2011,49,3,1,269),(30020,2011,50,3,1,269),(30021,2011,51,3,1,269),(30022,2011,52,3,1,269),(30023,2011,22,2,2,270),(30024,2011,23,2,2,270),(30025,2011,24,2,2,270),(30026,2011,25,2,2,270),(30027,2011,26,2,2,270),(30028,2011,27,2,2,270),(30029,2011,28,2,2,270),(30030,2011,29,2,2,270),(30031,2011,30,2,2,270),(30032,2011,31,2,2,270),(30033,2011,32,2,2,270),(30034,2011,33,2,2,270),(30035,2011,34,2,2,270),(30036,2011,35,2,2,270),(30037,2011,36,2,2,270),(30038,2011,22,4,2,270),(30039,2011,23,4,2,270),(30040,2011,24,4,2,270),(30041,2011,25,4,2,270),(30042,2011,26,4,2,270),(30043,2011,27,4,2,270),(30044,2011,28,4,2,270),(30045,2011,29,4,2,270),(30046,2011,30,4,2,270),(30047,2011,31,4,2,270),(30048,2011,32,4,2,270),(30049,2011,33,4,2,270),(30050,2011,34,4,2,270),(30051,2011,35,4,2,270),(30052,2011,36,4,2,270),(30053,2011,22,3,2,270),(30054,2011,23,3,2,270),(30055,2011,24,3,2,270),(30056,2011,25,3,2,270),(30057,2011,26,3,2,270),(30058,2011,27,3,2,270),(30059,2011,28,3,2,270),(30060,2011,29,3,2,270),(30061,2011,30,3,2,270),(30062,2011,31,3,2,270),(30063,2011,32,3,2,270),(30064,2011,33,3,2,270),(30065,2011,34,3,2,270),(30066,2011,35,3,2,270),(30067,2011,36,3,2,270),(30068,2011,37,2,2,270),(30069,2011,38,2,2,270),(30070,2011,39,2,2,270),(30071,2011,40,2,2,270),(30072,2011,41,2,2,270),(30073,2011,42,2,2,270),(30074,2011,43,2,2,270),(30075,2011,44,2,2,270),(30076,2011,45,2,2,270),(30077,2011,46,2,2,270),(30078,2011,47,2,2,270),(30079,2011,48,2,2,270),(30080,2011,49,2,2,270),(30081,2011,50,2,2,270),(30082,2011,51,2,2,270),(30083,2011,52,2,2,270),(30084,2011,37,4,2,270),(30085,2011,38,4,2,270),(30086,2011,39,4,2,270),(30087,2011,40,4,2,270),(30088,2011,41,4,2,270),(30089,2011,42,4,2,270),(30090,2011,43,4,2,270),(30091,2011,44,4,2,270),(30092,2011,45,4,2,270),(30093,2011,46,4,2,270),(30094,2011,47,4,2,270),(30095,2011,48,4,2,270),(30096,2011,49,4,2,270),(30097,2011,50,4,2,270),(30098,2011,51,4,2,270),(30099,2011,52,4,2,270),(30100,2011,37,3,2,270),(30101,2011,38,3,2,270),(30102,2011,39,3,2,270),(30103,2011,40,3,2,270),(30104,2011,41,3,2,270),(30105,2011,42,3,2,270),(30106,2011,43,3,2,270),(30107,2011,44,3,2,270),(30108,2011,45,3,2,270),(30109,2011,46,3,2,270),(30110,2011,47,3,2,270),(30111,2011,48,3,2,270),(30112,2011,49,3,2,270),(30113,2011,50,3,2,270),(30114,2011,51,3,2,270),(30115,2011,52,3,2,270),(30116,2011,22,2,3,271),(30117,2011,23,2,3,271),(30118,2011,24,2,3,271),(30119,2011,25,2,3,271),(30120,2011,26,2,3,271),(30121,2011,27,2,3,271),(30122,2011,28,2,3,271),(30123,2011,29,2,3,271),(30124,2011,30,2,3,271),(30125,2011,31,2,3,271),(30126,2011,32,2,3,271),(30127,2011,33,2,3,271),(30128,2011,34,2,3,271),(30129,2011,35,2,3,271),(30130,2011,36,2,3,271),(30131,2011,22,4,3,271),(30132,2011,23,4,3,271),(30133,2011,24,4,3,271),(30134,2011,25,4,3,271),(30135,2011,26,4,3,271),(30136,2011,27,4,3,271),(30137,2011,28,4,3,271),(30138,2011,29,4,3,271),(30139,2011,30,4,3,271),(30140,2011,31,4,3,271),(30141,2011,32,4,3,271),(30142,2011,33,4,3,271),(30143,2011,34,4,3,271),(30144,2011,35,4,3,271),(30145,2011,36,4,3,271),(30146,2011,22,3,3,271),(30147,2011,23,3,3,271),(30148,2011,24,3,3,271),(30149,2011,25,3,3,271),(30150,2011,26,3,3,271),(30151,2011,27,3,3,271),(30152,2011,28,3,3,271),(30153,2011,29,3,3,271),(30154,2011,30,3,3,271),(30155,2011,31,3,3,271),(30156,2011,32,3,3,271),(30157,2011,33,3,3,271),(30158,2011,34,3,3,271),(30159,2011,35,3,3,271),(30160,2011,36,3,3,271),(30161,2011,37,2,3,271),(30162,2011,38,2,3,271),(30163,2011,39,2,3,271),(30164,2011,40,2,3,271),(30165,2011,41,2,3,271),(30166,2011,42,2,3,271),(30167,2011,43,2,3,271),(30168,2011,44,2,3,271),(30169,2011,45,2,3,271),(30170,2011,46,2,3,271),(30171,2011,47,2,3,271),(30172,2011,48,2,3,271),(30173,2011,49,2,3,271),(30174,2011,50,2,3,271),(30175,2011,51,2,3,271),(30176,2011,52,2,3,271),(30177,2011,37,4,3,271),(30178,2011,38,4,3,271),(30179,2011,39,4,3,271),(30180,2011,40,4,3,271),(30181,2011,41,4,3,271),(30182,2011,42,4,3,271),(30183,2011,43,4,3,271),(30184,2011,44,4,3,271),(30185,2011,45,4,3,271),(30186,2011,46,4,3,271),(30187,2011,47,4,3,271),(30188,2011,48,4,3,271),(30189,2011,49,4,3,271),(30190,2011,50,4,3,271),(30191,2011,51,4,3,271),(30192,2011,52,4,3,271),(30193,2011,37,3,3,271),(30194,2011,38,3,3,271),(30195,2011,39,3,3,271),(30196,2011,40,3,3,271),(30197,2011,41,3,3,271),(30198,2011,42,3,3,271),(30199,2011,43,3,3,271),(30200,2011,44,3,3,271),(30201,2011,45,3,3,271),(30202,2011,46,3,3,271),(30203,2011,47,3,3,271),(30204,2011,48,3,3,271),(30205,2011,49,3,3,271),(30206,2011,50,3,3,271),(30207,2011,51,3,3,271),(30208,2011,52,3,3,271),(30209,2011,22,2,4,272),(30210,2011,23,2,4,272),(30211,2011,24,2,4,272),(30212,2011,25,2,4,272),(30213,2011,26,2,4,272),(30214,2011,27,2,4,272),(30215,2011,28,2,4,272),(30216,2011,29,2,4,272),(30217,2011,30,2,4,272),(30218,2011,31,2,4,272),(30219,2011,32,2,4,272),(30220,2011,33,2,4,272),(30221,2011,34,2,4,272),(30222,2011,35,2,4,272),(30223,2011,36,2,4,272),(30224,2011,22,4,4,272),(30225,2011,23,4,4,272),(30226,2011,24,4,4,272),(30227,2011,25,4,4,272),(30228,2011,26,4,4,272),(30229,2011,27,4,4,272),(30230,2011,28,4,4,272),(30231,2011,29,4,4,272),(30232,2011,30,4,4,272),(30233,2011,31,4,4,272),(30234,2011,32,4,4,272),(30235,2011,33,4,4,272),(30236,2011,34,4,4,272),(30237,2011,35,4,4,272),(30238,2011,36,4,4,272),(30239,2011,22,3,4,272),(30240,2011,23,3,4,272),(30241,2011,24,3,4,272),(30242,2011,25,3,4,272),(30243,2011,26,3,4,272),(30244,2011,27,3,4,272),(30245,2011,28,3,4,272),(30246,2011,29,3,4,272),(30247,2011,30,3,4,272),(30248,2011,31,3,4,272),(30249,2011,32,3,4,272),(30250,2011,33,3,4,272),(30251,2011,34,3,4,272),(30252,2011,35,3,4,272),(30253,2011,36,3,4,272),(30254,2011,37,2,4,272),(30255,2011,38,2,4,272),(30256,2011,39,2,4,272),(30257,2011,40,2,4,272),(30258,2011,41,2,4,272),(30259,2011,42,2,4,272),(30260,2011,43,2,4,272),(30261,2011,44,2,4,272),(30262,2011,45,2,4,272),(30263,2011,46,2,4,272),(30264,2011,47,2,4,272),(30265,2011,48,2,4,272),(30266,2011,49,2,4,272),(30267,2011,50,2,4,272),(30268,2011,51,2,4,272),(30269,2011,52,2,4,272),(30270,2011,37,4,4,272),(30271,2011,38,4,4,272),(30272,2011,39,4,4,272),(30273,2011,40,4,4,272),(30274,2011,41,4,4,272),(30275,2011,42,4,4,272),(30276,2011,43,4,4,272),(30277,2011,44,4,4,272),(30278,2011,45,4,4,272),(30279,2011,46,4,4,272),(30280,2011,47,4,4,272),(30281,2011,48,4,4,272),(30282,2011,49,4,4,272),(30283,2011,50,4,4,272),(30284,2011,51,4,4,272),(30285,2011,52,4,4,272),(30286,2011,37,3,4,272),(30287,2011,38,3,4,272),(30288,2011,39,3,4,272),(30289,2011,40,3,4,272),(30290,2011,41,3,4,272),(30291,2011,42,3,4,272),(30292,2011,43,3,4,272),(30293,2011,44,3,4,272),(30294,2011,45,3,4,272),(30295,2011,46,3,4,272),(30296,2011,47,3,4,272),(30297,2011,48,3,4,272),(30298,2011,49,3,4,272),(30299,2011,50,3,4,272),(30300,2011,51,3,4,272),(30301,2011,52,3,4,272),(30302,2011,22,2,1,274),(30303,2011,23,2,1,274),(30304,2011,24,2,1,274),(30305,2011,25,2,1,274),(30306,2011,26,2,1,274),(30307,2011,27,2,1,274),(30308,2011,28,2,1,274),(30309,2011,29,2,1,274),(30310,2011,30,2,1,274),(30311,2011,31,2,1,274),(30312,2011,32,2,1,274),(30313,2011,33,2,1,274),(30314,2011,34,2,1,274),(30315,2011,35,2,1,274),(30316,2011,36,2,1,274),(30317,2011,22,2,2,274),(30318,2011,23,2,2,274),(30319,2011,24,2,2,274),(30320,2011,25,2,2,274),(30321,2011,26,2,2,274),(30322,2011,27,2,2,274),(30323,2011,28,2,2,274),(30324,2011,29,2,2,274),(30325,2011,30,2,2,274),(30326,2011,31,2,2,274),(30327,2011,32,2,2,274),(30328,2011,33,2,2,274),(30329,2011,34,2,2,274),(30330,2011,35,2,2,274),(30331,2011,36,2,2,274),(30332,2011,22,4,1,274),(30333,2011,23,4,1,274),(30334,2011,24,4,1,274),(30335,2011,25,4,1,274),(30336,2011,26,4,1,274),(30337,2011,27,4,1,274),(30338,2011,28,4,1,274),(30339,2011,29,4,1,274),(30340,2011,30,4,1,274),(30341,2011,31,4,1,274),(30342,2011,32,4,1,274),(30343,2011,33,4,1,274),(30344,2011,34,4,1,274),(30345,2011,35,4,1,274),(30346,2011,36,4,1,274),(30347,2011,22,4,2,274),(30348,2011,23,4,2,274),(30349,2011,24,4,2,274),(30350,2011,25,4,2,274),(30351,2011,26,4,2,274),(30352,2011,27,4,2,274),(30353,2011,28,4,2,274),(30354,2011,29,4,2,274),(30355,2011,30,4,2,274),(30356,2011,31,4,2,274),(30357,2011,32,4,2,274),(30358,2011,33,4,2,274),(30359,2011,34,4,2,274),(30360,2011,35,4,2,274),(30361,2011,36,4,2,274),(30362,2011,22,3,1,274),(30363,2011,23,3,1,274),(30364,2011,24,3,1,274),(30365,2011,25,3,1,274),(30366,2011,26,3,1,274),(30367,2011,27,3,1,274),(30368,2011,28,3,1,274),(30369,2011,29,3,1,274),(30370,2011,30,3,1,274),(30371,2011,31,3,1,274),(30372,2011,32,3,1,274),(30373,2011,33,3,1,274),(30374,2011,34,3,1,274),(30375,2011,35,3,1,274),(30376,2011,36,3,1,274),(30377,2011,37,2,1,274),(30378,2011,38,2,1,274),(30379,2011,39,2,1,274),(30380,2011,40,2,1,274),(30381,2011,41,2,1,274),(30382,2011,42,2,1,274),(30383,2011,43,2,1,274),(30384,2011,44,2,1,274),(30385,2011,45,2,1,274),(30386,2011,46,2,1,274),(30387,2011,47,2,1,274),(30388,2011,48,2,1,274),(30389,2011,49,2,1,274),(30390,2011,50,2,1,274),(30391,2011,51,2,1,274),(30392,2011,52,2,1,274),(30393,2011,37,2,2,274),(30394,2011,38,2,2,274),(30395,2011,39,2,2,274),(30396,2011,40,2,2,274),(30397,2011,41,2,2,274),(30398,2011,42,2,2,274),(30399,2011,43,2,2,274),(30400,2011,44,2,2,274),(30401,2011,45,2,2,274),(30402,2011,46,2,2,274),(30403,2011,47,2,2,274),(30404,2011,48,2,2,274),(30405,2011,49,2,2,274),(30406,2011,50,2,2,274),(30407,2011,51,2,2,274),(30408,2011,52,2,2,274),(30409,2011,37,4,1,274),(30410,2011,38,4,1,274),(30411,2011,39,4,1,274),(30412,2011,40,4,1,274),(30413,2011,41,4,1,274),(30414,2011,42,4,1,274),(30415,2011,43,4,1,274),(30416,2011,44,4,1,274),(30417,2011,45,4,1,274),(30418,2011,46,4,1,274),(30419,2011,47,4,1,274),(30420,2011,48,4,1,274),(30421,2011,49,4,1,274),(30422,2011,50,4,1,274),(30423,2011,51,4,1,274),(30424,2011,52,4,1,274),(30425,2011,37,4,2,274),(30426,2011,38,4,2,274),(30427,2011,39,4,2,274),(30428,2011,40,4,2,274),(30429,2011,41,4,2,274),(30430,2011,42,4,2,274),(30431,2011,43,4,2,274),(30432,2011,44,4,2,274),(30433,2011,45,4,2,274),(30434,2011,46,4,2,274),(30435,2011,47,4,2,274),(30436,2011,48,4,2,274),(30437,2011,49,4,2,274),(30438,2011,50,4,2,274),(30439,2011,51,4,2,274),(30440,2011,52,4,2,274),(30441,2011,37,3,1,274),(30442,2011,38,3,1,274),(30443,2011,39,3,1,274),(30444,2011,40,3,1,274),(30445,2011,41,3,1,274),(30446,2011,42,3,1,274),(30447,2011,43,3,1,274),(30448,2011,44,3,1,274),(30449,2011,45,3,1,274),(30450,2011,46,3,1,274),(30451,2011,47,3,1,274),(30452,2011,48,3,1,274),(30453,2011,49,3,1,274),(30454,2011,50,3,1,274),(30455,2011,51,3,1,274),(30456,2011,52,3,1,274),(30457,2011,22,2,3,275),(30458,2011,23,2,3,275),(30459,2011,24,2,3,275),(30460,2011,25,2,3,275),(30461,2011,26,2,3,275),(30462,2011,27,2,3,275),(30463,2011,28,2,3,275),(30464,2011,29,2,3,275),(30465,2011,30,2,3,275),(30466,2011,31,2,3,275),(30467,2011,32,2,3,275),(30468,2011,33,2,3,275),(30469,2011,34,2,3,275),(30470,2011,35,2,3,275),(30471,2011,36,2,3,275),(30472,2011,22,2,4,275),(30473,2011,23,2,4,275),(30474,2011,24,2,4,275),(30475,2011,25,2,4,275),(30476,2011,26,2,4,275),(30477,2011,27,2,4,275),(30478,2011,28,2,4,275),(30479,2011,29,2,4,275),(30480,2011,30,2,4,275),(30481,2011,31,2,4,275),(30482,2011,32,2,4,275),(30483,2011,33,2,4,275),(30484,2011,34,2,4,275),(30485,2011,35,2,4,275),(30486,2011,36,2,4,275),(30487,2011,22,4,3,275),(30488,2011,23,4,3,275),(30489,2011,24,4,3,275),(30490,2011,25,4,3,275),(30491,2011,26,4,3,275),(30492,2011,27,4,3,275),(30493,2011,28,4,3,275),(30494,2011,29,4,3,275),(30495,2011,30,4,3,275),(30496,2011,31,4,3,275),(30497,2011,32,4,3,275),(30498,2011,33,4,3,275),(30499,2011,34,4,3,275),(30500,2011,35,4,3,275),(30501,2011,36,4,3,275),(30502,2011,22,4,4,275),(30503,2011,23,4,4,275),(30504,2011,24,4,4,275),(30505,2011,25,4,4,275),(30506,2011,26,4,4,275),(30507,2011,27,4,4,275),(30508,2011,28,4,4,275),(30509,2011,29,4,4,275),(30510,2011,30,4,4,275),(30511,2011,31,4,4,275),(30512,2011,32,4,4,275),(30513,2011,33,4,4,275),(30514,2011,34,4,4,275),(30515,2011,35,4,4,275),(30516,2011,36,4,4,275),(30517,2011,22,3,2,275),(30518,2011,23,3,2,275),(30519,2011,24,3,2,275),(30520,2011,25,3,2,275),(30521,2011,26,3,2,275),(30522,2011,27,3,2,275),(30523,2011,28,3,2,275),(30524,2011,29,3,2,275),(30525,2011,30,3,2,275),(30526,2011,31,3,2,275),(30527,2011,32,3,2,275),(30528,2011,33,3,2,275),(30529,2011,34,3,2,275),(30530,2011,35,3,2,275),(30531,2011,36,3,2,275),(30532,2011,37,2,3,275),(30533,2011,38,2,3,275),(30534,2011,39,2,3,275),(30535,2011,40,2,3,275),(30536,2011,41,2,3,275),(30537,2011,42,2,3,275),(30538,2011,43,2,3,275),(30539,2011,44,2,3,275),(30540,2011,45,2,3,275),(30541,2011,46,2,3,275),(30542,2011,47,2,3,275),(30543,2011,48,2,3,275),(30544,2011,49,2,3,275),(30545,2011,50,2,3,275),(30546,2011,51,2,3,275),(30547,2011,52,2,3,275),(30548,2011,37,2,4,275),(30549,2011,38,2,4,275),(30550,2011,39,2,4,275),(30551,2011,40,2,4,275),(30552,2011,41,2,4,275),(30553,2011,42,2,4,275),(30554,2011,43,2,4,275),(30555,2011,44,2,4,275),(30556,2011,45,2,4,275),(30557,2011,46,2,4,275),(30558,2011,47,2,4,275),(30559,2011,48,2,4,275),(30560,2011,49,2,4,275),(30561,2011,50,2,4,275),(30562,2011,51,2,4,275),(30563,2011,52,2,4,275),(30564,2011,37,4,3,275),(30565,2011,38,4,3,275),(30566,2011,39,4,3,275),(30567,2011,40,4,3,275),(30568,2011,41,4,3,275),(30569,2011,42,4,3,275),(30570,2011,43,4,3,275),(30571,2011,44,4,3,275),(30572,2011,45,4,3,275),(30573,2011,46,4,3,275),(30574,2011,47,4,3,275),(30575,2011,48,4,3,275),(30576,2011,49,4,3,275),(30577,2011,50,4,3,275),(30578,2011,51,4,3,275),(30579,2011,52,4,3,275),(30580,2011,37,4,4,275),(30581,2011,38,4,4,275),(30582,2011,39,4,4,275),(30583,2011,40,4,4,275),(30584,2011,41,4,4,275),(30585,2011,42,4,4,275),(30586,2011,43,4,4,275),(30587,2011,44,4,4,275),(30588,2011,45,4,4,275),(30589,2011,46,4,4,275),(30590,2011,47,4,4,275),(30591,2011,48,4,4,275),(30592,2011,49,4,4,275),(30593,2011,50,4,4,275),(30594,2011,51,4,4,275),(30595,2011,52,4,4,275),(30596,2011,37,3,2,275),(30597,2011,38,3,2,275),(30598,2011,39,3,2,275),(30599,2011,40,3,2,275),(30600,2011,41,3,2,275),(30601,2011,42,3,2,275),(30602,2011,43,3,2,275),(30603,2011,44,3,2,275),(30604,2011,45,3,2,275),(30605,2011,46,3,2,275),(30606,2011,47,3,2,275),(30607,2011,48,3,2,275),(30608,2011,49,3,2,275),(30609,2011,50,3,2,275),(30610,2011,51,3,2,275),(30611,2011,52,3,2,275),(30612,2011,22,2,5,276),(30613,2011,23,2,5,276),(30614,2011,24,2,5,276),(30615,2011,25,2,5,276),(30616,2011,26,2,5,276),(30617,2011,27,2,5,276),(30618,2011,28,2,5,276),(30619,2011,29,2,5,276),(30620,2011,30,2,5,276),(30621,2011,31,2,5,276),(30622,2011,32,2,5,276),(30623,2011,33,2,5,276),(30624,2011,34,2,5,276),(30625,2011,35,2,5,276),(30626,2011,36,2,5,276),(30627,2011,22,2,6,276),(30628,2011,23,2,6,276),(30629,2011,24,2,6,276),(30630,2011,25,2,6,276),(30631,2011,26,2,6,276),(30632,2011,27,2,6,276),(30633,2011,28,2,6,276),(30634,2011,29,2,6,276),(30635,2011,30,2,6,276),(30636,2011,31,2,6,276),(30637,2011,32,2,6,276),(30638,2011,33,2,6,276),(30639,2011,34,2,6,276),(30640,2011,35,2,6,276),(30641,2011,36,2,6,276),(30642,2011,22,4,5,276),(30643,2011,23,4,5,276),(30644,2011,24,4,5,276),(30645,2011,25,4,5,276),(30646,2011,26,4,5,276),(30647,2011,27,4,5,276),(30648,2011,28,4,5,276),(30649,2011,29,4,5,276),(30650,2011,30,4,5,276),(30651,2011,31,4,5,276),(30652,2011,32,4,5,276),(30653,2011,33,4,5,276),(30654,2011,34,4,5,276),(30655,2011,35,4,5,276),(30656,2011,36,4,5,276),(30657,2011,22,4,6,276),(30658,2011,23,4,6,276),(30659,2011,24,4,6,276),(30660,2011,25,4,6,276),(30661,2011,26,4,6,276),(30662,2011,27,4,6,276),(30663,2011,28,4,6,276),(30664,2011,29,4,6,276),(30665,2011,30,4,6,276),(30666,2011,31,4,6,276),(30667,2011,32,4,6,276),(30668,2011,33,4,6,276),(30669,2011,34,4,6,276),(30670,2011,35,4,6,276),(30671,2011,36,4,6,276),(30672,2011,22,3,3,276),(30673,2011,23,3,3,276),(30674,2011,24,3,3,276),(30675,2011,25,3,3,276),(30676,2011,26,3,3,276),(30677,2011,27,3,3,276),(30678,2011,28,3,3,276),(30679,2011,29,3,3,276),(30680,2011,30,3,3,276),(30681,2011,31,3,3,276),(30682,2011,32,3,3,276),(30683,2011,33,3,3,276),(30684,2011,34,3,3,276),(30685,2011,35,3,3,276),(30686,2011,36,3,3,276),(30687,2011,22,3,4,276),(30688,2011,23,3,4,276),(30689,2011,24,3,4,276),(30690,2011,25,3,4,276),(30691,2011,26,3,4,276),(30692,2011,27,3,4,276),(30693,2011,28,3,4,276),(30694,2011,29,3,4,276),(30695,2011,30,3,4,276),(30696,2011,31,3,4,276),(30697,2011,32,3,4,276),(30698,2011,33,3,4,276),(30699,2011,34,3,4,276),(30700,2011,35,3,4,276),(30701,2011,36,3,4,276),(30702,2011,37,2,5,276),(30703,2011,38,2,5,276),(30704,2011,39,2,5,276),(30705,2011,40,2,5,276),(30706,2011,41,2,5,276),(30707,2011,42,2,5,276),(30708,2011,43,2,5,276),(30709,2011,44,2,5,276),(30710,2011,45,2,5,276),(30711,2011,46,2,5,276),(30712,2011,47,2,5,276),(30713,2011,48,2,5,276),(30714,2011,49,2,5,276),(30715,2011,50,2,5,276),(30716,2011,51,2,5,276),(30717,2011,52,2,5,276),(30718,2011,37,2,6,276),(30719,2011,38,2,6,276),(30720,2011,39,2,6,276),(30721,2011,40,2,6,276),(30722,2011,41,2,6,276),(30723,2011,42,2,6,276),(30724,2011,43,2,6,276),(30725,2011,44,2,6,276),(30726,2011,45,2,6,276),(30727,2011,46,2,6,276),(30728,2011,47,2,6,276),(30729,2011,48,2,6,276),(30730,2011,49,2,6,276),(30731,2011,50,2,6,276),(30732,2011,51,2,6,276),(30733,2011,52,2,6,276),(30734,2011,37,4,5,276),(30735,2011,38,4,5,276),(30736,2011,39,4,5,276),(30737,2011,40,4,5,276),(30738,2011,41,4,5,276),(30739,2011,42,4,5,276),(30740,2011,43,4,5,276),(30741,2011,44,4,5,276),(30742,2011,45,4,5,276),(30743,2011,46,4,5,276),(30744,2011,47,4,5,276),(30745,2011,48,4,5,276),(30746,2011,49,4,5,276),(30747,2011,50,4,5,276),(30748,2011,51,4,5,276),(30749,2011,52,4,5,276),(30750,2011,37,4,6,276),(30751,2011,38,4,6,276),(30752,2011,39,4,6,276),(30753,2011,40,4,6,276),(30754,2011,41,4,6,276),(30755,2011,42,4,6,276),(30756,2011,43,4,6,276),(30757,2011,44,4,6,276),(30758,2011,45,4,6,276),(30759,2011,46,4,6,276),(30760,2011,47,4,6,276),(30761,2011,48,4,6,276),(30762,2011,49,4,6,276),(30763,2011,50,4,6,276),(30764,2011,51,4,6,276),(30765,2011,52,4,6,276),(30766,2011,37,3,3,276),(30767,2011,38,3,3,276),(30768,2011,39,3,3,276),(30769,2011,40,3,3,276),(30770,2011,41,3,3,276),(30771,2011,42,3,3,276),(30772,2011,43,3,3,276),(30773,2011,44,3,3,276),(30774,2011,45,3,3,276),(30775,2011,46,3,3,276),(30776,2011,47,3,3,276),(30777,2011,48,3,3,276),(30778,2011,49,3,3,276),(30779,2011,50,3,3,276),(30780,2011,51,3,3,276),(30781,2011,52,3,3,276),(30782,2011,37,3,4,276),(30783,2011,38,3,4,276),(30784,2011,39,3,4,276),(30785,2011,40,3,4,276),(30786,2011,41,3,4,276),(30787,2011,42,3,4,276),(30788,2011,43,3,4,276),(30789,2011,44,3,4,276),(30790,2011,45,3,4,276),(30791,2011,46,3,4,276),(30792,2011,47,3,4,276),(30793,2011,48,3,4,276),(30794,2011,49,3,4,276),(30795,2011,50,3,4,276),(30796,2011,51,3,4,276),(30797,2011,52,3,4,276),(30798,2011,22,2,1,277),(30799,2011,23,2,1,277),(30800,2011,24,2,1,277),(30801,2011,25,2,1,277),(30802,2011,26,2,1,277),(30803,2011,27,2,1,277),(30804,2011,28,2,1,277),(30805,2011,29,2,1,277),(30806,2011,30,2,1,277),(30807,2011,31,2,1,277),(30808,2011,32,2,1,277),(30809,2011,33,2,1,277),(30810,2011,34,2,1,277),(30811,2011,35,2,1,277),(30812,2011,36,2,1,277),(30813,2011,22,4,1,277),(30814,2011,23,4,1,277),(30815,2011,24,4,1,277),(30816,2011,25,4,1,277),(30817,2011,26,4,1,277),(30818,2011,27,4,1,277),(30819,2011,28,4,1,277),(30820,2011,29,4,1,277),(30821,2011,30,4,1,277),(30822,2011,31,4,1,277),(30823,2011,32,4,1,277),(30824,2011,33,4,1,277),(30825,2011,34,4,1,277),(30826,2011,35,4,1,277),(30827,2011,36,4,1,277),(30828,2011,22,3,5,277),(30829,2011,23,3,5,277),(30830,2011,24,3,5,277),(30831,2011,25,3,5,277),(30832,2011,26,3,5,277),(30833,2011,27,3,5,277),(30834,2011,28,3,5,277),(30835,2011,29,3,5,277),(30836,2011,30,3,5,277),(30837,2011,31,3,5,277),(30838,2011,32,3,5,277),(30839,2011,33,3,5,277),(30840,2011,34,3,5,277),(30841,2011,35,3,5,277),(30842,2011,36,3,5,277),(30843,2011,37,2,1,277),(30844,2011,38,2,1,277),(30845,2011,39,2,1,277),(30846,2011,40,2,1,277),(30847,2011,41,2,1,277),(30848,2011,42,2,1,277),(30849,2011,43,2,1,277),(30850,2011,44,2,1,277),(30851,2011,45,2,1,277),(30852,2011,46,2,1,277),(30853,2011,47,2,1,277),(30854,2011,48,2,1,277),(30855,2011,49,2,1,277),(30856,2011,50,2,1,277),(30857,2011,51,2,1,277),(30858,2011,52,2,1,277),(30859,2011,37,4,1,277),(30860,2011,38,4,1,277),(30861,2011,39,4,1,277),(30862,2011,40,4,1,277),(30863,2011,41,4,1,277),(30864,2011,42,4,1,277),(30865,2011,43,4,1,277),(30866,2011,44,4,1,277),(30867,2011,45,4,1,277),(30868,2011,46,4,1,277),(30869,2011,47,4,1,277),(30870,2011,48,4,1,277),(30871,2011,49,4,1,277),(30872,2011,50,4,1,277),(30873,2011,51,4,1,277),(30874,2011,52,4,1,277),(30875,2011,37,3,5,277),(30876,2011,38,3,5,277),(30877,2011,39,3,5,277),(30878,2011,40,3,5,277),(30879,2011,41,3,5,277),(30880,2011,42,3,5,277),(30881,2011,43,3,5,277),(30882,2011,44,3,5,277),(30883,2011,45,3,5,277),(30884,2011,46,3,5,277),(30885,2011,47,3,5,277),(30886,2011,48,3,5,277),(30887,2011,49,3,5,277),(30888,2011,50,3,5,277),(30889,2011,51,3,5,277),(30890,2011,52,3,5,277),(30891,2011,22,2,2,295),(30892,2011,23,2,2,295),(30893,2011,24,2,2,295),(30894,2011,25,2,2,295),(30895,2011,26,2,2,295),(30896,2011,27,2,2,295),(30897,2011,28,2,2,295),(30898,2011,29,2,2,295),(30899,2011,30,2,2,295),(30900,2011,31,2,2,295),(30901,2011,32,2,2,295),(30902,2011,33,2,2,295),(30903,2011,34,2,2,295),(30904,2011,35,2,2,295),(30905,2011,36,2,2,295),(30906,2011,22,4,2,295),(30907,2011,23,4,2,295),(30908,2011,24,4,2,295),(30909,2011,25,4,2,295),(30910,2011,26,4,2,295),(30911,2011,27,4,2,295),(30912,2011,28,4,2,295),(30913,2011,29,4,2,295),(30914,2011,30,4,2,295),(30915,2011,31,4,2,295),(30916,2011,32,4,2,295),(30917,2011,33,4,2,295),(30918,2011,34,4,2,295),(30919,2011,35,4,2,295),(30920,2011,36,4,2,295),(30921,2011,22,3,6,295),(30922,2011,23,3,6,295),(30923,2011,24,3,6,295),(30924,2011,25,3,6,295),(30925,2011,26,3,6,295),(30926,2011,27,3,6,295),(30927,2011,28,3,6,295),(30928,2011,29,3,6,295),(30929,2011,30,3,6,295),(30930,2011,31,3,6,295),(30931,2011,32,3,6,295),(30932,2011,33,3,6,295),(30933,2011,34,3,6,295),(30934,2011,35,3,6,295),(30935,2011,36,3,6,295),(30936,2011,37,2,2,295),(30937,2011,38,2,2,295),(30938,2011,39,2,2,295),(30939,2011,40,2,2,295),(30940,2011,41,2,2,295),(30941,2011,42,2,2,295),(30942,2011,43,2,2,295),(30943,2011,44,2,2,295),(30944,2011,45,2,2,295),(30945,2011,46,2,2,295),(30946,2011,47,2,2,295),(30947,2011,48,2,2,295),(30948,2011,49,2,2,295),(30949,2011,50,2,2,295),(30950,2011,51,2,2,295),(30951,2011,52,2,2,295),(30952,2011,37,4,2,295),(30953,2011,38,4,2,295),(30954,2011,39,4,2,295),(30955,2011,40,4,2,295),(30956,2011,41,4,2,295),(30957,2011,42,4,2,295),(30958,2011,43,4,2,295),(30959,2011,44,4,2,295),(30960,2011,45,4,2,295),(30961,2011,46,4,2,295),(30962,2011,47,4,2,295),(30963,2011,48,4,2,295),(30964,2011,49,4,2,295),(30965,2011,50,4,2,295),(30966,2011,51,4,2,295),(30967,2011,52,4,2,295),(30968,2011,37,3,6,295),(30969,2011,38,3,6,295),(30970,2011,39,3,6,295),(30971,2011,40,3,6,295),(30972,2011,41,3,6,295),(30973,2011,42,3,6,295),(30974,2011,43,3,6,295),(30975,2011,44,3,6,295),(30976,2011,45,3,6,295),(30977,2011,46,3,6,295),(30978,2011,47,3,6,295),(30979,2011,48,3,6,295),(30980,2011,49,3,6,295),(30981,2011,50,3,6,295),(30982,2011,51,3,6,295),(30983,2011,52,3,6,295),(30984,2011,22,2,5,278),(30985,2011,23,2,5,278),(30986,2011,24,2,5,278),(30987,2011,25,2,5,278),(30988,2011,26,2,5,278),(30989,2011,27,2,5,278),(30990,2011,28,2,5,278),(30991,2011,29,2,5,278),(30992,2011,30,2,5,278),(30993,2011,31,2,5,278),(30994,2011,32,2,5,278),(30995,2011,33,2,5,278),(30996,2011,34,2,5,278),(30997,2011,35,2,5,278),(30998,2011,36,2,5,278),(30999,2011,22,2,6,278),(31000,2011,23,2,6,278),(31001,2011,24,2,6,278),(31002,2011,25,2,6,278),(31003,2011,26,2,6,278),(31004,2011,27,2,6,278),(31005,2011,28,2,6,278),(31006,2011,29,2,6,278),(31007,2011,30,2,6,278),(31008,2011,31,2,6,278),(31009,2011,32,2,6,278),(31010,2011,33,2,6,278),(31011,2011,34,2,6,278),(31012,2011,35,2,6,278),(31013,2011,36,2,6,278),(31014,2011,22,4,5,278),(31015,2011,23,4,5,278),(31016,2011,24,4,5,278),(31017,2011,25,4,5,278),(31018,2011,26,4,5,278),(31019,2011,27,4,5,278),(31020,2011,28,4,5,278),(31021,2011,29,4,5,278),(31022,2011,30,4,5,278),(31023,2011,31,4,5,278),(31024,2011,32,4,5,278),(31025,2011,33,4,5,278),(31026,2011,34,4,5,278),(31027,2011,35,4,5,278),(31028,2011,36,4,5,278),(31029,2011,22,4,6,278),(31030,2011,23,4,6,278),(31031,2011,24,4,6,278),(31032,2011,25,4,6,278),(31033,2011,26,4,6,278),(31034,2011,27,4,6,278),(31035,2011,28,4,6,278),(31036,2011,29,4,6,278),(31037,2011,30,4,6,278),(31038,2011,31,4,6,278),(31039,2011,32,4,6,278),(31040,2011,33,4,6,278),(31041,2011,34,4,6,278),(31042,2011,35,4,6,278),(31043,2011,36,4,6,278),(31044,2011,22,3,1,278),(31045,2011,23,3,1,278),(31046,2011,24,3,1,278),(31047,2011,25,3,1,278),(31048,2011,26,3,1,278),(31049,2011,27,3,1,278),(31050,2011,28,3,1,278),(31051,2011,29,3,1,278),(31052,2011,30,3,1,278),(31053,2011,31,3,1,278),(31054,2011,32,3,1,278),(31055,2011,33,3,1,278),(31056,2011,34,3,1,278),(31057,2011,35,3,1,278),(31058,2011,36,3,1,278),(31059,2011,37,2,5,278),(31060,2011,38,2,5,278),(31061,2011,39,2,5,278),(31062,2011,40,2,5,278),(31063,2011,41,2,5,278),(31064,2011,42,2,5,278),(31065,2011,43,2,5,278),(31066,2011,44,2,5,278),(31067,2011,45,2,5,278),(31068,2011,46,2,5,278),(31069,2011,47,2,5,278),(31070,2011,48,2,5,278),(31071,2011,49,2,5,278),(31072,2011,50,2,5,278),(31073,2011,51,2,5,278),(31074,2011,52,2,5,278),(31075,2011,37,2,6,278),(31076,2011,38,2,6,278),(31077,2011,39,2,6,278),(31078,2011,40,2,6,278),(31079,2011,41,2,6,278),(31080,2011,42,2,6,278),(31081,2011,43,2,6,278),(31082,2011,44,2,6,278),(31083,2011,45,2,6,278),(31084,2011,46,2,6,278),(31085,2011,47,2,6,278),(31086,2011,48,2,6,278),(31087,2011,49,2,6,278),(31088,2011,50,2,6,278),(31089,2011,51,2,6,278),(31090,2011,52,2,6,278),(31091,2011,37,4,5,278),(31092,2011,38,4,5,278),(31093,2011,39,4,5,278),(31094,2011,40,4,5,278),(31095,2011,41,4,5,278),(31096,2011,42,4,5,278),(31097,2011,43,4,5,278),(31098,2011,44,4,5,278),(31099,2011,45,4,5,278),(31100,2011,46,4,5,278),(31101,2011,47,4,5,278),(31102,2011,48,4,5,278),(31103,2011,49,4,5,278),(31104,2011,50,4,5,278),(31105,2011,51,4,5,278),(31106,2011,52,4,5,278),(31107,2011,37,4,6,278),(31108,2011,38,4,6,278),(31109,2011,39,4,6,278),(31110,2011,40,4,6,278),(31111,2011,41,4,6,278),(31112,2011,42,4,6,278),(31113,2011,43,4,6,278),(31114,2011,44,4,6,278),(31115,2011,45,4,6,278),(31116,2011,46,4,6,278),(31117,2011,47,4,6,278),(31118,2011,48,4,6,278),(31119,2011,49,4,6,278),(31120,2011,50,4,6,278),(31121,2011,51,4,6,278),(31122,2011,52,4,6,278),(31123,2011,37,3,1,278),(31124,2011,38,3,1,278),(31125,2011,39,3,1,278),(31126,2011,40,3,1,278),(31127,2011,41,3,1,278),(31128,2011,42,3,1,278),(31129,2011,43,3,1,278),(31130,2011,44,3,1,278),(31131,2011,45,3,1,278),(31132,2011,46,3,1,278),(31133,2011,47,3,1,278),(31134,2011,48,3,1,278),(31135,2011,49,3,1,278),(31136,2011,50,3,1,278),(31137,2011,51,3,1,278),(31138,2011,52,3,1,278),(31139,2011,22,2,8,279),(31140,2011,23,2,8,279),(31141,2011,24,2,8,279),(31142,2011,25,2,8,279),(31143,2011,26,2,8,279),(31144,2011,27,2,8,279),(31145,2011,28,2,8,279),(31146,2011,29,2,8,279),(31147,2011,30,2,8,279),(31148,2011,31,2,8,279),(31149,2011,32,2,8,279),(31150,2011,33,2,8,279),(31151,2011,34,2,8,279),(31152,2011,35,2,8,279),(31153,2011,36,2,8,279),(31154,2011,22,2,9,279),(31155,2011,23,2,9,279),(31156,2011,24,2,9,279),(31157,2011,25,2,9,279),(31158,2011,26,2,9,279),(31159,2011,27,2,9,279),(31160,2011,28,2,9,279),(31161,2011,29,2,9,279),(31162,2011,30,2,9,279),(31163,2011,31,2,9,279),(31164,2011,32,2,9,279),(31165,2011,33,2,9,279),(31166,2011,34,2,9,279),(31167,2011,35,2,9,279),(31168,2011,36,2,9,279),(31169,2011,22,4,8,279),(31170,2011,23,4,8,279),(31171,2011,24,4,8,279),(31172,2011,25,4,8,279),(31173,2011,26,4,8,279),(31174,2011,27,4,8,279),(31175,2011,28,4,8,279),(31176,2011,29,4,8,279),(31177,2011,30,4,8,279),(31178,2011,31,4,8,279),(31179,2011,32,4,8,279),(31180,2011,33,4,8,279),(31181,2011,34,4,8,279),(31182,2011,35,4,8,279),(31183,2011,36,4,8,279),(31184,2011,22,4,9,279),(31185,2011,23,4,9,279),(31186,2011,24,4,9,279),(31187,2011,25,4,9,279),(31188,2011,26,4,9,279),(31189,2011,27,4,9,279),(31190,2011,28,4,9,279),(31191,2011,29,4,9,279),(31192,2011,30,4,9,279),(31193,2011,31,4,9,279),(31194,2011,32,4,9,279),(31195,2011,33,4,9,279),(31196,2011,34,4,9,279),(31197,2011,35,4,9,279),(31198,2011,36,4,9,279),(31199,2011,22,3,3,279),(31200,2011,23,3,3,279),(31201,2011,24,3,3,279),(31202,2011,25,3,3,279),(31203,2011,26,3,3,279),(31204,2011,27,3,3,279),(31205,2011,28,3,3,279),(31206,2011,29,3,3,279),(31207,2011,30,3,3,279),(31208,2011,31,3,3,279),(31209,2011,32,3,3,279),(31210,2011,33,3,3,279),(31211,2011,34,3,3,279),(31212,2011,35,3,3,279),(31213,2011,36,3,3,279),(31214,2011,37,2,8,279),(31215,2011,38,2,8,279),(31216,2011,39,2,8,279),(31217,2011,40,2,8,279),(31218,2011,41,2,8,279),(31219,2011,42,2,8,279),(31220,2011,43,2,8,279),(31221,2011,44,2,8,279),(31222,2011,45,2,8,279),(31223,2011,46,2,8,279),(31224,2011,47,2,8,279),(31225,2011,48,2,8,279),(31226,2011,49,2,8,279),(31227,2011,50,2,8,279),(31228,2011,51,2,8,279),(31229,2011,52,2,8,279),(31230,2011,37,2,9,279),(31231,2011,38,2,9,279),(31232,2011,39,2,9,279),(31233,2011,40,2,9,279),(31234,2011,41,2,9,279),(31235,2011,42,2,9,279),(31236,2011,43,2,9,279),(31237,2011,44,2,9,279),(31238,2011,45,2,9,279),(31239,2011,46,2,9,279),(31240,2011,47,2,9,279),(31241,2011,48,2,9,279),(31242,2011,49,2,9,279),(31243,2011,50,2,9,279),(31244,2011,51,2,9,279),(31245,2011,52,2,9,279),(31246,2011,37,4,8,279),(31247,2011,38,4,8,279),(31248,2011,39,4,8,279),(31249,2011,40,4,8,279),(31250,2011,41,4,8,279),(31251,2011,42,4,8,279),(31252,2011,43,4,8,279),(31253,2011,44,4,8,279),(31254,2011,45,4,8,279),(31255,2011,46,4,8,279),(31256,2011,47,4,8,279),(31257,2011,48,4,8,279),(31258,2011,49,4,8,279),(31259,2011,50,4,8,279),(31260,2011,51,4,8,279),(31261,2011,52,4,8,279),(31262,2011,37,4,9,279),(31263,2011,38,4,9,279),(31264,2011,39,4,9,279),(31265,2011,40,4,9,279),(31266,2011,41,4,9,279),(31267,2011,42,4,9,279),(31268,2011,43,4,9,279),(31269,2011,44,4,9,279),(31270,2011,45,4,9,279),(31271,2011,46,4,9,279),(31272,2011,47,4,9,279),(31273,2011,48,4,9,279),(31274,2011,49,4,9,279),(31275,2011,50,4,9,279),(31276,2011,51,4,9,279),(31277,2011,52,4,9,279),(31278,2011,37,3,3,279),(31279,2011,38,3,3,279),(31280,2011,39,3,3,279),(31281,2011,40,3,3,279),(31282,2011,41,3,3,279),(31283,2011,42,3,3,279),(31284,2011,43,3,3,279),(31285,2011,44,3,3,279),(31286,2011,45,3,3,279),(31287,2011,46,3,3,279),(31288,2011,47,3,3,279),(31289,2011,48,3,3,279),(31290,2011,49,3,3,279),(31291,2011,50,3,3,279),(31292,2011,51,3,3,279),(31293,2011,52,3,3,279),(31294,2011,22,2,8,281),(31295,2011,23,2,8,281),(31296,2011,24,2,8,281),(31297,2011,25,2,8,281),(31298,2011,26,2,8,281),(31299,2011,27,2,8,281),(31300,2011,28,2,8,281),(31301,2011,29,2,8,281),(31302,2011,30,2,8,281),(31303,2011,31,2,8,281),(31304,2011,32,2,8,281),(31305,2011,33,2,8,281),(31306,2011,34,2,8,281),(31307,2011,35,2,8,281),(31308,2011,36,2,8,281),(31309,2011,22,2,9,281),(31310,2011,23,2,9,281),(31311,2011,24,2,9,281),(31312,2011,25,2,9,281),(31313,2011,26,2,9,281),(31314,2011,27,2,9,281),(31315,2011,28,2,9,281),(31316,2011,29,2,9,281),(31317,2011,30,2,9,281),(31318,2011,31,2,9,281),(31319,2011,32,2,9,281),(31320,2011,33,2,9,281),(31321,2011,34,2,9,281),(31322,2011,35,2,9,281),(31323,2011,36,2,9,281),(31324,2011,22,4,8,281),(31325,2011,23,4,8,281),(31326,2011,24,4,8,281),(31327,2011,25,4,8,281),(31328,2011,26,4,8,281),(31329,2011,27,4,8,281),(31330,2011,28,4,8,281),(31331,2011,29,4,8,281),(31332,2011,30,4,8,281),(31333,2011,31,4,8,281),(31334,2011,32,4,8,281),(31335,2011,33,4,8,281),(31336,2011,34,4,8,281),(31337,2011,35,4,8,281),(31338,2011,36,4,8,281),(31339,2011,22,4,9,281),(31340,2011,23,4,9,281),(31341,2011,24,4,9,281),(31342,2011,25,4,9,281),(31343,2011,26,4,9,281),(31344,2011,27,4,9,281),(31345,2011,28,4,9,281),(31346,2011,29,4,9,281),(31347,2011,30,4,9,281),(31348,2011,31,4,9,281),(31349,2011,32,4,9,281),(31350,2011,33,4,9,281),(31351,2011,34,4,9,281),(31352,2011,35,4,9,281),(31353,2011,36,4,9,281),(31354,2011,22,3,8,281),(31355,2011,23,3,8,281),(31356,2011,24,3,8,281),(31357,2011,25,3,8,281),(31358,2011,26,3,8,281),(31359,2011,27,3,8,281),(31360,2011,28,3,8,281),(31361,2011,29,3,8,281),(31362,2011,30,3,8,281),(31363,2011,31,3,8,281),(31364,2011,32,3,8,281),(31365,2011,33,3,8,281),(31366,2011,34,3,8,281),(31367,2011,35,3,8,281),(31368,2011,36,3,8,281),(31369,2011,22,3,9,281),(31370,2011,23,3,9,281),(31371,2011,24,3,9,281),(31372,2011,25,3,9,281),(31373,2011,26,3,9,281),(31374,2011,27,3,9,281),(31375,2011,28,3,9,281),(31376,2011,29,3,9,281),(31377,2011,30,3,9,281),(31378,2011,31,3,9,281),(31379,2011,32,3,9,281),(31380,2011,33,3,9,281),(31381,2011,34,3,9,281),(31382,2011,35,3,9,281),(31383,2011,36,3,9,281),(31384,2011,37,2,8,281),(31385,2011,38,2,8,281),(31386,2011,39,2,8,281),(31387,2011,40,2,8,281),(31388,2011,41,2,8,281),(31389,2011,42,2,8,281),(31390,2011,43,2,8,281),(31391,2011,44,2,8,281),(31392,2011,45,2,8,281),(31393,2011,46,2,8,281),(31394,2011,47,2,8,281),(31395,2011,48,2,8,281),(31396,2011,49,2,8,281),(31397,2011,50,2,8,281),(31398,2011,51,2,8,281),(31399,2011,52,2,8,281),(31400,2011,37,2,9,281),(31401,2011,38,2,9,281),(31402,2011,39,2,9,281),(31403,2011,40,2,9,281),(31404,2011,41,2,9,281),(31405,2011,42,2,9,281),(31406,2011,43,2,9,281),(31407,2011,44,2,9,281),(31408,2011,45,2,9,281),(31409,2011,46,2,9,281),(31410,2011,47,2,9,281),(31411,2011,48,2,9,281),(31412,2011,49,2,9,281),(31413,2011,50,2,9,281),(31414,2011,51,2,9,281),(31415,2011,52,2,9,281),(31416,2011,37,4,8,281),(31417,2011,38,4,8,281),(31418,2011,39,4,8,281),(31419,2011,40,4,8,281),(31420,2011,41,4,8,281),(31421,2011,42,4,8,281),(31422,2011,43,4,8,281),(31423,2011,44,4,8,281),(31424,2011,45,4,8,281),(31425,2011,46,4,8,281),(31426,2011,47,4,8,281),(31427,2011,48,4,8,281),(31428,2011,49,4,8,281),(31429,2011,50,4,8,281),(31430,2011,51,4,8,281),(31431,2011,52,4,8,281),(31432,2011,37,4,9,281),(31433,2011,38,4,9,281),(31434,2011,39,4,9,281),(31435,2011,40,4,9,281),(31436,2011,41,4,9,281),(31437,2011,42,4,9,281),(31438,2011,43,4,9,281),(31439,2011,44,4,9,281),(31440,2011,45,4,9,281),(31441,2011,46,4,9,281),(31442,2011,47,4,9,281),(31443,2011,48,4,9,281),(31444,2011,49,4,9,281),(31445,2011,50,4,9,281),(31446,2011,51,4,9,281),(31447,2011,52,4,9,281),(31448,2011,37,3,8,281),(31449,2011,38,3,8,281),(31450,2011,39,3,8,281),(31451,2011,40,3,8,281),(31452,2011,41,3,8,281),(31453,2011,42,3,8,281),(31454,2011,43,3,8,281),(31455,2011,44,3,8,281),(31456,2011,45,3,8,281),(31457,2011,46,3,8,281),(31458,2011,47,3,8,281),(31459,2011,48,3,8,281),(31460,2011,49,3,8,281),(31461,2011,50,3,8,281),(31462,2011,51,3,8,281),(31463,2011,52,3,8,281),(31464,2011,37,3,9,281),(31465,2011,38,3,9,281),(31466,2011,39,3,9,281),(31467,2011,40,3,9,281),(31468,2011,41,3,9,281),(31469,2011,42,3,9,281),(31470,2011,43,3,9,281),(31471,2011,44,3,9,281),(31472,2011,45,3,9,281),(31473,2011,46,3,9,281),(31474,2011,47,3,9,281),(31475,2011,48,3,9,281),(31476,2011,49,3,9,281),(31477,2011,50,3,9,281),(31478,2011,51,3,9,281),(31479,2011,52,3,9,281),(31480,2011,22,5,1,286),(31481,2011,23,5,1,286),(31482,2011,24,5,1,286),(31483,2011,25,5,1,286),(31484,2011,26,5,1,286),(31485,2011,27,5,1,286),(31486,2011,28,5,1,286),(31487,2011,29,5,1,286),(31488,2011,30,5,1,286),(31489,2011,31,5,1,286),(31490,2011,32,5,1,286),(31491,2011,33,5,1,286),(31492,2011,34,5,1,286),(31493,2011,35,5,1,286),(31494,2011,36,5,1,286),(31495,2011,22,5,2,286),(31496,2011,23,5,2,286),(31497,2011,24,5,2,286),(31498,2011,25,5,2,286),(31499,2011,26,5,2,286),(31500,2011,27,5,2,286),(31501,2011,28,5,2,286),(31502,2011,29,5,2,286),(31503,2011,30,5,2,286),(31504,2011,31,5,2,286),(31505,2011,32,5,2,286),(31506,2011,33,5,2,286),(31507,2011,34,5,2,286),(31508,2011,35,5,2,286),(31509,2011,36,5,2,286),(31510,2011,22,6,1,286),(31511,2011,23,6,1,286),(31512,2011,24,6,1,286),(31513,2011,25,6,1,286),(31514,2011,26,6,1,286),(31515,2011,27,6,1,286),(31516,2011,28,6,1,286),(31517,2011,29,6,1,286),(31518,2011,30,6,1,286),(31519,2011,31,6,1,286),(31520,2011,32,6,1,286),(31521,2011,33,6,1,286),(31522,2011,34,6,1,286),(31523,2011,35,6,1,286),(31524,2011,36,6,1,286),(31525,2011,22,6,2,286),(31526,2011,23,6,2,286),(31527,2011,24,6,2,286),(31528,2011,25,6,2,286),(31529,2011,26,6,2,286),(31530,2011,27,6,2,286),(31531,2011,28,6,2,286),(31532,2011,29,6,2,286),(31533,2011,30,6,2,286),(31534,2011,31,6,2,286),(31535,2011,32,6,2,286),(31536,2011,33,6,2,286),(31537,2011,34,6,2,286),(31538,2011,35,6,2,286),(31539,2011,36,6,2,286),(31540,2011,22,2,1,286),(31541,2011,23,2,1,286),(31542,2011,24,2,1,286),(31543,2011,25,2,1,286),(31544,2011,26,2,1,286),(31545,2011,27,2,1,286),(31546,2011,28,2,1,286),(31547,2011,29,2,1,286),(31548,2011,30,2,1,286),(31549,2011,31,2,1,286),(31550,2011,32,2,1,286),(31551,2011,33,2,1,286),(31552,2011,34,2,1,286),(31553,2011,35,2,1,286),(31554,2011,36,2,1,286),(31555,2011,22,2,2,286),(31556,2011,23,2,2,286),(31557,2011,24,2,2,286),(31558,2011,25,2,2,286),(31559,2011,26,2,2,286),(31560,2011,27,2,2,286),(31561,2011,28,2,2,286),(31562,2011,29,2,2,286),(31563,2011,30,2,2,286),(31564,2011,31,2,2,286),(31565,2011,32,2,2,286),(31566,2011,33,2,2,286),(31567,2011,34,2,2,286),(31568,2011,35,2,2,286),(31569,2011,36,2,2,286),(31570,2011,37,5,1,286),(31571,2011,38,5,1,286),(31572,2011,39,5,1,286),(31573,2011,40,5,1,286),(31574,2011,41,5,1,286),(31575,2011,42,5,1,286),(31576,2011,43,5,1,286),(31577,2011,44,5,1,286),(31578,2011,45,5,1,286),(31579,2011,46,5,1,286),(31580,2011,47,5,1,286),(31581,2011,48,5,1,286),(31582,2011,49,5,1,286),(31583,2011,50,5,1,286),(31584,2011,51,5,1,286),(31585,2011,52,5,1,286),(31586,2011,37,5,2,286),(31587,2011,38,5,2,286),(31588,2011,39,5,2,286),(31589,2011,40,5,2,286),(31590,2011,41,5,2,286),(31591,2011,42,5,2,286),(31592,2011,43,5,2,286),(31593,2011,44,5,2,286),(31594,2011,45,5,2,286),(31595,2011,46,5,2,286),(31596,2011,47,5,2,286),(31597,2011,48,5,2,286),(31598,2011,49,5,2,286),(31599,2011,50,5,2,286),(31600,2011,51,5,2,286),(31601,2011,52,5,2,286),(31602,2011,37,6,1,286),(31603,2011,38,6,1,286),(31604,2011,39,6,1,286),(31605,2011,40,6,1,286),(31606,2011,41,6,1,286),(31607,2011,42,6,1,286),(31608,2011,43,6,1,286),(31609,2011,44,6,1,286),(31610,2011,45,6,1,286),(31611,2011,46,6,1,286),(31612,2011,47,6,1,286),(31613,2011,48,6,1,286),(31614,2011,49,6,1,286),(31615,2011,50,6,1,286),(31616,2011,51,6,1,286),(31617,2011,52,6,1,286),(31618,2011,37,6,2,286),(31619,2011,38,6,2,286),(31620,2011,39,6,2,286),(31621,2011,40,6,2,286),(31622,2011,41,6,2,286),(31623,2011,42,6,2,286),(31624,2011,43,6,2,286),(31625,2011,44,6,2,286),(31626,2011,45,6,2,286),(31627,2011,46,6,2,286),(31628,2011,47,6,2,286),(31629,2011,48,6,2,286),(31630,2011,49,6,2,286),(31631,2011,50,6,2,286),(31632,2011,51,6,2,286),(31633,2011,52,6,2,286),(31634,2011,37,2,1,286),(31635,2011,38,2,1,286),(31636,2011,39,2,1,286),(31637,2011,40,2,1,286),(31638,2011,41,2,1,286),(31639,2011,42,2,1,286),(31640,2011,43,2,1,286),(31641,2011,44,2,1,286),(31642,2011,45,2,1,286),(31643,2011,46,2,1,286),(31644,2011,47,2,1,286),(31645,2011,48,2,1,286),(31646,2011,49,2,1,286),(31647,2011,50,2,1,286),(31648,2011,51,2,1,286),(31649,2011,52,2,1,286),(31650,2011,37,2,2,286),(31651,2011,38,2,2,286),(31652,2011,39,2,2,286),(31653,2011,40,2,2,286),(31654,2011,41,2,2,286),(31655,2011,42,2,2,286),(31656,2011,43,2,2,286),(31657,2011,44,2,2,286),(31658,2011,45,2,2,286),(31659,2011,46,2,2,286),(31660,2011,47,2,2,286),(31661,2011,48,2,2,286),(31662,2011,49,2,2,286),(31663,2011,50,2,2,286),(31664,2011,51,2,2,286),(31665,2011,52,2,2,286),(31666,2011,22,5,3,291),(31667,2011,23,5,3,291),(31668,2011,24,5,3,291),(31669,2011,25,5,3,291),(31670,2011,26,5,3,291),(31671,2011,27,5,3,291),(31672,2011,28,5,3,291),(31673,2011,29,5,3,291),(31674,2011,30,5,3,291),(31675,2011,31,5,3,291),(31676,2011,32,5,3,291),(31677,2011,33,5,3,291),(31678,2011,34,5,3,291),(31679,2011,35,5,3,291),(31680,2011,36,5,3,291),(31681,2011,22,5,4,291),(31682,2011,23,5,4,291),(31683,2011,24,5,4,291),(31684,2011,25,5,4,291),(31685,2011,26,5,4,291),(31686,2011,27,5,4,291),(31687,2011,28,5,4,291),(31688,2011,29,5,4,291),(31689,2011,30,5,4,291),(31690,2011,31,5,4,291),(31691,2011,32,5,4,291),(31692,2011,33,5,4,291),(31693,2011,34,5,4,291),(31694,2011,35,5,4,291),(31695,2011,36,5,4,291),(31696,2011,22,6,3,291),(31697,2011,23,6,3,291),(31698,2011,24,6,3,291),(31699,2011,25,6,3,291),(31700,2011,26,6,3,291),(31701,2011,27,6,3,291),(31702,2011,28,6,3,291),(31703,2011,29,6,3,291),(31704,2011,30,6,3,291),(31705,2011,31,6,3,291),(31706,2011,32,6,3,291),(31707,2011,33,6,3,291),(31708,2011,34,6,3,291),(31709,2011,35,6,3,291),(31710,2011,36,6,3,291),(31711,2011,22,6,4,291),(31712,2011,23,6,4,291),(31713,2011,24,6,4,291),(31714,2011,25,6,4,291),(31715,2011,26,6,4,291),(31716,2011,27,6,4,291),(31717,2011,28,6,4,291),(31718,2011,29,6,4,291),(31719,2011,30,6,4,291),(31720,2011,31,6,4,291),(31721,2011,32,6,4,291),(31722,2011,33,6,4,291),(31723,2011,34,6,4,291),(31724,2011,35,6,4,291),(31725,2011,36,6,4,291),(31726,2011,22,2,3,291),(31727,2011,23,2,3,291),(31728,2011,24,2,3,291),(31729,2011,25,2,3,291),(31730,2011,26,2,3,291),(31731,2011,27,2,3,291),(31732,2011,28,2,3,291),(31733,2011,29,2,3,291),(31734,2011,30,2,3,291),(31735,2011,31,2,3,291),(31736,2011,32,2,3,291),(31737,2011,33,2,3,291),(31738,2011,34,2,3,291),(31739,2011,35,2,3,291),(31740,2011,36,2,3,291),(31741,2011,22,2,4,291),(31742,2011,23,2,4,291),(31743,2011,24,2,4,291),(31744,2011,25,2,4,291),(31745,2011,26,2,4,291),(31746,2011,27,2,4,291),(31747,2011,28,2,4,291),(31748,2011,29,2,4,291),(31749,2011,30,2,4,291),(31750,2011,31,2,4,291),(31751,2011,32,2,4,291),(31752,2011,33,2,4,291),(31753,2011,34,2,4,291),(31754,2011,35,2,4,291),(31755,2011,36,2,4,291),(31756,2011,37,5,3,291),(31757,2011,38,5,3,291),(31758,2011,39,5,3,291),(31759,2011,40,5,3,291),(31760,2011,41,5,3,291),(31761,2011,42,5,3,291),(31762,2011,43,5,3,291),(31763,2011,44,5,3,291),(31764,2011,45,5,3,291),(31765,2011,46,5,3,291),(31766,2011,47,5,3,291),(31767,2011,48,5,3,291),(31768,2011,49,5,3,291),(31769,2011,50,5,3,291),(31770,2011,51,5,3,291),(31771,2011,52,5,3,291),(31772,2011,37,5,4,291),(31773,2011,38,5,4,291),(31774,2011,39,5,4,291),(31775,2011,40,5,4,291),(31776,2011,41,5,4,291),(31777,2011,42,5,4,291),(31778,2011,43,5,4,291),(31779,2011,44,5,4,291),(31780,2011,45,5,4,291),(31781,2011,46,5,4,291),(31782,2011,47,5,4,291),(31783,2011,48,5,4,291),(31784,2011,49,5,4,291),(31785,2011,50,5,4,291),(31786,2011,51,5,4,291),(31787,2011,52,5,4,291),(31788,2011,37,6,3,291),(31789,2011,38,6,3,291),(31790,2011,39,6,3,291),(31791,2011,40,6,3,291),(31792,2011,41,6,3,291),(31793,2011,42,6,3,291),(31794,2011,43,6,3,291),(31795,2011,44,6,3,291),(31796,2011,45,6,3,291),(31797,2011,46,6,3,291),(31798,2011,47,6,3,291),(31799,2011,48,6,3,291),(31800,2011,49,6,3,291),(31801,2011,50,6,3,291),(31802,2011,51,6,3,291),(31803,2011,52,6,3,291),(31804,2011,37,6,4,291),(31805,2011,38,6,4,291),(31806,2011,39,6,4,291),(31807,2011,40,6,4,291),(31808,2011,41,6,4,291),(31809,2011,42,6,4,291),(31810,2011,43,6,4,291),(31811,2011,44,6,4,291),(31812,2011,45,6,4,291),(31813,2011,46,6,4,291),(31814,2011,47,6,4,291),(31815,2011,48,6,4,291),(31816,2011,49,6,4,291),(31817,2011,50,6,4,291),(31818,2011,51,6,4,291),(31819,2011,52,6,4,291),(31820,2011,37,2,3,291),(31821,2011,38,2,3,291),(31822,2011,39,2,3,291),(31823,2011,40,2,3,291),(31824,2011,41,2,3,291),(31825,2011,42,2,3,291),(31826,2011,43,2,3,291),(31827,2011,44,2,3,291),(31828,2011,45,2,3,291),(31829,2011,46,2,3,291),(31830,2011,47,2,3,291),(31831,2011,48,2,3,291),(31832,2011,49,2,3,291),(31833,2011,50,2,3,291),(31834,2011,51,2,3,291),(31835,2011,52,2,3,291),(31836,2011,37,2,4,291),(31837,2011,38,2,4,291),(31838,2011,39,2,4,291),(31839,2011,40,2,4,291),(31840,2011,41,2,4,291),(31841,2011,42,2,4,291),(31842,2011,43,2,4,291),(31843,2011,44,2,4,291),(31844,2011,45,2,4,291),(31845,2011,46,2,4,291),(31846,2011,47,2,4,291),(31847,2011,48,2,4,291),(31848,2011,49,2,4,291),(31849,2011,50,2,4,291),(31850,2011,51,2,4,291),(31851,2011,52,2,4,291),(31852,2011,22,5,5,282),(31853,2011,23,5,5,282),(31854,2011,24,5,5,282),(31855,2011,25,5,5,282),(31856,2011,26,5,5,282),(31857,2011,27,5,5,282),(31858,2011,28,5,5,282),(31859,2011,29,5,5,282),(31860,2011,30,5,5,282),(31861,2011,31,5,5,282),(31862,2011,32,5,5,282),(31863,2011,33,5,5,282),(31864,2011,34,5,5,282),(31865,2011,35,5,5,282),(31866,2011,36,5,5,282),(31867,2011,22,5,6,282),(31868,2011,23,5,6,282),(31869,2011,24,5,6,282),(31870,2011,25,5,6,282),(31871,2011,26,5,6,282),(31872,2011,27,5,6,282),(31873,2011,28,5,6,282),(31874,2011,29,5,6,282),(31875,2011,30,5,6,282),(31876,2011,31,5,6,282),(31877,2011,32,5,6,282),(31878,2011,33,5,6,282),(31879,2011,34,5,6,282),(31880,2011,35,5,6,282),(31881,2011,36,5,6,282),(31882,2011,22,6,5,282),(31883,2011,23,6,5,282),(31884,2011,24,6,5,282),(31885,2011,25,6,5,282),(31886,2011,26,6,5,282),(31887,2011,27,6,5,282),(31888,2011,28,6,5,282),(31889,2011,29,6,5,282),(31890,2011,30,6,5,282),(31891,2011,31,6,5,282),(31892,2011,32,6,5,282),(31893,2011,33,6,5,282),(31894,2011,34,6,5,282),(31895,2011,35,6,5,282),(31896,2011,36,6,5,282),(31897,2011,22,6,6,282),(31898,2011,23,6,6,282),(31899,2011,24,6,6,282),(31900,2011,25,6,6,282),(31901,2011,26,6,6,282),(31902,2011,27,6,6,282),(31903,2011,28,6,6,282),(31904,2011,29,6,6,282),(31905,2011,30,6,6,282),(31906,2011,31,6,6,282),(31907,2011,32,6,6,282),(31908,2011,33,6,6,282),(31909,2011,34,6,6,282),(31910,2011,35,6,6,282),(31911,2011,36,6,6,282),(31912,2011,22,2,5,282),(31913,2011,23,2,5,282),(31914,2011,24,2,5,282),(31915,2011,25,2,5,282),(31916,2011,26,2,5,282),(31917,2011,27,2,5,282),(31918,2011,28,2,5,282),(31919,2011,29,2,5,282),(31920,2011,30,2,5,282),(31921,2011,31,2,5,282),(31922,2011,32,2,5,282),(31923,2011,33,2,5,282),(31924,2011,34,2,5,282),(31925,2011,35,2,5,282),(31926,2011,36,2,5,282),(31927,2011,22,2,6,282),(31928,2011,23,2,6,282),(31929,2011,24,2,6,282),(31930,2011,25,2,6,282),(31931,2011,26,2,6,282),(31932,2011,27,2,6,282),(31933,2011,28,2,6,282),(31934,2011,29,2,6,282),(31935,2011,30,2,6,282),(31936,2011,31,2,6,282),(31937,2011,32,2,6,282),(31938,2011,33,2,6,282),(31939,2011,34,2,6,282),(31940,2011,35,2,6,282),(31941,2011,36,2,6,282),(31942,2011,37,5,5,282),(31943,2011,38,5,5,282),(31944,2011,39,5,5,282),(31945,2011,40,5,5,282),(31946,2011,41,5,5,282),(31947,2011,42,5,5,282),(31948,2011,43,5,5,282),(31949,2011,44,5,5,282),(31950,2011,45,5,5,282),(31951,2011,46,5,5,282),(31952,2011,47,5,5,282),(31953,2011,48,5,5,282),(31954,2011,49,5,5,282),(31955,2011,50,5,5,282),(31956,2011,51,5,5,282),(31957,2011,52,5,5,282),(31958,2011,37,5,6,282),(31959,2011,38,5,6,282),(31960,2011,39,5,6,282),(31961,2011,40,5,6,282),(31962,2011,41,5,6,282),(31963,2011,42,5,6,282),(31964,2011,43,5,6,282),(31965,2011,44,5,6,282),(31966,2011,45,5,6,282),(31967,2011,46,5,6,282),(31968,2011,47,5,6,282),(31969,2011,48,5,6,282),(31970,2011,49,5,6,282),(31971,2011,50,5,6,282),(31972,2011,51,5,6,282),(31973,2011,52,5,6,282),(31974,2011,37,6,5,282),(31975,2011,38,6,5,282),(31976,2011,39,6,5,282),(31977,2011,40,6,5,282),(31978,2011,41,6,5,282),(31979,2011,42,6,5,282),(31980,2011,43,6,5,282),(31981,2011,44,6,5,282),(31982,2011,45,6,5,282),(31983,2011,46,6,5,282),(31984,2011,47,6,5,282),(31985,2011,48,6,5,282),(31986,2011,49,6,5,282),(31987,2011,50,6,5,282),(31988,2011,51,6,5,282),(31989,2011,52,6,5,282),(31990,2011,37,6,6,282),(31991,2011,38,6,6,282),(31992,2011,39,6,6,282),(31993,2011,40,6,6,282),(31994,2011,41,6,6,282),(31995,2011,42,6,6,282),(31996,2011,43,6,6,282),(31997,2011,44,6,6,282),(31998,2011,45,6,6,282),(31999,2011,46,6,6,282),(32000,2011,47,6,6,282),(32001,2011,48,6,6,282),(32002,2011,49,6,6,282),(32003,2011,50,6,6,282),(32004,2011,51,6,6,282),(32005,2011,52,6,6,282),(32006,2011,37,2,5,282),(32007,2011,38,2,5,282),(32008,2011,39,2,5,282),(32009,2011,40,2,5,282),(32010,2011,41,2,5,282),(32011,2011,42,2,5,282),(32012,2011,43,2,5,282),(32013,2011,44,2,5,282),(32014,2011,45,2,5,282),(32015,2011,46,2,5,282),(32016,2011,47,2,5,282),(32017,2011,48,2,5,282),(32018,2011,49,2,5,282),(32019,2011,50,2,5,282),(32020,2011,51,2,5,282),(32021,2011,52,2,5,282),(32022,2011,37,2,6,282),(32023,2011,38,2,6,282),(32024,2011,39,2,6,282),(32025,2011,40,2,6,282),(32026,2011,41,2,6,282),(32027,2011,42,2,6,282),(32028,2011,43,2,6,282),(32029,2011,44,2,6,282),(32030,2011,45,2,6,282),(32031,2011,46,2,6,282),(32032,2011,47,2,6,282),(32033,2011,48,2,6,282),(32034,2011,49,2,6,282),(32035,2011,50,2,6,282),(32036,2011,51,2,6,282),(32037,2011,52,2,6,282),(32038,2011,22,2,3,283),(32039,2011,23,2,3,283),(32040,2011,24,2,3,283),(32041,2011,25,2,3,283),(32042,2011,26,2,3,283),(32043,2011,27,2,3,283),(32044,2011,28,2,3,283),(32045,2011,29,2,3,283),(32046,2011,30,2,3,283),(32047,2011,31,2,3,283),(32048,2011,32,2,3,283),(32049,2011,33,2,3,283),(32050,2011,34,2,3,283),(32051,2011,35,2,3,283),(32052,2011,36,2,3,283),(32053,2011,22,4,3,283),(32054,2011,23,4,3,283),(32055,2011,24,4,3,283),(32056,2011,25,4,3,283),(32057,2011,26,4,3,283),(32058,2011,27,4,3,283),(32059,2011,28,4,3,283),(32060,2011,29,4,3,283),(32061,2011,30,4,3,283),(32062,2011,31,4,3,283),(32063,2011,32,4,3,283),(32064,2011,33,4,3,283),(32065,2011,34,4,3,283),(32066,2011,35,4,3,283),(32067,2011,36,4,3,283),(32068,2011,22,3,1,283),(32069,2011,23,3,1,283),(32070,2011,24,3,1,283),(32071,2011,25,3,1,283),(32072,2011,26,3,1,283),(32073,2011,27,3,1,283),(32074,2011,28,3,1,283),(32075,2011,29,3,1,283),(32076,2011,30,3,1,283),(32077,2011,31,3,1,283),(32078,2011,32,3,1,283),(32079,2011,33,3,1,283),(32080,2011,34,3,1,283),(32081,2011,35,3,1,283),(32082,2011,36,3,1,283),(32083,2011,37,2,3,283),(32084,2011,38,2,3,283),(32085,2011,39,2,3,283),(32086,2011,40,2,3,283),(32087,2011,41,2,3,283),(32088,2011,42,2,3,283),(32089,2011,43,2,3,283),(32090,2011,44,2,3,283),(32091,2011,45,2,3,283),(32092,2011,46,2,3,283),(32093,2011,47,2,3,283),(32094,2011,48,2,3,283),(32095,2011,49,2,3,283),(32096,2011,50,2,3,283),(32097,2011,51,2,3,283),(32098,2011,52,2,3,283),(32099,2011,37,4,3,283),(32100,2011,38,4,3,283),(32101,2011,39,4,3,283),(32102,2011,40,4,3,283),(32103,2011,41,4,3,283),(32104,2011,42,4,3,283),(32105,2011,43,4,3,283),(32106,2011,44,4,3,283),(32107,2011,45,4,3,283),(32108,2011,46,4,3,283),(32109,2011,47,4,3,283),(32110,2011,48,4,3,283),(32111,2011,49,4,3,283),(32112,2011,50,4,3,283),(32113,2011,51,4,3,283),(32114,2011,52,4,3,283),(32115,2011,37,3,1,283),(32116,2011,38,3,1,283),(32117,2011,39,3,1,283),(32118,2011,40,3,1,283),(32119,2011,41,3,1,283),(32120,2011,42,3,1,283),(32121,2011,43,3,1,283),(32122,2011,44,3,1,283),(32123,2011,45,3,1,283),(32124,2011,46,3,1,283),(32125,2011,47,3,1,283),(32126,2011,48,3,1,283),(32127,2011,49,3,1,283),(32128,2011,50,3,1,283),(32129,2011,51,3,1,283),(32130,2011,52,3,1,283),(32131,2011,22,2,10,284),(32132,2011,23,2,10,284),(32133,2011,24,2,10,284),(32134,2011,25,2,10,284),(32135,2011,26,2,10,284),(32136,2011,27,2,10,284),(32137,2011,28,2,10,284),(32138,2011,29,2,10,284),(32139,2011,30,2,10,284),(32140,2011,31,2,10,284),(32141,2011,32,2,10,284),(32142,2011,33,2,10,284),(32143,2011,34,2,10,284),(32144,2011,35,2,10,284),(32145,2011,36,2,10,284),(32146,2011,22,4,10,284),(32147,2011,23,4,10,284),(32148,2011,24,4,10,284),(32149,2011,25,4,10,284),(32150,2011,26,4,10,284),(32151,2011,27,4,10,284),(32152,2011,28,4,10,284),(32153,2011,29,4,10,284),(32154,2011,30,4,10,284),(32155,2011,31,4,10,284),(32156,2011,32,4,10,284),(32157,2011,33,4,10,284),(32158,2011,34,4,10,284),(32159,2011,35,4,10,284),(32160,2011,36,4,10,284),(32161,2011,22,3,10,284),(32162,2011,23,3,10,284),(32163,2011,24,3,10,284),(32164,2011,25,3,10,284),(32165,2011,26,3,10,284),(32166,2011,27,3,10,284),(32167,2011,28,3,10,284),(32168,2011,29,3,10,284),(32169,2011,30,3,10,284),(32170,2011,31,3,10,284),(32171,2011,32,3,10,284),(32172,2011,33,3,10,284),(32173,2011,34,3,10,284),(32174,2011,35,3,10,284),(32175,2011,36,3,10,284),(32176,2011,37,2,10,284),(32177,2011,38,2,10,284),(32178,2011,39,2,10,284),(32179,2011,40,2,10,284),(32180,2011,41,2,10,284),(32181,2011,42,2,10,284),(32182,2011,43,2,10,284),(32183,2011,44,2,10,284),(32184,2011,45,2,10,284),(32185,2011,46,2,10,284),(32186,2011,47,2,10,284),(32187,2011,48,2,10,284),(32188,2011,49,2,10,284),(32189,2011,50,2,10,284),(32190,2011,51,2,10,284),(32191,2011,52,2,10,284),(32192,2011,37,4,10,284),(32193,2011,38,4,10,284),(32194,2011,39,4,10,284),(32195,2011,40,4,10,284),(32196,2011,41,4,10,284),(32197,2011,42,4,10,284),(32198,2011,43,4,10,284),(32199,2011,44,4,10,284),(32200,2011,45,4,10,284),(32201,2011,46,4,10,284),(32202,2011,47,4,10,284),(32203,2011,48,4,10,284),(32204,2011,49,4,10,284),(32205,2011,50,4,10,284),(32206,2011,51,4,10,284),(32207,2011,52,4,10,284),(32208,2011,37,3,10,284),(32209,2011,38,3,10,284),(32210,2011,39,3,10,284),(32211,2011,40,3,10,284),(32212,2011,41,3,10,284),(32213,2011,42,3,10,284),(32214,2011,43,3,10,284),(32215,2011,44,3,10,284),(32216,2011,45,3,10,284),(32217,2011,46,3,10,284),(32218,2011,47,3,10,284),(32219,2011,48,3,10,284),(32220,2011,49,3,10,284),(32221,2011,50,3,10,284),(32222,2011,51,3,10,284),(32223,2011,52,3,10,284),(32224,2011,22,5,8,285),(32225,2011,23,5,8,285),(32226,2011,24,5,8,285),(32227,2011,25,5,8,285),(32228,2011,26,5,8,285),(32229,2011,27,5,8,285),(32230,2011,28,5,8,285),(32231,2011,29,5,8,285),(32232,2011,30,5,8,285),(32233,2011,31,5,8,285),(32234,2011,32,5,8,285),(32235,2011,33,5,8,285),(32236,2011,34,5,8,285),(32237,2011,35,5,8,285),(32238,2011,36,5,8,285),(32239,2011,22,6,8,285),(32240,2011,23,6,8,285),(32241,2011,24,6,8,285),(32242,2011,25,6,8,285),(32243,2011,26,6,8,285),(32244,2011,27,6,8,285),(32245,2011,28,6,8,285),(32246,2011,29,6,8,285),(32247,2011,30,6,8,285),(32248,2011,31,6,8,285),(32249,2011,32,6,8,285),(32250,2011,33,6,8,285),(32251,2011,34,6,8,285),(32252,2011,35,6,8,285),(32253,2011,36,6,8,285),(32254,2011,22,2,8,285),(32255,2011,23,2,8,285),(32256,2011,24,2,8,285),(32257,2011,25,2,8,285),(32258,2011,26,2,8,285),(32259,2011,27,2,8,285),(32260,2011,28,2,8,285),(32261,2011,29,2,8,285),(32262,2011,30,2,8,285),(32263,2011,31,2,8,285),(32264,2011,32,2,8,285),(32265,2011,33,2,8,285),(32266,2011,34,2,8,285),(32267,2011,35,2,8,285),(32268,2011,36,2,8,285),(32269,2011,37,5,8,285),(32270,2011,38,5,8,285),(32271,2011,39,5,8,285),(32272,2011,40,5,8,285),(32273,2011,41,5,8,285),(32274,2011,42,5,8,285),(32275,2011,43,5,8,285),(32276,2011,44,5,8,285),(32277,2011,45,5,8,285),(32278,2011,46,5,8,285),(32279,2011,47,5,8,285),(32280,2011,48,5,8,285),(32281,2011,49,5,8,285),(32282,2011,50,5,8,285),(32283,2011,51,5,8,285),(32284,2011,52,5,8,285),(32285,2011,37,6,8,285),(32286,2011,38,6,8,285),(32287,2011,39,6,8,285),(32288,2011,40,6,8,285),(32289,2011,41,6,8,285),(32290,2011,42,6,8,285),(32291,2011,43,6,8,285),(32292,2011,44,6,8,285),(32293,2011,45,6,8,285),(32294,2011,46,6,8,285),(32295,2011,47,6,8,285),(32296,2011,48,6,8,285),(32297,2011,49,6,8,285),(32298,2011,50,6,8,285),(32299,2011,51,6,8,285),(32300,2011,52,6,8,285),(32301,2011,37,2,8,285),(32302,2011,38,2,8,285),(32303,2011,39,2,8,285),(32304,2011,40,2,8,285),(32305,2011,41,2,8,285),(32306,2011,42,2,8,285),(32307,2011,43,2,8,285),(32308,2011,44,2,8,285),(32309,2011,45,2,8,285),(32310,2011,46,2,8,285),(32311,2011,47,2,8,285),(32312,2011,48,2,8,285),(32313,2011,49,2,8,285),(32314,2011,50,2,8,285),(32315,2011,51,2,8,285),(32316,2011,52,2,8,285),(32317,2011,22,5,9,287),(32318,2011,23,5,9,287),(32319,2011,24,5,9,287),(32320,2011,25,5,9,287),(32321,2011,26,5,9,287),(32322,2011,27,5,9,287),(32323,2011,28,5,9,287),(32324,2011,29,5,9,287),(32325,2011,30,5,9,287),(32326,2011,31,5,9,287),(32327,2011,32,5,9,287),(32328,2011,33,5,9,287),(32329,2011,34,5,9,287),(32330,2011,35,5,9,287),(32331,2011,36,5,9,287),(32332,2011,22,5,10,287),(32333,2011,23,5,10,287),(32334,2011,24,5,10,287),(32335,2011,25,5,10,287),(32336,2011,26,5,10,287),(32337,2011,27,5,10,287),(32338,2011,28,5,10,287),(32339,2011,29,5,10,287),(32340,2011,30,5,10,287),(32341,2011,31,5,10,287),(32342,2011,32,5,10,287),(32343,2011,33,5,10,287),(32344,2011,34,5,10,287),(32345,2011,35,5,10,287),(32346,2011,36,5,10,287),(32347,2011,22,6,9,287),(32348,2011,23,6,9,287),(32349,2011,24,6,9,287),(32350,2011,25,6,9,287),(32351,2011,26,6,9,287),(32352,2011,27,6,9,287),(32353,2011,28,6,9,287),(32354,2011,29,6,9,287),(32355,2011,30,6,9,287),(32356,2011,31,6,9,287),(32357,2011,32,6,9,287),(32358,2011,33,6,9,287),(32359,2011,34,6,9,287),(32360,2011,35,6,9,287),(32361,2011,36,6,9,287),(32362,2011,22,6,10,287),(32363,2011,23,6,10,287),(32364,2011,24,6,10,287),(32365,2011,25,6,10,287),(32366,2011,26,6,10,287),(32367,2011,27,6,10,287),(32368,2011,28,6,10,287),(32369,2011,29,6,10,287),(32370,2011,30,6,10,287),(32371,2011,31,6,10,287),(32372,2011,32,6,10,287),(32373,2011,33,6,10,287),(32374,2011,34,6,10,287),(32375,2011,35,6,10,287),(32376,2011,36,6,10,287),(32377,2011,37,5,9,287),(32378,2011,38,5,9,287),(32379,2011,39,5,9,287),(32380,2011,40,5,9,287),(32381,2011,41,5,9,287),(32382,2011,42,5,9,287),(32383,2011,43,5,9,287),(32384,2011,44,5,9,287),(32385,2011,45,5,9,287),(32386,2011,46,5,9,287),(32387,2011,47,5,9,287),(32388,2011,48,5,9,287),(32389,2011,49,5,9,287),(32390,2011,50,5,9,287),(32391,2011,51,5,9,287),(32392,2011,52,5,9,287),(32393,2011,37,5,10,287),(32394,2011,38,5,10,287),(32395,2011,39,5,10,287),(32396,2011,40,5,10,287),(32397,2011,41,5,10,287),(32398,2011,42,5,10,287),(32399,2011,43,5,10,287),(32400,2011,44,5,10,287),(32401,2011,45,5,10,287),(32402,2011,46,5,10,287),(32403,2011,47,5,10,287),(32404,2011,48,5,10,287),(32405,2011,49,5,10,287),(32406,2011,50,5,10,287),(32407,2011,51,5,10,287),(32408,2011,52,5,10,287),(32409,2011,37,6,9,287),(32410,2011,38,6,9,287),(32411,2011,39,6,9,287),(32412,2011,40,6,9,287),(32413,2011,41,6,9,287),(32414,2011,42,6,9,287),(32415,2011,43,6,9,287),(32416,2011,44,6,9,287),(32417,2011,45,6,9,287),(32418,2011,46,6,9,287),(32419,2011,47,6,9,287),(32420,2011,48,6,9,287),(32421,2011,49,6,9,287),(32422,2011,50,6,9,287),(32423,2011,51,6,9,287),(32424,2011,52,6,9,287),(32425,2011,37,6,10,287),(32426,2011,38,6,10,287),(32427,2011,39,6,10,287),(32428,2011,40,6,10,287),(32429,2011,41,6,10,287),(32430,2011,42,6,10,287),(32431,2011,43,6,10,287),(32432,2011,44,6,10,287),(32433,2011,45,6,10,287),(32434,2011,46,6,10,287),(32435,2011,47,6,10,287),(32436,2011,48,6,10,287),(32437,2011,49,6,10,287),(32438,2011,50,6,10,287),(32439,2011,51,6,10,287),(32440,2011,52,6,10,287),(32441,2011,22,2,5,288),(32442,2011,23,2,5,288),(32443,2011,24,2,5,288),(32444,2011,25,2,5,288),(32445,2011,26,2,5,288),(32446,2011,27,2,5,288),(32447,2011,28,2,5,288),(32448,2011,29,2,5,288),(32449,2011,30,2,5,288),(32450,2011,31,2,5,288),(32451,2011,32,2,5,288),(32452,2011,33,2,5,288),(32453,2011,34,2,5,288),(32454,2011,35,2,5,288),(32455,2011,36,2,5,288),(32456,2011,22,4,2,288),(32457,2011,23,4,2,288),(32458,2011,24,4,2,288),(32459,2011,25,4,2,288),(32460,2011,26,4,2,288),(32461,2011,27,4,2,288),(32462,2011,28,4,2,288),(32463,2011,29,4,2,288),(32464,2011,30,4,2,288),(32465,2011,31,4,2,288),(32466,2011,32,4,2,288),(32467,2011,33,4,2,288),(32468,2011,34,4,2,288),(32469,2011,35,4,2,288),(32470,2011,36,4,2,288),(32471,2011,22,3,2,288),(32472,2011,23,3,2,288),(32473,2011,24,3,2,288),(32474,2011,25,3,2,288),(32475,2011,26,3,2,288),(32476,2011,27,3,2,288),(32477,2011,28,3,2,288),(32478,2011,29,3,2,288),(32479,2011,30,3,2,288),(32480,2011,31,3,2,288),(32481,2011,32,3,2,288),(32482,2011,33,3,2,288),(32483,2011,34,3,2,288),(32484,2011,35,3,2,288),(32485,2011,36,3,2,288),(32486,2011,37,2,5,288),(32487,2011,38,2,5,288),(32488,2011,39,2,5,288),(32489,2011,40,2,5,288),(32490,2011,41,2,5,288),(32491,2011,42,2,5,288),(32492,2011,43,2,5,288),(32493,2011,44,2,5,288),(32494,2011,45,2,5,288),(32495,2011,46,2,5,288),(32496,2011,47,2,5,288),(32497,2011,48,2,5,288),(32498,2011,49,2,5,288),(32499,2011,50,2,5,288),(32500,2011,51,2,5,288),(32501,2011,52,2,5,288),(32502,2011,37,4,2,288),(32503,2011,38,4,2,288),(32504,2011,39,4,2,288),(32505,2011,40,4,2,288),(32506,2011,41,4,2,288),(32507,2011,42,4,2,288),(32508,2011,43,4,2,288),(32509,2011,44,4,2,288),(32510,2011,45,4,2,288),(32511,2011,46,4,2,288),(32512,2011,47,4,2,288),(32513,2011,48,4,2,288),(32514,2011,49,4,2,288),(32515,2011,50,4,2,288),(32516,2011,51,4,2,288),(32517,2011,52,4,2,288),(32518,2011,37,3,2,288),(32519,2011,38,3,2,288),(32520,2011,39,3,2,288),(32521,2011,40,3,2,288),(32522,2011,41,3,2,288),(32523,2011,42,3,2,288),(32524,2011,43,3,2,288),(32525,2011,44,3,2,288),(32526,2011,45,3,2,288),(32527,2011,46,3,2,288),(32528,2011,47,3,2,288),(32529,2011,48,3,2,288),(32530,2011,49,3,2,288),(32531,2011,50,3,2,288),(32532,2011,51,3,2,288),(32533,2011,52,3,2,288),(32534,2011,22,4,3,289),(32535,2011,23,4,3,289),(32536,2011,24,4,3,289),(32537,2011,25,4,3,289),(32538,2011,26,4,3,289),(32539,2011,27,4,3,289),(32540,2011,28,4,3,289),(32541,2011,29,4,3,289),(32542,2011,30,4,3,289),(32543,2011,31,4,3,289),(32544,2011,32,4,3,289),(32545,2011,33,4,3,289),(32546,2011,34,4,3,289),(32547,2011,35,4,3,289),(32548,2011,36,4,3,289),(32549,2011,22,4,4,289),(32550,2011,23,4,4,289),(32551,2011,24,4,4,289),(32552,2011,25,4,4,289),(32553,2011,26,4,4,289),(32554,2011,27,4,4,289),(32555,2011,28,4,4,289),(32556,2011,29,4,4,289),(32557,2011,30,4,4,289),(32558,2011,31,4,4,289),(32559,2011,32,4,4,289),(32560,2011,33,4,4,289),(32561,2011,34,4,4,289),(32562,2011,35,4,4,289),(32563,2011,36,4,4,289),(32564,2011,22,3,3,289),(32565,2011,23,3,3,289),(32566,2011,24,3,3,289),(32567,2011,25,3,3,289),(32568,2011,26,3,3,289),(32569,2011,27,3,3,289),(32570,2011,28,3,3,289),(32571,2011,29,3,3,289),(32572,2011,30,3,3,289),(32573,2011,31,3,3,289),(32574,2011,32,3,3,289),(32575,2011,33,3,3,289),(32576,2011,34,3,3,289),(32577,2011,35,3,3,289),(32578,2011,36,3,3,289),(32579,2011,22,3,4,289),(32580,2011,23,3,4,289),(32581,2011,24,3,4,289),(32582,2011,25,3,4,289),(32583,2011,26,3,4,289),(32584,2011,27,3,4,289),(32585,2011,28,3,4,289),(32586,2011,29,3,4,289),(32587,2011,30,3,4,289),(32588,2011,31,3,4,289),(32589,2011,32,3,4,289),(32590,2011,33,3,4,289),(32591,2011,34,3,4,289),(32592,2011,35,3,4,289),(32593,2011,36,3,4,289),(32594,2011,37,4,3,289),(32595,2011,38,4,3,289),(32596,2011,39,4,3,289),(32597,2011,40,4,3,289),(32598,2011,41,4,3,289),(32599,2011,42,4,3,289),(32600,2011,43,4,3,289),(32601,2011,44,4,3,289),(32602,2011,45,4,3,289),(32603,2011,46,4,3,289),(32604,2011,47,4,3,289),(32605,2011,48,4,3,289),(32606,2011,49,4,3,289),(32607,2011,50,4,3,289),(32608,2011,51,4,3,289),(32609,2011,52,4,3,289),(32610,2011,37,4,4,289),(32611,2011,38,4,4,289),(32612,2011,39,4,4,289),(32613,2011,40,4,4,289),(32614,2011,41,4,4,289),(32615,2011,42,4,4,289),(32616,2011,43,4,4,289),(32617,2011,44,4,4,289),(32618,2011,45,4,4,289),(32619,2011,46,4,4,289),(32620,2011,47,4,4,289),(32621,2011,48,4,4,289),(32622,2011,49,4,4,289),(32623,2011,50,4,4,289),(32624,2011,51,4,4,289),(32625,2011,52,4,4,289),(32626,2011,37,3,3,289),(32627,2011,38,3,3,289),(32628,2011,39,3,3,289),(32629,2011,40,3,3,289),(32630,2011,41,3,3,289),(32631,2011,42,3,3,289),(32632,2011,43,3,3,289),(32633,2011,44,3,3,289),(32634,2011,45,3,3,289),(32635,2011,46,3,3,289),(32636,2011,47,3,3,289),(32637,2011,48,3,3,289),(32638,2011,49,3,3,289),(32639,2011,50,3,3,289),(32640,2011,51,3,3,289),(32641,2011,52,3,3,289),(32642,2011,37,3,4,289),(32643,2011,38,3,4,289),(32644,2011,39,3,4,289),(32645,2011,40,3,4,289),(32646,2011,41,3,4,289),(32647,2011,42,3,4,289),(32648,2011,43,3,4,289),(32649,2011,44,3,4,289),(32650,2011,45,3,4,289),(32651,2011,46,3,4,289),(32652,2011,47,3,4,289),(32653,2011,48,3,4,289),(32654,2011,49,3,4,289),(32655,2011,50,3,4,289),(32656,2011,51,3,4,289),(32657,2011,52,3,4,289),(32658,2011,22,2,6,290),(32659,2011,23,2,6,290),(32660,2011,24,2,6,290),(32661,2011,25,2,6,290),(32662,2011,26,2,6,290),(32663,2011,27,2,6,290),(32664,2011,28,2,6,290),(32665,2011,29,2,6,290),(32666,2011,30,2,6,290),(32667,2011,31,2,6,290),(32668,2011,32,2,6,290),(32669,2011,33,2,6,290),(32670,2011,34,2,6,290),(32671,2011,35,2,6,290),(32672,2011,36,2,6,290),(32673,2011,22,4,5,290),(32674,2011,23,4,5,290),(32675,2011,24,4,5,290),(32676,2011,25,4,5,290),(32677,2011,26,4,5,290),(32678,2011,27,4,5,290),(32679,2011,28,4,5,290),(32680,2011,29,4,5,290),(32681,2011,30,4,5,290),(32682,2011,31,4,5,290),(32683,2011,32,4,5,290),(32684,2011,33,4,5,290),(32685,2011,34,4,5,290),(32686,2011,35,4,5,290),(32687,2011,36,4,5,290),(32688,2011,22,3,5,290),(32689,2011,23,3,5,290),(32690,2011,24,3,5,290),(32691,2011,25,3,5,290),(32692,2011,26,3,5,290),(32693,2011,27,3,5,290),(32694,2011,28,3,5,290),(32695,2011,29,3,5,290),(32696,2011,30,3,5,290),(32697,2011,31,3,5,290),(32698,2011,32,3,5,290),(32699,2011,33,3,5,290),(32700,2011,34,3,5,290),(32701,2011,35,3,5,290),(32702,2011,36,3,5,290),(32703,2011,37,2,6,290),(32704,2011,38,2,6,290),(32705,2011,39,2,6,290),(32706,2011,40,2,6,290),(32707,2011,41,2,6,290),(32708,2011,42,2,6,290),(32709,2011,43,2,6,290),(32710,2011,44,2,6,290),(32711,2011,45,2,6,290),(32712,2011,46,2,6,290),(32713,2011,47,2,6,290),(32714,2011,48,2,6,290),(32715,2011,49,2,6,290),(32716,2011,50,2,6,290),(32717,2011,51,2,6,290),(32718,2011,52,2,6,290),(32719,2011,37,4,5,290),(32720,2011,38,4,5,290),(32721,2011,39,4,5,290),(32722,2011,40,4,5,290),(32723,2011,41,4,5,290),(32724,2011,42,4,5,290),(32725,2011,43,4,5,290),(32726,2011,44,4,5,290),(32727,2011,45,4,5,290),(32728,2011,46,4,5,290),(32729,2011,47,4,5,290),(32730,2011,48,4,5,290),(32731,2011,49,4,5,290),(32732,2011,50,4,5,290),(32733,2011,51,4,5,290),(32734,2011,52,4,5,290),(32735,2011,37,3,5,290),(32736,2011,38,3,5,290),(32737,2011,39,3,5,290),(32738,2011,40,3,5,290),(32739,2011,41,3,5,290),(32740,2011,42,3,5,290),(32741,2011,43,3,5,290),(32742,2011,44,3,5,290),(32743,2011,45,3,5,290),(32744,2011,46,3,5,290),(32745,2011,47,3,5,290),(32746,2011,48,3,5,290),(32747,2011,49,3,5,290),(32748,2011,50,3,5,290),(32749,2011,51,3,5,290),(32750,2011,52,3,5,290),(32751,2011,22,2,9,293),(32752,2011,23,2,9,293),(32753,2011,24,2,9,293),(32754,2011,25,2,9,293),(32755,2011,26,2,9,293),(32756,2011,27,2,9,293),(32757,2011,28,2,9,293),(32758,2011,29,2,9,293),(32759,2011,30,2,9,293),(32760,2011,31,2,9,293),(32761,2011,32,2,9,293),(32762,2011,33,2,9,293),(32763,2011,34,2,9,293),(32764,2011,35,2,9,293),(32765,2011,36,2,9,293),(32766,2011,22,2,10,293),(32767,2011,23,2,10,293),(32768,2011,24,2,10,293),(32769,2011,25,2,10,293),(32770,2011,26,2,10,293),(32771,2011,27,2,10,293),(32772,2011,28,2,10,293),(32773,2011,29,2,10,293),(32774,2011,30,2,10,293),(32775,2011,31,2,10,293),(32776,2011,32,2,10,293),(32777,2011,33,2,10,293),(32778,2011,34,2,10,293),(32779,2011,35,2,10,293),(32780,2011,36,2,10,293),(32781,2011,22,4,5,293),(32782,2011,23,4,5,293),(32783,2011,24,4,5,293),(32784,2011,25,4,5,293),(32785,2011,26,4,5,293),(32786,2011,27,4,5,293),(32787,2011,28,4,5,293),(32788,2011,29,4,5,293),(32789,2011,30,4,5,293),(32790,2011,31,4,5,293),(32791,2011,32,4,5,293),(32792,2011,33,4,5,293),(32793,2011,34,4,5,293),(32794,2011,35,4,5,293),(32795,2011,36,4,5,293),(32796,2011,22,4,6,293),(32797,2011,23,4,6,293),(32798,2011,24,4,6,293),(32799,2011,25,4,6,293),(32800,2011,26,4,6,293),(32801,2011,27,4,6,293),(32802,2011,28,4,6,293),(32803,2011,29,4,6,293),(32804,2011,30,4,6,293),(32805,2011,31,4,6,293),(32806,2011,32,4,6,293),(32807,2011,33,4,6,293),(32808,2011,34,4,6,293),(32809,2011,35,4,6,293),(32810,2011,36,4,6,293),(32811,2011,22,3,1,293),(32812,2011,23,3,1,293),(32813,2011,24,3,1,293),(32814,2011,25,3,1,293),(32815,2011,26,3,1,293),(32816,2011,27,3,1,293),(32817,2011,28,3,1,293),(32818,2011,29,3,1,293),(32819,2011,30,3,1,293),(32820,2011,31,3,1,293),(32821,2011,32,3,1,293),(32822,2011,33,3,1,293),(32823,2011,34,3,1,293),(32824,2011,35,3,1,293),(32825,2011,36,3,1,293),(32826,2011,22,3,2,293),(32827,2011,23,3,2,293),(32828,2011,24,3,2,293),(32829,2011,25,3,2,293),(32830,2011,26,3,2,293),(32831,2011,27,3,2,293),(32832,2011,28,3,2,293),(32833,2011,29,3,2,293),(32834,2011,30,3,2,293),(32835,2011,31,3,2,293),(32836,2011,32,3,2,293),(32837,2011,33,3,2,293),(32838,2011,34,3,2,293),(32839,2011,35,3,2,293),(32840,2011,36,3,2,293),(32841,2011,37,2,9,293),(32842,2011,38,2,9,293),(32843,2011,39,2,9,293),(32844,2011,40,2,9,293),(32845,2011,41,2,9,293),(32846,2011,42,2,9,293),(32847,2011,43,2,9,293),(32848,2011,44,2,9,293),(32849,2011,45,2,9,293),(32850,2011,46,2,9,293),(32851,2011,47,2,9,293),(32852,2011,48,2,9,293),(32853,2011,49,2,9,293),(32854,2011,50,2,9,293),(32855,2011,51,2,9,293),(32856,2011,52,2,9,293),(32857,2011,37,2,10,293),(32858,2011,38,2,10,293),(32859,2011,39,2,10,293),(32860,2011,40,2,10,293),(32861,2011,41,2,10,293),(32862,2011,42,2,10,293),(32863,2011,43,2,10,293),(32864,2011,44,2,10,293),(32865,2011,45,2,10,293),(32866,2011,46,2,10,293),(32867,2011,47,2,10,293),(32868,2011,48,2,10,293),(32869,2011,49,2,10,293),(32870,2011,50,2,10,293),(32871,2011,51,2,10,293),(32872,2011,52,2,10,293),(32873,2011,37,4,5,293),(32874,2011,38,4,5,293),(32875,2011,39,4,5,293),(32876,2011,40,4,5,293),(32877,2011,41,4,5,293),(32878,2011,42,4,5,293),(32879,2011,43,4,5,293),(32880,2011,44,4,5,293),(32881,2011,45,4,5,293),(32882,2011,46,4,5,293),(32883,2011,47,4,5,293),(32884,2011,48,4,5,293),(32885,2011,49,4,5,293),(32886,2011,50,4,5,293),(32887,2011,51,4,5,293),(32888,2011,52,4,5,293),(32889,2011,37,4,6,293),(32890,2011,38,4,6,293),(32891,2011,39,4,6,293),(32892,2011,40,4,6,293),(32893,2011,41,4,6,293),(32894,2011,42,4,6,293),(32895,2011,43,4,6,293),(32896,2011,44,4,6,293),(32897,2011,45,4,6,293),(32898,2011,46,4,6,293),(32899,2011,47,4,6,293),(32900,2011,48,4,6,293),(32901,2011,49,4,6,293),(32902,2011,50,4,6,293),(32903,2011,51,4,6,293),(32904,2011,52,4,6,293),(32905,2011,37,3,1,293),(32906,2011,38,3,1,293),(32907,2011,39,3,1,293),(32908,2011,40,3,1,293),(32909,2011,41,3,1,293),(32910,2011,42,3,1,293),(32911,2011,43,3,1,293),(32912,2011,44,3,1,293),(32913,2011,45,3,1,293),(32914,2011,46,3,1,293),(32915,2011,47,3,1,293),(32916,2011,48,3,1,293),(32917,2011,49,3,1,293),(32918,2011,50,3,1,293),(32919,2011,51,3,1,293),(32920,2011,52,3,1,293),(32921,2011,37,3,2,293),(32922,2011,38,3,2,293),(32923,2011,39,3,2,293),(32924,2011,40,3,2,293),(32925,2011,41,3,2,293),(32926,2011,42,3,2,293),(32927,2011,43,3,2,293),(32928,2011,44,3,2,293),(32929,2011,45,3,2,293),(32930,2011,46,3,2,293),(32931,2011,47,3,2,293),(32932,2011,48,3,2,293),(32933,2011,49,3,2,293),(32934,2011,50,3,2,293),(32935,2011,51,3,2,293),(32936,2011,52,3,2,293),(32937,2011,22,4,8,294),(32938,2011,23,4,8,294),(32939,2011,24,4,8,294),(32940,2011,25,4,8,294),(32941,2011,26,4,8,294),(32942,2011,27,4,8,294),(32943,2011,28,4,8,294),(32944,2011,29,4,8,294),(32945,2011,30,4,8,294),(32946,2011,31,4,8,294),(32947,2011,32,4,8,294),(32948,2011,33,4,8,294),(32949,2011,34,4,8,294),(32950,2011,35,4,8,294),(32951,2011,36,4,8,294),(32952,2011,22,4,9,294),(32953,2011,23,4,9,294),(32954,2011,24,4,9,294),(32955,2011,25,4,9,294),(32956,2011,26,4,9,294),(32957,2011,27,4,9,294),(32958,2011,28,4,9,294),(32959,2011,29,4,9,294),(32960,2011,30,4,9,294),(32961,2011,31,4,9,294),(32962,2011,32,4,9,294),(32963,2011,33,4,9,294),(32964,2011,34,4,9,294),(32965,2011,35,4,9,294),(32966,2011,36,4,9,294),(32967,2011,22,3,8,294),(32968,2011,23,3,8,294),(32969,2011,24,3,8,294),(32970,2011,25,3,8,294),(32971,2011,26,3,8,294),(32972,2011,27,3,8,294),(32973,2011,28,3,8,294),(32974,2011,29,3,8,294),(32975,2011,30,3,8,294),(32976,2011,31,3,8,294),(32977,2011,32,3,8,294),(32978,2011,33,3,8,294),(32979,2011,34,3,8,294),(32980,2011,35,3,8,294),(32981,2011,36,3,8,294),(32982,2011,22,3,9,294),(32983,2011,23,3,9,294),(32984,2011,24,3,9,294),(32985,2011,25,3,9,294),(32986,2011,26,3,9,294),(32987,2011,27,3,9,294),(32988,2011,28,3,9,294),(32989,2011,29,3,9,294),(32990,2011,30,3,9,294),(32991,2011,31,3,9,294),(32992,2011,32,3,9,294),(32993,2011,33,3,9,294),(32994,2011,34,3,9,294),(32995,2011,35,3,9,294),(32996,2011,36,3,9,294),(32997,2011,22,5,1,294),(32998,2011,23,5,1,294),(32999,2011,24,5,1,294),(33000,2011,25,5,1,294),(33001,2011,26,5,1,294),(33002,2011,27,5,1,294),(33003,2011,28,5,1,294),(33004,2011,29,5,1,294),(33005,2011,30,5,1,294),(33006,2011,31,5,1,294),(33007,2011,32,5,1,294),(33008,2011,33,5,1,294),(33009,2011,34,5,1,294),(33010,2011,35,5,1,294),(33011,2011,36,5,1,294),(33012,2011,22,5,2,294),(33013,2011,23,5,2,294),(33014,2011,24,5,2,294),(33015,2011,25,5,2,294),(33016,2011,26,5,2,294),(33017,2011,27,5,2,294),(33018,2011,28,5,2,294),(33019,2011,29,5,2,294),(33020,2011,30,5,2,294),(33021,2011,31,5,2,294),(33022,2011,32,5,2,294),(33023,2011,33,5,2,294),(33024,2011,34,5,2,294),(33025,2011,35,5,2,294),(33026,2011,36,5,2,294),(33027,2011,37,4,8,294),(33028,2011,38,4,8,294),(33029,2011,39,4,8,294),(33030,2011,40,4,8,294),(33031,2011,41,4,8,294),(33032,2011,42,4,8,294),(33033,2011,43,4,8,294),(33034,2011,44,4,8,294),(33035,2011,45,4,8,294),(33036,2011,46,4,8,294),(33037,2011,47,4,8,294),(33038,2011,48,4,8,294),(33039,2011,49,4,8,294),(33040,2011,50,4,8,294),(33041,2011,51,4,8,294),(33042,2011,52,4,8,294),(33043,2011,37,4,9,294),(33044,2011,38,4,9,294),(33045,2011,39,4,9,294),(33046,2011,40,4,9,294),(33047,2011,41,4,9,294),(33048,2011,42,4,9,294),(33049,2011,43,4,9,294),(33050,2011,44,4,9,294),(33051,2011,45,4,9,294),(33052,2011,46,4,9,294),(33053,2011,47,4,9,294),(33054,2011,48,4,9,294),(33055,2011,49,4,9,294),(33056,2011,50,4,9,294),(33057,2011,51,4,9,294),(33058,2011,52,4,9,294),(33059,2011,37,3,8,294),(33060,2011,38,3,8,294),(33061,2011,39,3,8,294),(33062,2011,40,3,8,294),(33063,2011,41,3,8,294),(33064,2011,42,3,8,294),(33065,2011,43,3,8,294),(33066,2011,44,3,8,294),(33067,2011,45,3,8,294),(33068,2011,46,3,8,294),(33069,2011,47,3,8,294),(33070,2011,48,3,8,294),(33071,2011,49,3,8,294),(33072,2011,50,3,8,294),(33073,2011,51,3,8,294),(33074,2011,52,3,8,294),(33075,2011,37,3,9,294),(33076,2011,38,3,9,294),(33077,2011,39,3,9,294),(33078,2011,40,3,9,294),(33079,2011,41,3,9,294),(33080,2011,42,3,9,294),(33081,2011,43,3,9,294),(33082,2011,44,3,9,294),(33083,2011,45,3,9,294),(33084,2011,46,3,9,294),(33085,2011,47,3,9,294),(33086,2011,48,3,9,294),(33087,2011,49,3,9,294),(33088,2011,50,3,9,294),(33089,2011,51,3,9,294),(33090,2011,52,3,9,294),(33091,2011,37,5,1,294),(33092,2011,38,5,1,294),(33093,2011,39,5,1,294),(33094,2011,40,5,1,294),(33095,2011,41,5,1,294),(33096,2011,42,5,1,294),(33097,2011,43,5,1,294),(33098,2011,44,5,1,294),(33099,2011,45,5,1,294),(33100,2011,46,5,1,294),(33101,2011,47,5,1,294),(33102,2011,48,5,1,294),(33103,2011,49,5,1,294),(33104,2011,50,5,1,294),(33105,2011,51,5,1,294),(33106,2011,52,5,1,294),(33107,2011,37,5,2,294),(33108,2011,38,5,2,294),(33109,2011,39,5,2,294),(33110,2011,40,5,2,294),(33111,2011,41,5,2,294),(33112,2011,42,5,2,294),(33113,2011,43,5,2,294),(33114,2011,44,5,2,294),(33115,2011,45,5,2,294),(33116,2011,46,5,2,294),(33117,2011,47,5,2,294),(33118,2011,48,5,2,294),(33119,2011,49,5,2,294),(33120,2011,50,5,2,294),(33121,2011,51,5,2,294),(33122,2011,52,5,2,294),(33123,2011,22,2,2,296),(33124,2011,23,2,2,296),(33125,2011,24,2,2,296),(33126,2011,25,2,2,296),(33127,2011,26,2,2,296),(33128,2011,27,2,2,296),(33129,2011,28,2,2,296),(33130,2011,29,2,2,296),(33131,2011,30,2,2,296),(33132,2011,31,2,2,296),(33133,2011,32,2,2,296),(33134,2011,33,2,2,296),(33135,2011,34,2,2,296),(33136,2011,35,2,2,296),(33137,2011,36,2,2,296),(33138,2011,22,4,4,296),(33139,2011,23,4,4,296),(33140,2011,24,4,4,296),(33141,2011,25,4,4,296),(33142,2011,26,4,4,296),(33143,2011,27,4,4,296),(33144,2011,28,4,4,296),(33145,2011,29,4,4,296),(33146,2011,30,4,4,296),(33147,2011,31,4,4,296),(33148,2011,32,4,4,296),(33149,2011,33,4,4,296),(33150,2011,34,4,4,296),(33151,2011,35,4,4,296),(33152,2011,36,4,4,296),(33153,2011,22,3,4,296),(33154,2011,23,3,4,296),(33155,2011,24,3,4,296),(33156,2011,25,3,4,296),(33157,2011,26,3,4,296),(33158,2011,27,3,4,296),(33159,2011,28,3,4,296),(33160,2011,29,3,4,296),(33161,2011,30,3,4,296),(33162,2011,31,3,4,296),(33163,2011,32,3,4,296),(33164,2011,33,3,4,296),(33165,2011,34,3,4,296),(33166,2011,35,3,4,296),(33167,2011,36,3,4,296),(33168,2011,37,2,2,296),(33169,2011,38,2,2,296),(33170,2011,39,2,2,296),(33171,2011,40,2,2,296),(33172,2011,41,2,2,296),(33173,2011,42,2,2,296),(33174,2011,43,2,2,296),(33175,2011,44,2,2,296),(33176,2011,45,2,2,296),(33177,2011,46,2,2,296),(33178,2011,47,2,2,296),(33179,2011,48,2,2,296),(33180,2011,49,2,2,296),(33181,2011,50,2,2,296),(33182,2011,51,2,2,296),(33183,2011,52,2,2,296),(33184,2011,37,4,4,296),(33185,2011,38,4,4,296),(33186,2011,39,4,4,296),(33187,2011,40,4,4,296),(33188,2011,41,4,4,296),(33189,2011,42,4,4,296),(33190,2011,43,4,4,296),(33191,2011,44,4,4,296),(33192,2011,45,4,4,296),(33193,2011,46,4,4,296),(33194,2011,47,4,4,296),(33195,2011,48,4,4,296),(33196,2011,49,4,4,296),(33197,2011,50,4,4,296),(33198,2011,51,4,4,296),(33199,2011,52,4,4,296),(33200,2011,37,3,4,296),(33201,2011,38,3,4,296),(33202,2011,39,3,4,296),(33203,2011,40,3,4,296),(33204,2011,41,3,4,296),(33205,2011,42,3,4,296),(33206,2011,43,3,4,296),(33207,2011,44,3,4,296),(33208,2011,45,3,4,296),(33209,2011,46,3,4,296),(33210,2011,47,3,4,296),(33211,2011,48,3,4,296),(33212,2011,49,3,4,296),(33213,2011,50,3,4,296),(33214,2011,51,3,4,296),(33215,2011,52,3,4,296),(33216,2011,22,2,1,297),(33217,2011,23,2,1,297),(33218,2011,24,2,1,297),(33219,2011,25,2,1,297),(33220,2011,26,2,1,297),(33221,2011,27,2,1,297),(33222,2011,28,2,1,297),(33223,2011,29,2,1,297),(33224,2011,30,2,1,297),(33225,2011,31,2,1,297),(33226,2011,32,2,1,297),(33227,2011,33,2,1,297),(33228,2011,34,2,1,297),(33229,2011,35,2,1,297),(33230,2011,36,2,1,297),(33231,2011,22,4,1,297),(33232,2011,23,4,1,297),(33233,2011,24,4,1,297),(33234,2011,25,4,1,297),(33235,2011,26,4,1,297),(33236,2011,27,4,1,297),(33237,2011,28,4,1,297),(33238,2011,29,4,1,297),(33239,2011,30,4,1,297),(33240,2011,31,4,1,297),(33241,2011,32,4,1,297),(33242,2011,33,4,1,297),(33243,2011,34,4,1,297),(33244,2011,35,4,1,297),(33245,2011,36,4,1,297),(33246,2011,22,3,5,297),(33247,2011,23,3,5,297),(33248,2011,24,3,5,297),(33249,2011,25,3,5,297),(33250,2011,26,3,5,297),(33251,2011,27,3,5,297),(33252,2011,28,3,5,297),(33253,2011,29,3,5,297),(33254,2011,30,3,5,297),(33255,2011,31,3,5,297),(33256,2011,32,3,5,297),(33257,2011,33,3,5,297),(33258,2011,34,3,5,297),(33259,2011,35,3,5,297),(33260,2011,36,3,5,297),(33261,2011,37,2,1,297),(33262,2011,38,2,1,297),(33263,2011,39,2,1,297),(33264,2011,40,2,1,297),(33265,2011,41,2,1,297),(33266,2011,42,2,1,297),(33267,2011,43,2,1,297),(33268,2011,44,2,1,297),(33269,2011,45,2,1,297),(33270,2011,46,2,1,297),(33271,2011,47,2,1,297),(33272,2011,48,2,1,297),(33273,2011,49,2,1,297),(33274,2011,50,2,1,297),(33275,2011,51,2,1,297),(33276,2011,52,2,1,297),(33277,2011,37,4,1,297),(33278,2011,38,4,1,297),(33279,2011,39,4,1,297),(33280,2011,40,4,1,297),(33281,2011,41,4,1,297),(33282,2011,42,4,1,297),(33283,2011,43,4,1,297),(33284,2011,44,4,1,297),(33285,2011,45,4,1,297),(33286,2011,46,4,1,297),(33287,2011,47,4,1,297),(33288,2011,48,4,1,297),(33289,2011,49,4,1,297),(33290,2011,50,4,1,297),(33291,2011,51,4,1,297),(33292,2011,52,4,1,297),(33293,2011,37,3,5,297),(33294,2011,38,3,5,297),(33295,2011,39,3,5,297),(33296,2011,40,3,5,297),(33297,2011,41,3,5,297),(33298,2011,42,3,5,297),(33299,2011,43,3,5,297),(33300,2011,44,3,5,297),(33301,2011,45,3,5,297),(33302,2011,46,3,5,297),(33303,2011,47,3,5,297),(33304,2011,48,3,5,297),(33305,2011,49,3,5,297),(33306,2011,50,3,5,297),(33307,2011,51,3,5,297),(33308,2011,52,3,5,297),(33309,2011,22,2,8,298),(33310,2011,23,2,8,298),(33311,2011,24,2,8,298),(33312,2011,25,2,8,298),(33313,2011,26,2,8,298),(33314,2011,27,2,8,298),(33315,2011,28,2,8,298),(33316,2011,29,2,8,298),(33317,2011,30,2,8,298),(33318,2011,31,2,8,298),(33319,2011,32,2,8,298),(33320,2011,33,2,8,298),(33321,2011,34,2,8,298),(33322,2011,35,2,8,298),(33323,2011,36,2,8,298),(33324,2011,22,4,8,298),(33325,2011,23,4,8,298),(33326,2011,24,4,8,298),(33327,2011,25,4,8,298),(33328,2011,26,4,8,298),(33329,2011,27,4,8,298),(33330,2011,28,4,8,298),(33331,2011,29,4,8,298),(33332,2011,30,4,8,298),(33333,2011,31,4,8,298),(33334,2011,32,4,8,298),(33335,2011,33,4,8,298),(33336,2011,34,4,8,298),(33337,2011,35,4,8,298),(33338,2011,36,4,8,298),(33339,2011,22,3,6,298),(33340,2011,23,3,6,298),(33341,2011,24,3,6,298),(33342,2011,25,3,6,298),(33343,2011,26,3,6,298),(33344,2011,27,3,6,298),(33345,2011,28,3,6,298),(33346,2011,29,3,6,298),(33347,2011,30,3,6,298),(33348,2011,31,3,6,298),(33349,2011,32,3,6,298),(33350,2011,33,3,6,298),(33351,2011,34,3,6,298),(33352,2011,35,3,6,298),(33353,2011,36,3,6,298),(33354,2011,37,2,8,298),(33355,2011,38,2,8,298),(33356,2011,39,2,8,298),(33357,2011,40,2,8,298),(33358,2011,41,2,8,298),(33359,2011,42,2,8,298),(33360,2011,43,2,8,298),(33361,2011,44,2,8,298),(33362,2011,45,2,8,298),(33363,2011,46,2,8,298),(33364,2011,47,2,8,298),(33365,2011,48,2,8,298),(33366,2011,49,2,8,298),(33367,2011,50,2,8,298),(33368,2011,51,2,8,298),(33369,2011,52,2,8,298),(33370,2011,37,4,8,298),(33371,2011,38,4,8,298),(33372,2011,39,4,8,298),(33373,2011,40,4,8,298),(33374,2011,41,4,8,298),(33375,2011,42,4,8,298),(33376,2011,43,4,8,298),(33377,2011,44,4,8,298),(33378,2011,45,4,8,298),(33379,2011,46,4,8,298),(33380,2011,47,4,8,298),(33381,2011,48,4,8,298),(33382,2011,49,4,8,298),(33383,2011,50,4,8,298),(33384,2011,51,4,8,298),(33385,2011,52,4,8,298),(33386,2011,37,3,6,298),(33387,2011,38,3,6,298),(33388,2011,39,3,6,298),(33389,2011,40,3,6,298),(33390,2011,41,3,6,298),(33391,2011,42,3,6,298),(33392,2011,43,3,6,298),(33393,2011,44,3,6,298),(33394,2011,45,3,6,298),(33395,2011,46,3,6,298),(33396,2011,47,3,6,298),(33397,2011,48,3,6,298),(33398,2011,49,3,6,298),(33399,2011,50,3,6,298),(33400,2011,51,3,6,298),(33401,2011,52,3,6,298),(33402,2011,22,2,9,299),(33403,2011,23,2,9,299),(33404,2011,24,2,9,299),(33405,2011,25,2,9,299),(33406,2011,26,2,9,299),(33407,2011,27,2,9,299),(33408,2011,28,2,9,299),(33409,2011,29,2,9,299),(33410,2011,30,2,9,299),(33411,2011,31,2,9,299),(33412,2011,32,2,9,299),(33413,2011,33,2,9,299),(33414,2011,34,2,9,299),(33415,2011,35,2,9,299),(33416,2011,36,2,9,299),(33417,2011,22,4,9,299),(33418,2011,23,4,9,299),(33419,2011,24,4,9,299),(33420,2011,25,4,9,299),(33421,2011,26,4,9,299),(33422,2011,27,4,9,299),(33423,2011,28,4,9,299),(33424,2011,29,4,9,299),(33425,2011,30,4,9,299),(33426,2011,31,4,9,299),(33427,2011,32,4,9,299),(33428,2011,33,4,9,299),(33429,2011,34,4,9,299),(33430,2011,35,4,9,299),(33431,2011,36,4,9,299),(33432,2011,22,3,8,299),(33433,2011,23,3,8,299),(33434,2011,24,3,8,299),(33435,2011,25,3,8,299),(33436,2011,26,3,8,299),(33437,2011,27,3,8,299),(33438,2011,28,3,8,299),(33439,2011,29,3,8,299),(33440,2011,30,3,8,299),(33441,2011,31,3,8,299),(33442,2011,32,3,8,299),(33443,2011,33,3,8,299),(33444,2011,34,3,8,299),(33445,2011,35,3,8,299),(33446,2011,36,3,8,299),(33447,2011,37,2,9,299),(33448,2011,38,2,9,299),(33449,2011,39,2,9,299),(33450,2011,40,2,9,299),(33451,2011,41,2,9,299),(33452,2011,42,2,9,299),(33453,2011,43,2,9,299),(33454,2011,44,2,9,299),(33455,2011,45,2,9,299),(33456,2011,46,2,9,299),(33457,2011,47,2,9,299),(33458,2011,48,2,9,299),(33459,2011,49,2,9,299),(33460,2011,50,2,9,299),(33461,2011,51,2,9,299),(33462,2011,52,2,9,299),(33463,2011,37,4,9,299),(33464,2011,38,4,9,299),(33465,2011,39,4,9,299),(33466,2011,40,4,9,299),(33467,2011,41,4,9,299),(33468,2011,42,4,9,299),(33469,2011,43,4,9,299),(33470,2011,44,4,9,299),(33471,2011,45,4,9,299),(33472,2011,46,4,9,299),(33473,2011,47,4,9,299),(33474,2011,48,4,9,299),(33475,2011,49,4,9,299),(33476,2011,50,4,9,299),(33477,2011,51,4,9,299),(33478,2011,52,4,9,299),(33479,2011,37,3,8,299),(33480,2011,38,3,8,299),(33481,2011,39,3,8,299),(33482,2011,40,3,8,299),(33483,2011,41,3,8,299),(33484,2011,42,3,8,299),(33485,2011,43,3,8,299),(33486,2011,44,3,8,299),(33487,2011,45,3,8,299),(33488,2011,46,3,8,299),(33489,2011,47,3,8,299),(33490,2011,48,3,8,299),(33491,2011,49,3,8,299),(33492,2011,50,3,8,299),(33493,2011,51,3,8,299),(33494,2011,52,3,8,299),(33495,2011,22,2,1,300),(33496,2011,23,2,1,300),(33497,2011,24,2,1,300),(33498,2011,25,2,1,300),(33499,2011,26,2,1,300),(33500,2011,27,2,1,300),(33501,2011,28,2,1,300),(33502,2011,29,2,1,300),(33503,2011,30,2,1,300),(33504,2011,31,2,1,300),(33505,2011,32,2,1,300),(33506,2011,33,2,1,300),(33507,2011,34,2,1,300),(33508,2011,35,2,1,300),(33509,2011,36,2,1,300),(33510,2011,22,4,1,300),(33511,2011,23,4,1,300),(33512,2011,24,4,1,300),(33513,2011,25,4,1,300),(33514,2011,26,4,1,300),(33515,2011,27,4,1,300),(33516,2011,28,4,1,300),(33517,2011,29,4,1,300),(33518,2011,30,4,1,300),(33519,2011,31,4,1,300),(33520,2011,32,4,1,300),(33521,2011,33,4,1,300),(33522,2011,34,4,1,300),(33523,2011,35,4,1,300),(33524,2011,36,4,1,300),(33525,2011,22,3,1,300),(33526,2011,23,3,1,300),(33527,2011,24,3,1,300),(33528,2011,25,3,1,300),(33529,2011,26,3,1,300),(33530,2011,27,3,1,300),(33531,2011,28,3,1,300),(33532,2011,29,3,1,300),(33533,2011,30,3,1,300),(33534,2011,31,3,1,300),(33535,2011,32,3,1,300),(33536,2011,33,3,1,300),(33537,2011,34,3,1,300),(33538,2011,35,3,1,300),(33539,2011,36,3,1,300),(33540,2011,37,2,1,300),(33541,2011,38,2,1,300),(33542,2011,39,2,1,300),(33543,2011,40,2,1,300),(33544,2011,41,2,1,300),(33545,2011,42,2,1,300),(33546,2011,43,2,1,300),(33547,2011,44,2,1,300),(33548,2011,45,2,1,300),(33549,2011,46,2,1,300),(33550,2011,47,2,1,300),(33551,2011,48,2,1,300),(33552,2011,49,2,1,300),(33553,2011,50,2,1,300),(33554,2011,51,2,1,300),(33555,2011,52,2,1,300),(33556,2011,37,4,1,300),(33557,2011,38,4,1,300),(33558,2011,39,4,1,300),(33559,2011,40,4,1,300),(33560,2011,41,4,1,300),(33561,2011,42,4,1,300),(33562,2011,43,4,1,300),(33563,2011,44,4,1,300),(33564,2011,45,4,1,300),(33565,2011,46,4,1,300),(33566,2011,47,4,1,300),(33567,2011,48,4,1,300),(33568,2011,49,4,1,300),(33569,2011,50,4,1,300),(33570,2011,51,4,1,300),(33571,2011,52,4,1,300),(33572,2011,37,3,1,300),(33573,2011,38,3,1,300),(33574,2011,39,3,1,300),(33575,2011,40,3,1,300),(33576,2011,41,3,1,300),(33577,2011,42,3,1,300),(33578,2011,43,3,1,300),(33579,2011,44,3,1,300),(33580,2011,45,3,1,300),(33581,2011,46,3,1,300),(33582,2011,47,3,1,300),(33583,2011,48,3,1,300),(33584,2011,49,3,1,300),(33585,2011,50,3,1,300),(33586,2011,51,3,1,300),(33587,2011,52,3,1,300),(33588,2011,22,2,2,301),(33589,2011,23,2,2,301),(33590,2011,24,2,2,301),(33591,2011,25,2,2,301),(33592,2011,26,2,2,301),(33593,2011,27,2,2,301),(33594,2011,28,2,2,301),(33595,2011,29,2,2,301),(33596,2011,30,2,2,301),(33597,2011,31,2,2,301),(33598,2011,32,2,2,301),(33599,2011,33,2,2,301),(33600,2011,34,2,2,301),(33601,2011,35,2,2,301),(33602,2011,36,2,2,301),(33603,2011,22,4,2,301),(33604,2011,23,4,2,301),(33605,2011,24,4,2,301),(33606,2011,25,4,2,301),(33607,2011,26,4,2,301),(33608,2011,27,4,2,301),(33609,2011,28,4,2,301),(33610,2011,29,4,2,301),(33611,2011,30,4,2,301),(33612,2011,31,4,2,301),(33613,2011,32,4,2,301),(33614,2011,33,4,2,301),(33615,2011,34,4,2,301),(33616,2011,35,4,2,301),(33617,2011,36,4,2,301),(33618,2011,22,3,2,301),(33619,2011,23,3,2,301),(33620,2011,24,3,2,301),(33621,2011,25,3,2,301),(33622,2011,26,3,2,301),(33623,2011,27,3,2,301),(33624,2011,28,3,2,301),(33625,2011,29,3,2,301),(33626,2011,30,3,2,301),(33627,2011,31,3,2,301),(33628,2011,32,3,2,301),(33629,2011,33,3,2,301),(33630,2011,34,3,2,301),(33631,2011,35,3,2,301),(33632,2011,36,3,2,301),(33633,2011,37,2,2,301),(33634,2011,38,2,2,301),(33635,2011,39,2,2,301),(33636,2011,40,2,2,301),(33637,2011,41,2,2,301),(33638,2011,42,2,2,301),(33639,2011,43,2,2,301),(33640,2011,44,2,2,301),(33641,2011,45,2,2,301),(33642,2011,46,2,2,301),(33643,2011,47,2,2,301),(33644,2011,48,2,2,301),(33645,2011,49,2,2,301),(33646,2011,50,2,2,301),(33647,2011,51,2,2,301),(33648,2011,52,2,2,301),(33649,2011,37,4,2,301),(33650,2011,38,4,2,301),(33651,2011,39,4,2,301),(33652,2011,40,4,2,301),(33653,2011,41,4,2,301),(33654,2011,42,4,2,301),(33655,2011,43,4,2,301),(33656,2011,44,4,2,301),(33657,2011,45,4,2,301),(33658,2011,46,4,2,301),(33659,2011,47,4,2,301),(33660,2011,48,4,2,301),(33661,2011,49,4,2,301),(33662,2011,50,4,2,301),(33663,2011,51,4,2,301),(33664,2011,52,4,2,301),(33665,2011,37,3,2,301),(33666,2011,38,3,2,301),(33667,2011,39,3,2,301),(33668,2011,40,3,2,301),(33669,2011,41,3,2,301),(33670,2011,42,3,2,301),(33671,2011,43,3,2,301),(33672,2011,44,3,2,301),(33673,2011,45,3,2,301),(33674,2011,46,3,2,301),(33675,2011,47,3,2,301),(33676,2011,48,3,2,301),(33677,2011,49,3,2,301),(33678,2011,50,3,2,301),(33679,2011,51,3,2,301),(33680,2011,52,3,2,301),(33681,2011,22,2,3,302),(33682,2011,23,2,3,302),(33683,2011,24,2,3,302),(33684,2011,25,2,3,302),(33685,2011,26,2,3,302),(33686,2011,27,2,3,302),(33687,2011,28,2,3,302),(33688,2011,29,2,3,302),(33689,2011,30,2,3,302),(33690,2011,31,2,3,302),(33691,2011,32,2,3,302),(33692,2011,33,2,3,302),(33693,2011,34,2,3,302),(33694,2011,35,2,3,302),(33695,2011,36,2,3,302),(33696,2011,22,4,3,302),(33697,2011,23,4,3,302),(33698,2011,24,4,3,302),(33699,2011,25,4,3,302),(33700,2011,26,4,3,302),(33701,2011,27,4,3,302),(33702,2011,28,4,3,302),(33703,2011,29,4,3,302),(33704,2011,30,4,3,302),(33705,2011,31,4,3,302),(33706,2011,32,4,3,302),(33707,2011,33,4,3,302),(33708,2011,34,4,3,302),(33709,2011,35,4,3,302),(33710,2011,36,4,3,302),(33711,2011,22,3,3,302),(33712,2011,23,3,3,302),(33713,2011,24,3,3,302),(33714,2011,25,3,3,302),(33715,2011,26,3,3,302),(33716,2011,27,3,3,302),(33717,2011,28,3,3,302),(33718,2011,29,3,3,302),(33719,2011,30,3,3,302),(33720,2011,31,3,3,302),(33721,2011,32,3,3,302),(33722,2011,33,3,3,302),(33723,2011,34,3,3,302),(33724,2011,35,3,3,302),(33725,2011,36,3,3,302),(33726,2011,37,2,3,302),(33727,2011,38,2,3,302),(33728,2011,39,2,3,302),(33729,2011,40,2,3,302),(33730,2011,41,2,3,302),(33731,2011,42,2,3,302),(33732,2011,43,2,3,302),(33733,2011,44,2,3,302),(33734,2011,45,2,3,302),(33735,2011,46,2,3,302),(33736,2011,47,2,3,302),(33737,2011,48,2,3,302),(33738,2011,49,2,3,302),(33739,2011,50,2,3,302),(33740,2011,51,2,3,302),(33741,2011,52,2,3,302),(33742,2011,37,4,3,302),(33743,2011,38,4,3,302),(33744,2011,39,4,3,302),(33745,2011,40,4,3,302),(33746,2011,41,4,3,302),(33747,2011,42,4,3,302),(33748,2011,43,4,3,302),(33749,2011,44,4,3,302),(33750,2011,45,4,3,302),(33751,2011,46,4,3,302),(33752,2011,47,4,3,302),(33753,2011,48,4,3,302),(33754,2011,49,4,3,302),(33755,2011,50,4,3,302),(33756,2011,51,4,3,302),(33757,2011,52,4,3,302),(33758,2011,37,3,3,302),(33759,2011,38,3,3,302),(33760,2011,39,3,3,302),(33761,2011,40,3,3,302),(33762,2011,41,3,3,302),(33763,2011,42,3,3,302),(33764,2011,43,3,3,302),(33765,2011,44,3,3,302),(33766,2011,45,3,3,302),(33767,2011,46,3,3,302),(33768,2011,47,3,3,302),(33769,2011,48,3,3,302),(33770,2011,49,3,3,302),(33771,2011,50,3,3,302),(33772,2011,51,3,3,302),(33773,2011,52,3,3,302),(33774,2011,22,2,4,303),(33775,2011,23,2,4,303),(33776,2011,24,2,4,303),(33777,2011,25,2,4,303),(33778,2011,26,2,4,303),(33779,2011,27,2,4,303),(33780,2011,28,2,4,303),(33781,2011,29,2,4,303),(33782,2011,30,2,4,303),(33783,2011,31,2,4,303),(33784,2011,32,2,4,303),(33785,2011,33,2,4,303),(33786,2011,34,2,4,303),(33787,2011,35,2,4,303),(33788,2011,36,2,4,303),(33789,2011,22,4,4,303),(33790,2011,23,4,4,303),(33791,2011,24,4,4,303),(33792,2011,25,4,4,303),(33793,2011,26,4,4,303),(33794,2011,27,4,4,303),(33795,2011,28,4,4,303),(33796,2011,29,4,4,303),(33797,2011,30,4,4,303),(33798,2011,31,4,4,303),(33799,2011,32,4,4,303),(33800,2011,33,4,4,303),(33801,2011,34,4,4,303),(33802,2011,35,4,4,303),(33803,2011,36,4,4,303),(33804,2011,22,3,4,303),(33805,2011,23,3,4,303),(33806,2011,24,3,4,303),(33807,2011,25,3,4,303),(33808,2011,26,3,4,303),(33809,2011,27,3,4,303),(33810,2011,28,3,4,303),(33811,2011,29,3,4,303),(33812,2011,30,3,4,303),(33813,2011,31,3,4,303),(33814,2011,32,3,4,303),(33815,2011,33,3,4,303),(33816,2011,34,3,4,303),(33817,2011,35,3,4,303),(33818,2011,36,3,4,303),(33819,2011,37,2,4,303),(33820,2011,38,2,4,303),(33821,2011,39,2,4,303),(33822,2011,40,2,4,303),(33823,2011,41,2,4,303),(33824,2011,42,2,4,303),(33825,2011,43,2,4,303),(33826,2011,44,2,4,303),(33827,2011,45,2,4,303),(33828,2011,46,2,4,303),(33829,2011,47,2,4,303),(33830,2011,48,2,4,303),(33831,2011,49,2,4,303),(33832,2011,50,2,4,303),(33833,2011,51,2,4,303),(33834,2011,52,2,4,303),(33835,2011,37,4,4,303),(33836,2011,38,4,4,303),(33837,2011,39,4,4,303),(33838,2011,40,4,4,303),(33839,2011,41,4,4,303),(33840,2011,42,4,4,303),(33841,2011,43,4,4,303),(33842,2011,44,4,4,303),(33843,2011,45,4,4,303),(33844,2011,46,4,4,303),(33845,2011,47,4,4,303),(33846,2011,48,4,4,303),(33847,2011,49,4,4,303),(33848,2011,50,4,4,303),(33849,2011,51,4,4,303),(33850,2011,52,4,4,303),(33851,2011,37,3,4,303),(33852,2011,38,3,4,303),(33853,2011,39,3,4,303),(33854,2011,40,3,4,303),(33855,2011,41,3,4,303),(33856,2011,42,3,4,303),(33857,2011,43,3,4,303),(33858,2011,44,3,4,303),(33859,2011,45,3,4,303),(33860,2011,46,3,4,303),(33861,2011,47,3,4,303),(33862,2011,48,3,4,303),(33863,2011,49,3,4,303),(33864,2011,50,3,4,303),(33865,2011,51,3,4,303),(33866,2011,52,3,4,303),(33867,2011,22,2,10,304),(33868,2011,23,2,10,304),(33869,2011,24,2,10,304),(33870,2011,25,2,10,304),(33871,2011,26,2,10,304),(33872,2011,27,2,10,304),(33873,2011,28,2,10,304),(33874,2011,29,2,10,304),(33875,2011,30,2,10,304),(33876,2011,31,2,10,304),(33877,2011,32,2,10,304),(33878,2011,33,2,10,304),(33879,2011,34,2,10,304),(33880,2011,35,2,10,304),(33881,2011,36,2,10,304),(33882,2011,22,4,10,304),(33883,2011,23,4,10,304),(33884,2011,24,4,10,304),(33885,2011,25,4,10,304),(33886,2011,26,4,10,304),(33887,2011,27,4,10,304),(33888,2011,28,4,10,304),(33889,2011,29,4,10,304),(33890,2011,30,4,10,304),(33891,2011,31,4,10,304),(33892,2011,32,4,10,304),(33893,2011,33,4,10,304),(33894,2011,34,4,10,304),(33895,2011,35,4,10,304),(33896,2011,36,4,10,304),(33897,2011,22,3,5,304),(33898,2011,23,3,5,304),(33899,2011,24,3,5,304),(33900,2011,25,3,5,304),(33901,2011,26,3,5,304),(33902,2011,27,3,5,304),(33903,2011,28,3,5,304),(33904,2011,29,3,5,304),(33905,2011,30,3,5,304),(33906,2011,31,3,5,304),(33907,2011,32,3,5,304),(33908,2011,33,3,5,304),(33909,2011,34,3,5,304),(33910,2011,35,3,5,304),(33911,2011,36,3,5,304),(33912,2011,37,2,10,304),(33913,2011,38,2,10,304),(33914,2011,39,2,10,304),(33915,2011,40,2,10,304),(33916,2011,41,2,10,304),(33917,2011,42,2,10,304),(33918,2011,43,2,10,304),(33919,2011,44,2,10,304),(33920,2011,45,2,10,304),(33921,2011,46,2,10,304),(33922,2011,47,2,10,304),(33923,2011,48,2,10,304),(33924,2011,49,2,10,304),(33925,2011,50,2,10,304),(33926,2011,51,2,10,304),(33927,2011,52,2,10,304),(33928,2011,37,4,10,304),(33929,2011,38,4,10,304),(33930,2011,39,4,10,304),(33931,2011,40,4,10,304),(33932,2011,41,4,10,304),(33933,2011,42,4,10,304),(33934,2011,43,4,10,304),(33935,2011,44,4,10,304),(33936,2011,45,4,10,304),(33937,2011,46,4,10,304),(33938,2011,47,4,10,304),(33939,2011,48,4,10,304),(33940,2011,49,4,10,304),(33941,2011,50,4,10,304),(33942,2011,51,4,10,304),(33943,2011,52,4,10,304),(33944,2011,37,3,5,304),(33945,2011,38,3,5,304),(33946,2011,39,3,5,304),(33947,2011,40,3,5,304),(33948,2011,41,3,5,304),(33949,2011,42,3,5,304),(33950,2011,43,3,5,304),(33951,2011,44,3,5,304),(33952,2011,45,3,5,304),(33953,2011,46,3,5,304),(33954,2011,47,3,5,304),(33955,2011,48,3,5,304),(33956,2011,49,3,5,304),(33957,2011,50,3,5,304),(33958,2011,51,3,5,304),(33959,2011,52,3,5,304),(33960,2011,22,3,8,305),(33961,2011,23,3,8,305),(33962,2011,24,3,8,305),(33963,2011,25,3,8,305),(33964,2011,26,3,8,305),(33965,2011,27,3,8,305),(33966,2011,28,3,8,305),(33967,2011,29,3,8,305),(33968,2011,30,3,8,305),(33969,2011,31,3,8,305),(33970,2011,32,3,8,305),(33971,2011,33,3,8,305),(33972,2011,34,3,8,305),(33973,2011,35,3,8,305),(33974,2011,36,3,8,305),(33975,2011,22,3,9,305),(33976,2011,23,3,9,305),(33977,2011,24,3,9,305),(33978,2011,25,3,9,305),(33979,2011,26,3,9,305),(33980,2011,27,3,9,305),(33981,2011,28,3,9,305),(33982,2011,29,3,9,305),(33983,2011,30,3,9,305),(33984,2011,31,3,9,305),(33985,2011,32,3,9,305),(33986,2011,33,3,9,305),(33987,2011,34,3,9,305),(33988,2011,35,3,9,305),(33989,2011,36,3,9,305),(33990,2011,22,5,1,305),(33991,2011,23,5,1,305),(33992,2011,24,5,1,305),(33993,2011,25,5,1,305),(33994,2011,26,5,1,305),(33995,2011,27,5,1,305),(33996,2011,28,5,1,305),(33997,2011,29,5,1,305),(33998,2011,30,5,1,305),(33999,2011,31,5,1,305),(34000,2011,32,5,1,305),(34001,2011,33,5,1,305),(34002,2011,34,5,1,305),(34003,2011,35,5,1,305),(34004,2011,36,5,1,305),(34005,2011,22,5,2,305),(34006,2011,23,5,2,305),(34007,2011,24,5,2,305),(34008,2011,25,5,2,305),(34009,2011,26,5,2,305),(34010,2011,27,5,2,305),(34011,2011,28,5,2,305),(34012,2011,29,5,2,305),(34013,2011,30,5,2,305),(34014,2011,31,5,2,305),(34015,2011,32,5,2,305),(34016,2011,33,5,2,305),(34017,2011,34,5,2,305),(34018,2011,35,5,2,305),(34019,2011,36,5,2,305),(34020,2011,22,6,1,305),(34021,2011,23,6,1,305),(34022,2011,24,6,1,305),(34023,2011,25,6,1,305),(34024,2011,26,6,1,305),(34025,2011,27,6,1,305),(34026,2011,28,6,1,305),(34027,2011,29,6,1,305),(34028,2011,30,6,1,305),(34029,2011,31,6,1,305),(34030,2011,32,6,1,305),(34031,2011,33,6,1,305),(34032,2011,34,6,1,305),(34033,2011,35,6,1,305),(34034,2011,36,6,1,305),(34035,2011,22,6,2,305),(34036,2011,23,6,2,305),(34037,2011,24,6,2,305),(34038,2011,25,6,2,305),(34039,2011,26,6,2,305),(34040,2011,27,6,2,305),(34041,2011,28,6,2,305),(34042,2011,29,6,2,305),(34043,2011,30,6,2,305),(34044,2011,31,6,2,305),(34045,2011,32,6,2,305),(34046,2011,33,6,2,305),(34047,2011,34,6,2,305),(34048,2011,35,6,2,305),(34049,2011,36,6,2,305),(34050,2011,37,3,8,305),(34051,2011,38,3,8,305),(34052,2011,39,3,8,305),(34053,2011,40,3,8,305),(34054,2011,41,3,8,305),(34055,2011,42,3,8,305),(34056,2011,43,3,8,305),(34057,2011,44,3,8,305),(34058,2011,45,3,8,305),(34059,2011,46,3,8,305),(34060,2011,47,3,8,305),(34061,2011,48,3,8,305),(34062,2011,49,3,8,305),(34063,2011,50,3,8,305),(34064,2011,51,3,8,305),(34065,2011,52,3,8,305),(34066,2011,37,3,9,305),(34067,2011,38,3,9,305),(34068,2011,39,3,9,305),(34069,2011,40,3,9,305),(34070,2011,41,3,9,305),(34071,2011,42,3,9,305),(34072,2011,43,3,9,305),(34073,2011,44,3,9,305),(34074,2011,45,3,9,305),(34075,2011,46,3,9,305),(34076,2011,47,3,9,305),(34077,2011,48,3,9,305),(34078,2011,49,3,9,305),(34079,2011,50,3,9,305),(34080,2011,51,3,9,305),(34081,2011,52,3,9,305),(34082,2011,37,5,1,305),(34083,2011,38,5,1,305),(34084,2011,39,5,1,305),(34085,2011,40,5,1,305),(34086,2011,41,5,1,305),(34087,2011,42,5,1,305),(34088,2011,43,5,1,305),(34089,2011,44,5,1,305),(34090,2011,45,5,1,305),(34091,2011,46,5,1,305),(34092,2011,47,5,1,305),(34093,2011,48,5,1,305),(34094,2011,49,5,1,305),(34095,2011,50,5,1,305),(34096,2011,51,5,1,305),(34097,2011,52,5,1,305),(34098,2011,37,5,2,305),(34099,2011,38,5,2,305),(34100,2011,39,5,2,305),(34101,2011,40,5,2,305),(34102,2011,41,5,2,305),(34103,2011,42,5,2,305),(34104,2011,43,5,2,305),(34105,2011,44,5,2,305),(34106,2011,45,5,2,305),(34107,2011,46,5,2,305),(34108,2011,47,5,2,305),(34109,2011,48,5,2,305),(34110,2011,49,5,2,305),(34111,2011,50,5,2,305),(34112,2011,51,5,2,305),(34113,2011,52,5,2,305),(34114,2011,37,6,1,305),(34115,2011,38,6,1,305),(34116,2011,39,6,1,305),(34117,2011,40,6,1,305),(34118,2011,41,6,1,305),(34119,2011,42,6,1,305),(34120,2011,43,6,1,305),(34121,2011,44,6,1,305),(34122,2011,45,6,1,305),(34123,2011,46,6,1,305),(34124,2011,47,6,1,305),(34125,2011,48,6,1,305),(34126,2011,49,6,1,305),(34127,2011,50,6,1,305),(34128,2011,51,6,1,305),(34129,2011,52,6,1,305),(34130,2011,37,6,2,305),(34131,2011,38,6,2,305),(34132,2011,39,6,2,305),(34133,2011,40,6,2,305),(34134,2011,41,6,2,305),(34135,2011,42,6,2,305),(34136,2011,43,6,2,305),(34137,2011,44,6,2,305),(34138,2011,45,6,2,305),(34139,2011,46,6,2,305),(34140,2011,47,6,2,305),(34141,2011,48,6,2,305),(34142,2011,49,6,2,305),(34143,2011,50,6,2,305),(34144,2011,51,6,2,305),(34145,2011,52,6,2,305),(34146,2011,22,3,9,306),(34147,2011,23,3,9,306),(34148,2011,24,3,9,306),(34149,2011,25,3,9,306),(34150,2011,26,3,9,306),(34151,2011,27,3,9,306),(34152,2011,28,3,9,306),(34153,2011,29,3,9,306),(34154,2011,30,3,9,306),(34155,2011,31,3,9,306),(34156,2011,32,3,9,306),(34157,2011,33,3,9,306),(34158,2011,34,3,9,306),(34159,2011,35,3,9,306),(34160,2011,36,3,9,306),(34161,2011,22,5,1,306),(34162,2011,23,5,1,306),(34163,2011,24,5,1,306),(34164,2011,25,5,1,306),(34165,2011,26,5,1,306),(34166,2011,27,5,1,306),(34167,2011,28,5,1,306),(34168,2011,29,5,1,306),(34169,2011,30,5,1,306),(34170,2011,31,5,1,306),(34171,2011,32,5,1,306),(34172,2011,33,5,1,306),(34173,2011,34,5,1,306),(34174,2011,35,5,1,306),(34175,2011,36,5,1,306),(34176,2011,22,6,1,306),(34177,2011,23,6,1,306),(34178,2011,24,6,1,306),(34179,2011,25,6,1,306),(34180,2011,26,6,1,306),(34181,2011,27,6,1,306),(34182,2011,28,6,1,306),(34183,2011,29,6,1,306),(34184,2011,30,6,1,306),(34185,2011,31,6,1,306),(34186,2011,32,6,1,306),(34187,2011,33,6,1,306),(34188,2011,34,6,1,306),(34189,2011,35,6,1,306),(34190,2011,36,6,1,306),(34191,2011,37,3,9,306),(34192,2011,38,3,9,306),(34193,2011,39,3,9,306),(34194,2011,40,3,9,306),(34195,2011,41,3,9,306),(34196,2011,42,3,9,306),(34197,2011,43,3,9,306),(34198,2011,44,3,9,306),(34199,2011,45,3,9,306),(34200,2011,46,3,9,306),(34201,2011,47,3,9,306),(34202,2011,48,3,9,306),(34203,2011,49,3,9,306),(34204,2011,50,3,9,306),(34205,2011,51,3,9,306),(34206,2011,52,3,9,306),(34207,2011,37,5,1,306),(34208,2011,38,5,1,306),(34209,2011,39,5,1,306),(34210,2011,40,5,1,306),(34211,2011,41,5,1,306),(34212,2011,42,5,1,306),(34213,2011,43,5,1,306),(34214,2011,44,5,1,306),(34215,2011,45,5,1,306),(34216,2011,46,5,1,306),(34217,2011,47,5,1,306),(34218,2011,48,5,1,306),(34219,2011,49,5,1,306),(34220,2011,50,5,1,306),(34221,2011,51,5,1,306),(34222,2011,52,5,1,306),(34223,2011,37,6,1,306),(34224,2011,38,6,1,306),(34225,2011,39,6,1,306),(34226,2011,40,6,1,306),(34227,2011,41,6,1,306),(34228,2011,42,6,1,306),(34229,2011,43,6,1,306),(34230,2011,44,6,1,306),(34231,2011,45,6,1,306),(34232,2011,46,6,1,306),(34233,2011,47,6,1,306),(34234,2011,48,6,1,306),(34235,2011,49,6,1,306),(34236,2011,50,6,1,306),(34237,2011,51,6,1,306),(34238,2011,52,6,1,306),(34239,2011,22,3,10,307),(34240,2011,23,3,10,307),(34241,2011,24,3,10,307),(34242,2011,25,3,10,307),(34243,2011,26,3,10,307),(34244,2011,27,3,10,307),(34245,2011,28,3,10,307),(34246,2011,29,3,10,307),(34247,2011,30,3,10,307),(34248,2011,31,3,10,307),(34249,2011,32,3,10,307),(34250,2011,33,3,10,307),(34251,2011,34,3,10,307),(34252,2011,35,3,10,307),(34253,2011,36,3,10,307),(34254,2011,22,5,2,307),(34255,2011,23,5,2,307),(34256,2011,24,5,2,307),(34257,2011,25,5,2,307),(34258,2011,26,5,2,307),(34259,2011,27,5,2,307),(34260,2011,28,5,2,307),(34261,2011,29,5,2,307),(34262,2011,30,5,2,307),(34263,2011,31,5,2,307),(34264,2011,32,5,2,307),(34265,2011,33,5,2,307),(34266,2011,34,5,2,307),(34267,2011,35,5,2,307),(34268,2011,36,5,2,307),(34269,2011,22,6,2,307),(34270,2011,23,6,2,307),(34271,2011,24,6,2,307),(34272,2011,25,6,2,307),(34273,2011,26,6,2,307),(34274,2011,27,6,2,307),(34275,2011,28,6,2,307),(34276,2011,29,6,2,307),(34277,2011,30,6,2,307),(34278,2011,31,6,2,307),(34279,2011,32,6,2,307),(34280,2011,33,6,2,307),(34281,2011,34,6,2,307),(34282,2011,35,6,2,307),(34283,2011,36,6,2,307),(34284,2011,37,3,10,307),(34285,2011,38,3,10,307),(34286,2011,39,3,10,307),(34287,2011,40,3,10,307),(34288,2011,41,3,10,307),(34289,2011,42,3,10,307),(34290,2011,43,3,10,307),(34291,2011,44,3,10,307),(34292,2011,45,3,10,307),(34293,2011,46,3,10,307),(34294,2011,47,3,10,307),(34295,2011,48,3,10,307),(34296,2011,49,3,10,307),(34297,2011,50,3,10,307),(34298,2011,51,3,10,307),(34299,2011,52,3,10,307),(34300,2011,37,5,2,307),(34301,2011,38,5,2,307),(34302,2011,39,5,2,307),(34303,2011,40,5,2,307),(34304,2011,41,5,2,307),(34305,2011,42,5,2,307),(34306,2011,43,5,2,307),(34307,2011,44,5,2,307),(34308,2011,45,5,2,307),(34309,2011,46,5,2,307),(34310,2011,47,5,2,307),(34311,2011,48,5,2,307),(34312,2011,49,5,2,307),(34313,2011,50,5,2,307),(34314,2011,51,5,2,307),(34315,2011,52,5,2,307),(34316,2011,37,6,2,307),(34317,2011,38,6,2,307),(34318,2011,39,6,2,307),(34319,2011,40,6,2,307),(34320,2011,41,6,2,307),(34321,2011,42,6,2,307),(34322,2011,43,6,2,307),(34323,2011,44,6,2,307),(34324,2011,45,6,2,307),(34325,2011,46,6,2,307),(34326,2011,47,6,2,307),(34327,2011,48,6,2,307),(34328,2011,49,6,2,307),(34329,2011,50,6,2,307),(34330,2011,51,6,2,307),(34331,2011,52,6,2,307),(34332,2011,22,5,3,308),(34333,2011,23,5,3,308),(34334,2011,24,5,3,308),(34335,2011,25,5,3,308),(34336,2011,26,5,3,308),(34337,2011,27,5,3,308),(34338,2011,28,5,3,308),(34339,2011,29,5,3,308),(34340,2011,30,5,3,308),(34341,2011,31,5,3,308),(34342,2011,32,5,3,308),(34343,2011,33,5,3,308),(34344,2011,34,5,3,308),(34345,2011,35,5,3,308),(34346,2011,36,5,3,308),(34347,2011,22,6,3,308),(34348,2011,23,6,3,308),(34349,2011,24,6,3,308),(34350,2011,25,6,3,308),(34351,2011,26,6,3,308),(34352,2011,27,6,3,308),(34353,2011,28,6,3,308),(34354,2011,29,6,3,308),(34355,2011,30,6,3,308),(34356,2011,31,6,3,308),(34357,2011,32,6,3,308),(34358,2011,33,6,3,308),(34359,2011,34,6,3,308),(34360,2011,35,6,3,308),(34361,2011,36,6,3,308),(34362,2011,22,2,1,308),(34363,2011,23,2,1,308),(34364,2011,24,2,1,308),(34365,2011,25,2,1,308),(34366,2011,26,2,1,308),(34367,2011,27,2,1,308),(34368,2011,28,2,1,308),(34369,2011,29,2,1,308),(34370,2011,30,2,1,308),(34371,2011,31,2,1,308),(34372,2011,32,2,1,308),(34373,2011,33,2,1,308),(34374,2011,34,2,1,308),(34375,2011,35,2,1,308),(34376,2011,36,2,1,308),(34377,2011,37,5,3,308),(34378,2011,38,5,3,308),(34379,2011,39,5,3,308),(34380,2011,40,5,3,308),(34381,2011,41,5,3,308),(34382,2011,42,5,3,308),(34383,2011,43,5,3,308),(34384,2011,44,5,3,308),(34385,2011,45,5,3,308),(34386,2011,46,5,3,308),(34387,2011,47,5,3,308),(34388,2011,48,5,3,308),(34389,2011,49,5,3,308),(34390,2011,50,5,3,308),(34391,2011,51,5,3,308),(34392,2011,52,5,3,308),(34393,2011,37,6,3,308),(34394,2011,38,6,3,308),(34395,2011,39,6,3,308),(34396,2011,40,6,3,308),(34397,2011,41,6,3,308),(34398,2011,42,6,3,308),(34399,2011,43,6,3,308),(34400,2011,44,6,3,308),(34401,2011,45,6,3,308),(34402,2011,46,6,3,308),(34403,2011,47,6,3,308),(34404,2011,48,6,3,308),(34405,2011,49,6,3,308),(34406,2011,50,6,3,308),(34407,2011,51,6,3,308),(34408,2011,52,6,3,308),(34409,2011,37,2,1,308),(34410,2011,38,2,1,308),(34411,2011,39,2,1,308),(34412,2011,40,2,1,308),(34413,2011,41,2,1,308),(34414,2011,42,2,1,308),(34415,2011,43,2,1,308),(34416,2011,44,2,1,308),(34417,2011,45,2,1,308),(34418,2011,46,2,1,308),(34419,2011,47,2,1,308),(34420,2011,48,2,1,308),(34421,2011,49,2,1,308),(34422,2011,50,2,1,308),(34423,2011,51,2,1,308),(34424,2011,52,2,1,308),(34425,2011,22,5,4,309),(34426,2011,23,5,4,309),(34427,2011,24,5,4,309),(34428,2011,25,5,4,309),(34429,2011,26,5,4,309),(34430,2011,27,5,4,309),(34431,2011,28,5,4,309),(34432,2011,29,5,4,309),(34433,2011,30,5,4,309),(34434,2011,31,5,4,309),(34435,2011,32,5,4,309),(34436,2011,33,5,4,309),(34437,2011,34,5,4,309),(34438,2011,35,5,4,309),(34439,2011,36,5,4,309),(34440,2011,22,6,4,309),(34441,2011,23,6,4,309),(34442,2011,24,6,4,309),(34443,2011,25,6,4,309),(34444,2011,26,6,4,309),(34445,2011,27,6,4,309),(34446,2011,28,6,4,309),(34447,2011,29,6,4,309),(34448,2011,30,6,4,309),(34449,2011,31,6,4,309),(34450,2011,32,6,4,309),(34451,2011,33,6,4,309),(34452,2011,34,6,4,309),(34453,2011,35,6,4,309),(34454,2011,36,6,4,309),(34455,2011,22,2,2,309),(34456,2011,23,2,2,309),(34457,2011,24,2,2,309),(34458,2011,25,2,2,309),(34459,2011,26,2,2,309),(34460,2011,27,2,2,309),(34461,2011,28,2,2,309),(34462,2011,29,2,2,309),(34463,2011,30,2,2,309),(34464,2011,31,2,2,309),(34465,2011,32,2,2,309),(34466,2011,33,2,2,309),(34467,2011,34,2,2,309),(34468,2011,35,2,2,309),(34469,2011,36,2,2,309),(34470,2011,37,5,4,309),(34471,2011,38,5,4,309),(34472,2011,39,5,4,309),(34473,2011,40,5,4,309),(34474,2011,41,5,4,309),(34475,2011,42,5,4,309),(34476,2011,43,5,4,309),(34477,2011,44,5,4,309),(34478,2011,45,5,4,309),(34479,2011,46,5,4,309),(34480,2011,47,5,4,309),(34481,2011,48,5,4,309),(34482,2011,49,5,4,309),(34483,2011,50,5,4,309),(34484,2011,51,5,4,309),(34485,2011,52,5,4,309),(34486,2011,37,6,4,309),(34487,2011,38,6,4,309),(34488,2011,39,6,4,309),(34489,2011,40,6,4,309),(34490,2011,41,6,4,309),(34491,2011,42,6,4,309),(34492,2011,43,6,4,309),(34493,2011,44,6,4,309),(34494,2011,45,6,4,309),(34495,2011,46,6,4,309),(34496,2011,47,6,4,309),(34497,2011,48,6,4,309),(34498,2011,49,6,4,309),(34499,2011,50,6,4,309),(34500,2011,51,6,4,309),(34501,2011,52,6,4,309),(34502,2011,37,2,2,309),(34503,2011,38,2,2,309),(34504,2011,39,2,2,309),(34505,2011,40,2,2,309),(34506,2011,41,2,2,309),(34507,2011,42,2,2,309),(34508,2011,43,2,2,309),(34509,2011,44,2,2,309),(34510,2011,45,2,2,309),(34511,2011,46,2,2,309),(34512,2011,47,2,2,309),(34513,2011,48,2,2,309),(34514,2011,49,2,2,309),(34515,2011,50,2,2,309),(34516,2011,51,2,2,309),(34517,2011,52,2,2,309),(34518,2011,22,2,1,310),(34519,2011,23,2,1,310),(34520,2011,24,2,1,310),(34521,2011,25,2,1,310),(34522,2011,26,2,1,310),(34523,2011,27,2,1,310),(34524,2011,28,2,1,310),(34525,2011,29,2,1,310),(34526,2011,30,2,1,310),(34527,2011,31,2,1,310),(34528,2011,32,2,1,310),(34529,2011,33,2,1,310),(34530,2011,34,2,1,310),(34531,2011,35,2,1,310),(34532,2011,36,2,1,310),(34533,2011,22,2,2,310),(34534,2011,23,2,2,310),(34535,2011,24,2,2,310),(34536,2011,25,2,2,310),(34537,2011,26,2,2,310),(34538,2011,27,2,2,310),(34539,2011,28,2,2,310),(34540,2011,29,2,2,310),(34541,2011,30,2,2,310),(34542,2011,31,2,2,310),(34543,2011,32,2,2,310),(34544,2011,33,2,2,310),(34545,2011,34,2,2,310),(34546,2011,35,2,2,310),(34547,2011,36,2,2,310),(34548,2011,22,4,1,310),(34549,2011,23,4,1,310),(34550,2011,24,4,1,310),(34551,2011,25,4,1,310),(34552,2011,26,4,1,310),(34553,2011,27,4,1,310),(34554,2011,28,4,1,310),(34555,2011,29,4,1,310),(34556,2011,30,4,1,310),(34557,2011,31,4,1,310),(34558,2011,32,4,1,310),(34559,2011,33,4,1,310),(34560,2011,34,4,1,310),(34561,2011,35,4,1,310),(34562,2011,36,4,1,310),(34563,2011,22,4,2,310),(34564,2011,23,4,2,310),(34565,2011,24,4,2,310),(34566,2011,25,4,2,310),(34567,2011,26,4,2,310),(34568,2011,27,4,2,310),(34569,2011,28,4,2,310),(34570,2011,29,4,2,310),(34571,2011,30,4,2,310),(34572,2011,31,4,2,310),(34573,2011,32,4,2,310),(34574,2011,33,4,2,310),(34575,2011,34,4,2,310),(34576,2011,35,4,2,310),(34577,2011,36,4,2,310),(34578,2011,37,2,1,310),(34579,2011,38,2,1,310),(34580,2011,39,2,1,310),(34581,2011,40,2,1,310),(34582,2011,41,2,1,310),(34583,2011,42,2,1,310),(34584,2011,43,2,1,310),(34585,2011,44,2,1,310),(34586,2011,45,2,1,310),(34587,2011,46,2,1,310),(34588,2011,47,2,1,310),(34589,2011,48,2,1,310),(34590,2011,49,2,1,310),(34591,2011,50,2,1,310),(34592,2011,51,2,1,310),(34593,2011,52,2,1,310),(34594,2011,37,2,2,310),(34595,2011,38,2,2,310),(34596,2011,39,2,2,310),(34597,2011,40,2,2,310),(34598,2011,41,2,2,310),(34599,2011,42,2,2,310),(34600,2011,43,2,2,310),(34601,2011,44,2,2,310),(34602,2011,45,2,2,310),(34603,2011,46,2,2,310),(34604,2011,47,2,2,310),(34605,2011,48,2,2,310),(34606,2011,49,2,2,310),(34607,2011,50,2,2,310),(34608,2011,51,2,2,310),(34609,2011,52,2,2,310),(34610,2011,37,4,1,310),(34611,2011,38,4,1,310),(34612,2011,39,4,1,310),(34613,2011,40,4,1,310),(34614,2011,41,4,1,310),(34615,2011,42,4,1,310),(34616,2011,43,4,1,310),(34617,2011,44,4,1,310),(34618,2011,45,4,1,310),(34619,2011,46,4,1,310),(34620,2011,47,4,1,310),(34621,2011,48,4,1,310),(34622,2011,49,4,1,310),(34623,2011,50,4,1,310),(34624,2011,51,4,1,310),(34625,2011,52,4,1,310),(34626,2011,37,4,2,310),(34627,2011,38,4,2,310),(34628,2011,39,4,2,310),(34629,2011,40,4,2,310),(34630,2011,41,4,2,310),(34631,2011,42,4,2,310),(34632,2011,43,4,2,310),(34633,2011,44,4,2,310),(34634,2011,45,4,2,310),(34635,2011,46,4,2,310),(34636,2011,47,4,2,310),(34637,2011,48,4,2,310),(34638,2011,49,4,2,310),(34639,2011,50,4,2,310),(34640,2011,51,4,2,310),(34641,2011,52,4,2,310);
/*!40000 ALTER TABLE `resourceschedule` ENABLE KEYS */;
UNLOCK TABLES;

--
-- Table structure for table `resourceschedulevenue`
--

DROP TABLE IF EXISTS `resourceschedulevenue`;
/*!40101 SET @saved_cs_client     = @@character_set_client */;
/*!40101 SET character_set_client = utf8 */;
CREATE TABLE `resourceschedulevenue` (
  `ResourceScheduleID` int(11) NOT NULL,
  `VenueID` int(11) NOT NULL,
  PRIMARY KEY (`ResourceScheduleID`,`VenueID`),
  KEY `fk_ResourceSchedule_has_Venue_Venue1` (`VenueID`),
  KEY `fk_ResourceSchedule_has_Venue_ResourceSchedule1` (`ResourceScheduleID`),
  CONSTRAINT `fk_ResourceSchedule_has_Venue_ResourceSchedule1` FOREIGN KEY (`ResourceScheduleID`) REFERENCES `resourceschedule` (`ID`) ON DELETE NO ACTION ON UPDATE NO ACTION,
  CONSTRAINT `fk_ResourceSchedule_has_Venue_Venue1` FOREIGN KEY (`VenueID`) REFERENCES `venue` (`ID`) ON DELETE NO ACTION ON UPDATE NO ACTION
) ENGINE=InnoDB DEFAULT CHARSET=latin1;
/*!40101 SET character_set_client = @saved_cs_client */;

--
-- Dumping data for table `resourceschedulevenue`
--

LOCK TABLES `resourceschedulevenue` WRITE;
/*!40000 ALTER TABLE `resourceschedulevenue` DISABLE KEYS */;
INSERT INTO `resourceschedulevenue` VALUES (29434,751),(29435,751),(29436,751),(29437,751),(29438,751),(29439,751),(29440,751),(29441,751),(29442,751),(29443,751),(29444,751),(29445,751),(29446,751),(29447,751),(29448,751),(29449,751),(29450,751),(29451,751),(29452,751),(29453,751),(29454,751),(29455,751),(29456,751),(29457,751),(29458,751),(29459,751),(29460,751),(29461,751),(29462,751),(29463,751),(29464,751),(29465,751),(29466,751),(29467,751),(29468,751),(29469,751),(29470,751),(29471,751),(29472,751),(29473,751),(29474,751),(29475,751),(29476,751),(29477,751),(29478,751),(29479,751),(29480,751),(29481,751),(29482,751),(29483,751),(29484,751),(29485,751),(29486,751),(29487,751),(29488,751),(29489,751),(29490,751),(29491,751),(29492,751),(29493,751),(29494,751),(29495,751),(29496,751),(29497,751),(29498,751),(29499,751),(29500,751),(29501,751),(29502,751),(29503,751),(29504,751),(29505,751),(29506,751),(29507,751),(29508,751),(29509,751),(29510,751),(29511,751),(29512,751),(29513,751),(29514,751),(29515,751),(29516,751),(29517,751),(29518,751),(29519,751),(29520,751),(29521,751),(29522,751),(29523,751),(29524,751),(29525,751),(29526,751),(29527,751),(29528,751),(29529,751),(29530,751),(29531,751),(29532,751),(29533,751),(29534,751),(29535,751),(29536,751),(29537,751),(29538,751),(29539,751),(29540,751),(29541,751),(29542,751),(29543,751),(29544,751),(29545,751),(29546,751),(29547,751),(29548,751),(29549,751),(29550,751),(29551,751),(29552,751),(29553,751),(29554,751),(29555,751),(29556,751),(29557,751),(29558,751),(29559,751),(29560,751),(29561,751),(29562,751),(29563,751),(29564,751),(29565,751),(29566,751),(29567,751),(29568,751),(29569,751),(29570,751),(29571,751),(29572,751),(29573,751),(29574,751),(29575,751),(29576,751),(29577,751),(29578,751),(29579,751),(29580,751),(29581,751),(29582,751),(29583,751),(29584,751),(29585,751),(29586,751),(29587,751),(29588,751),(29589,751),(29590,751),(29591,751),(29592,751),(29593,751),(29594,751),(29595,751),(29596,751),(29597,751),(29598,751),(29599,751),(29600,751),(29601,751),(29602,751),(29603,751),(29604,751),(29605,751),(29606,751),(29607,751),(29608,751),(29609,751),(29610,751),(29611,751),(29612,751),(29613,751),(29614,751),(29615,751),(29616,751),(29617,751),(29618,751),(29619,751),(29620,751),(29621,751),(29622,751),(29623,751),(29624,751),(29625,751),(29626,751),(29627,751),(29628,751),(29629,751),(29630,751),(29631,751),(29632,751),(29633,751),(29634,751),(29635,751),(29636,751),(29637,751),(29638,751),(29639,751),(29640,751),(29641,751),(29642,751),(29643,751),(29644,751),(29645,751),(29646,751),(29647,751),(29648,751),(29649,751),(29650,751),(29651,751),(29652,751),(29653,751),(29654,751),(29655,751),(29656,751),(29657,751),(29658,751),(29659,751),(29660,751),(29661,751),(29662,751),(29663,751),(29664,751),(29665,751),(29666,751),(29667,751),(29668,751),(29669,751),(29670,751),(29671,751),(29672,751),(29673,751),(29674,751),(29675,751),(29676,751),(29677,751),(29678,751),(29679,751),(29680,751),(29681,751),(29682,751),(29683,751),(29684,751),(29685,751),(29686,751),(29687,751),(29688,751),(29689,751),(29690,751),(29691,751),(29692,751),(29693,751),(29694,751),(29695,751),(29696,751),(29697,751),(29698,751),(29699,751),(29700,751),(29701,751),(29702,751),(29703,751),(29704,751),(29705,751),(29706,751),(29707,751),(29708,751),(29709,751),(29710,751),(29711,751),(29712,751),(29713,751),(29714,751),(29715,751),(29716,751),(29717,751),(29718,751),(29719,751),(29720,751),(29721,751),(29722,751),(29723,751),(29724,751),(29725,751),(29726,751),(29727,751),(29728,751),(29729,751),(29730,751),(29731,751),(29732,751),(29733,751),(29734,751),(29735,751),(29736,751),(29737,751),(29738,751),(29739,751),(29740,751),(29741,751),(29742,751),(29743,751),(29744,751),(29745,751),(29746,751),(29747,751),(29748,751),(29749,751),(29750,751),(29751,751),(29752,751),(29753,751),(29754,751),(29755,751),(29756,751),(29757,751),(29758,751),(29759,751),(29760,751),(29761,751),(29762,751),(29763,751),(29764,751),(29765,751),(29766,751),(29767,751),(29768,751),(29769,751),(29770,751),(29771,751),(29772,751),(29773,751),(29774,751),(29775,751),(29776,751),(29777,751),(29778,751),(29779,751),(29780,751),(29781,751),(29782,751),(29783,751),(29784,751),(29785,751),(29786,751),(29787,751),(29788,751),(29789,751),(29790,751),(29791,751),(29792,751),(29793,751),(29794,751),(29795,751),(29796,751),(29797,751),(29798,751),(29799,751),(29800,751),(29801,751),(29802,751),(29803,751),(29804,751),(29805,751),(30798,751),(30799,751),(30800,751),(30801,751),(30802,751),(30803,751),(30804,751),(30805,751),(30806,751),(30807,751),(30808,751),(30809,751),(30810,751),(30811,751),(30812,751),(30813,751),(30814,751),(30815,751),(30816,751),(30817,751),(30818,751),(30819,751),(30820,751),(30821,751),(30822,751),(30823,751),(30824,751),(30825,751),(30826,751),(30827,751),(30828,751),(30829,751),(30830,751),(30831,751),(30832,751),(30833,751),(30834,751),(30835,751),(30836,751),(30837,751),(30838,751),(30839,751),(30840,751),(30841,751),(30842,751),(30843,751),(30844,751),(30845,751),(30846,751),(30847,751),(30848,751),(30849,751),(30850,751),(30851,751),(30852,751),(30853,751),(30854,751),(30855,751),(30856,751),(30857,751),(30858,751),(30859,751),(30860,751),(30861,751),(30862,751),(30863,751),(30864,751),(30865,751),(30866,751),(30867,751),(30868,751),(30869,751),(30870,751),(30871,751),(30872,751),(30873,751),(30874,751),(30875,751),(30876,751),(30877,751),(30878,751),(30879,751),(30880,751),(30881,751),(30882,751),(30883,751),(30884,751),(30885,751),(30886,751),(30887,751),(30888,751),(30889,751),(30890,751),(30891,751),(30892,751),(30893,751),(30894,751),(30895,751),(30896,751),(30897,751),(30898,751),(30899,751),(30900,751),(30901,751),(30902,751),(30903,751),(30904,751),(30905,751),(30906,751),(30907,751),(30908,751),(30909,751),(30910,751),(30911,751),(30912,751),(30913,751),(30914,751),(30915,751),(30916,751),(30917,751),(30918,751),(30919,751),(30920,751),(30921,751),(30922,751),(30923,751),(30924,751),(30925,751),(30926,751),(30927,751),(30928,751),(30929,751),(30930,751),(30931,751),(30932,751),(30933,751),(30934,751),(30935,751),(30936,751),(30937,751),(30938,751),(30939,751),(30940,751),(30941,751),(30942,751),(30943,751),(30944,751),(30945,751),(30946,751),(30947,751),(30948,751),(30949,751),(30950,751),(30951,751),(30952,751),(30953,751),(30954,751),(30955,751),(30956,751),(30957,751),(30958,751),(30959,751),(30960,751),(30961,751),(30962,751),(30963,751),(30964,751),(30965,751),(30966,751),(30967,751),(30968,751),(30969,751),(30970,751),(30971,751),(30972,751),(30973,751),(30974,751),(30975,751),(30976,751),(30977,751),(30978,751),(30979,751),(30980,751),(30981,751),(30982,751),(30983,751),(31294,751),(31295,751),(31296,751),(31297,751),(31298,751),(31299,751),(31300,751),(31301,751),(31302,751),(31303,751),(31304,751),(31305,751),(31306,751),(31307,751),(31308,751),(31309,751),(31310,751),(31311,751),(31312,751),(31313,751),(31314,751),(31315,751),(31316,751),(31317,751),(31318,751),(31319,751),(31320,751),(31321,751),(31322,751),(31323,751),(31324,751),(31325,751),(31326,751),(31327,751),(31328,751),(31329,751),(31330,751),(31331,751),(31332,751),(31333,751),(31334,751),(31335,751),(31336,751),(31337,751),(31338,751),(31339,751),(31340,751),(31341,751),(31342,751),(31343,751),(31344,751),(31345,751),(31346,751),(31347,751),(31348,751),(31349,751),(31350,751),(31351,751),(31352,751),(31353,751),(31354,751),(31355,751),(31356,751),(31357,751),(31358,751),(31359,751),(31360,751),(31361,751),(31362,751),(31363,751),(31364,751),(31365,751),(31366,751),(31367,751),(31368,751),(31369,751),(31370,751),(31371,751),(31372,751),(31373,751),(31374,751),(31375,751),(31376,751),(31377,751),(31378,751),(31379,751),(31380,751),(31381,751),(31382,751),(31383,751),(31384,751),(31385,751),(31386,751),(31387,751),(31388,751),(31389,751),(31390,751),(31391,751),(31392,751),(31393,751),(31394,751),(31395,751),(31396,751),(31397,751),(31398,751),(31399,751),(31400,751),(31401,751),(31402,751),(31403,751),(31404,751),(31405,751),(31406,751),(31407,751),(31408,751),(31409,751),(31410,751),(31411,751),(31412,751),(31413,751),(31414,751),(31415,751),(31416,751),(31417,751),(31418,751),(31419,751),(31420,751),(31421,751),(31422,751),(31423,751),(31424,751),(31425,751),(31426,751),(31427,751),(31428,751),(31429,751),(31430,751),(31431,751),(31432,751),(31433,751),(31434,751),(31435,751),(31436,751),(31437,751),(31438,751),(31439,751),(31440,751),(31441,751),(31442,751),(31443,751),(31444,751),(31445,751),(31446,751),(31447,751),(31448,751),(31449,751),(31450,751),(31451,751),(31452,751),(31453,751),(31454,751),(31455,751),(31456,751),(31457,751),(31458,751),(31459,751),(31460,751),(31461,751),(31462,751),(31463,751),(31464,751),(31465,751),(31466,751),(31467,751),(31468,751),(31469,751),(31470,751),(31471,751),(31472,751),(31473,751),(31474,751),(31475,751),(31476,751),(31477,751),(31478,751),(31479,751),(31480,751),(31481,751),(31482,751),(31483,751),(31484,751),(31485,751),(31486,751),(31487,751),(31488,751),(31489,751),(31490,751),(31491,751),(31492,751),(31493,751),(31494,751),(31495,751),(31496,751),(31497,751),(31498,751),(31499,751),(31500,751),(31501,751),(31502,751),(31503,751),(31504,751),(31505,751),(31506,751),(31507,751),(31508,751),(31509,751),(31510,751),(31511,751),(31512,751),(31513,751),(31514,751),(31515,751),(31516,751),(31517,751),(31518,751),(31519,751),(31520,751),(31521,751),(31522,751),(31523,751),(31524,751),(31525,751),(31526,751),(31527,751),(31528,751),(31529,751),(31530,751),(31531,751),(31532,751),(31533,751),(31534,751),(31535,751),(31536,751),(31537,751),(31538,751),(31539,751),(31570,751),(31571,751),(31572,751),(31573,751),(31574,751),(31575,751),(31576,751),(31577,751),(31578,751),(31579,751),(31580,751),(31581,751),(31582,751),(31583,751),(31584,751),(31585,751),(31586,751),(31587,751),(31588,751),(31589,751),(31590,751),(31591,751),(31592,751),(31593,751),(31594,751),(31595,751),(31596,751),(31597,751),(31598,751),(31599,751),(31600,751),(31601,751),(31602,751),(31603,751),(31604,751),(31605,751),(31606,751),(31607,751),(31608,751),(31609,751),(31610,751),(31611,751),(31612,751),(31613,751),(31614,751),(31615,751),(31616,751),(31617,751),(31618,751),(31619,751),(31620,751),(31621,751),(31622,751),(31623,751),(31624,751),(31625,751),(31626,751),(31627,751),(31628,751),(31629,751),(31630,751),(31631,751),(31632,751),(31633,751),(31666,751),(31667,751),(31668,751),(31669,751),(31670,751),(31671,751),(31672,751),(31673,751),(31674,751),(31675,751),(31676,751),(31677,751),(31678,751),(31679,751),(31680,751),(31681,751),(31682,751),(31683,751),(31684,751),(31685,751),(31686,751),(31687,751),(31688,751),(31689,751),(31690,751),(31691,751),(31692,751),(31693,751),(31694,751),(31695,751),(31696,751),(31697,751),(31698,751),(31699,751),(31700,751),(31701,751),(31702,751),(31703,751),(31704,751),(31705,751),(31706,751),(31707,751),(31708,751),(31709,751),(31710,751),(31711,751),(31712,751),(31713,751),(31714,751),(31715,751),(31716,751),(31717,751),(31718,751),(31719,751),(31720,751),(31721,751),(31722,751),(31723,751),(31724,751),(31725,751),(31756,751),(31757,751),(31758,751),(31759,751),(31760,751),(31761,751),(31762,751),(31763,751),(31764,751),(31765,751),(31766,751),(31767,751),(31768,751),(31769,751),(31770,751),(31771,751),(31772,751),(31773,751),(31774,751),(31775,751),(31776,751),(31777,751),(31778,751),(31779,751),(31780,751),(31781,751),(31782,751),(31783,751),(31784,751),(31785,751),(31786,751),(31787,751),(31788,751),(31789,751),(31790,751),(31791,751),(31792,751),(31793,751),(31794,751),(31795,751),(31796,751),(31797,751),(31798,751),(31799,751),(31800,751),(31801,751),(31802,751),(31803,751),(31804,751),(31805,751),(31806,751),(31807,751),(31808,751),(31809,751),(31810,751),(31811,751),(31812,751),(31813,751),(31814,751),(31815,751),(31816,751),(31817,751),(31818,751),(31819,751),(31852,751),(31853,751),(31854,751),(31855,751),(31856,751),(31857,751),(31858,751),(31859,751),(31860,751),(31861,751),(31862,751),(31863,751),(31864,751),(31865,751),(31866,751),(31867,751),(31868,751),(31869,751),(31870,751),(31871,751),(31872,751),(31873,751),(31874,751),(31875,751),(31876,751),(31877,751),(31878,751),(31879,751),(31880,751),(31881,751),(31882,751),(31883,751),(31884,751),(31885,751),(31886,751),(31887,751),(31888,751),(31889,751),(31890,751),(31891,751),(31892,751),(31893,751),(31894,751),(31895,751),(31896,751),(31897,751),(31898,751),(31899,751),(31900,751),(31901,751),(31902,751),(31903,751),(31904,751),(31905,751),(31906,751),(31907,751),(31908,751),(31909,751),(31910,751),(31911,751),(31942,751),(31943,751),(31944,751),(31945,751),(31946,751),(31947,751),(31948,751),(31949,751),(31950,751),(31951,751),(31952,751),(31953,751),(31954,751),(31955,751),(31956,751),(31957,751),(31958,751),(31959,751),(31960,751),(31961,751),(31962,751),(31963,751),(31964,751),(31965,751),(31966,751),(31967,751),(31968,751),(31969,751),(31970,751),(31971,751),(31972,751),(31973,751),(31974,751),(31975,751),(31976,751),(31977,751),(31978,751),(31979,751),(31980,751),(31981,751),(31982,751),(31983,751),(31984,751),(31985,751),(31986,751),(31987,751),(31988,751),(31989,751),(31990,751),(31991,751),(31992,751),(31993,751),(31994,751),(31995,751),(31996,751),(31997,751),(31998,751),(31999,751),(32000,751),(32001,751),(32002,751),(32003,751),(32004,751),(32005,751),(32131,751),(32132,751),(32133,751),(32134,751),(32135,751),(32136,751),(32137,751),(32138,751),(32139,751),(32140,751),(32141,751),(32142,751),(32143,751),(32144,751),(32145,751),(32146,751),(32147,751),(32148,751),(32149,751),(32150,751),(32151,751),(32152,751),(32153,751),(32154,751),(32155,751),(32156,751),(32157,751),(32158,751),(32159,751),(32160,751),(32161,751),(32162,751),(32163,751),(32164,751),(32165,751),(32166,751),(32167,751),(32168,751),(32169,751),(32170,751),(32171,751),(32172,751),(32173,751),(32174,751),(32175,751),(32176,751),(32177,751),(32178,751),(32179,751),(32180,751),(32181,751),(32182,751),(32183,751),(32184,751),(32185,751),(32186,751),(32187,751),(32188,751),(32189,751),(32190,751),(32191,751),(32192,751),(32193,751),(32194,751),(32195,751),(32196,751),(32197,751),(32198,751),(32199,751),(32200,751),(32201,751),(32202,751),(32203,751),(32204,751),(32205,751),(32206,751),(32207,751),(32208,751),(32209,751),(32210,751),(32211,751),(32212,751),(32213,751),(32214,751),(32215,751),(32216,751),(32217,751),(32218,751),(32219,751),(32220,751),(32221,751),(32222,751),(32223,751),(32224,751),(32225,751),(32226,751),(32227,751),(32228,751),(32229,751),(32230,751),(32231,751),(32232,751),(32233,751),(32234,751),(32235,751),(32236,751),(32237,751),(32238,751),(32239,751),(32240,751),(32241,751),(32242,751),(32243,751),(32244,751),(32245,751),(32246,751),(32247,751),(32248,751),(32249,751),(32250,751),(32251,751),(32252,751),(32253,751),(32269,751),(32270,751),(32271,751),(32272,751),(32273,751),(32274,751),(32275,751),(32276,751),(32277,751),(32278,751),(32279,751),(32280,751),(32281,751),(32282,751),(32283,751),(32284,751),(32285,751),(32286,751),(32287,751),(32288,751),(32289,751),(32290,751),(32291,751),(32292,751),(32293,751),(32294,751),(32295,751),(32296,751),(32297,751),(32298,751),(32299,751),(32300,751),(32317,751),(32318,751),(32319,751),(32320,751),(32321,751),(32322,751),(32323,751),(32324,751),(32325,751),(32326,751),(32327,751),(32328,751),(32329,751),(32330,751),(32331,751),(32332,751),(32333,751),(32334,751),(32335,751),(32336,751),(32337,751),(32338,751),(32339,751),(32340,751),(32341,751),(32342,751),(32343,751),(32344,751),(32345,751),(32346,751),(32347,751),(32348,751),(32349,751),(32350,751),(32351,751),(32352,751),(32353,751),(32354,751),(32355,751),(32356,751),(32357,751),(32358,751),(32359,751),(32360,751),(32361,751),(32362,751),(32363,751),(32364,751),(32365,751),(32366,751),(32367,751),(32368,751),(32369,751),(32370,751),(32371,751),(32372,751),(32373,751),(32374,751),(32375,751),(32376,751),(32377,751),(32378,751),(32379,751),(32380,751),(32381,751),(32382,751),(32383,751),(32384,751),(32385,751),(32386,751),(32387,751),(32388,751),(32389,751),(32390,751),(32391,751),(32392,751),(32393,751),(32394,751),(32395,751),(32396,751),(32397,751),(32398,751),(32399,751),(32400,751),(32401,751),(32402,751),(32403,751),(32404,751),(32405,751),(32406,751),(32407,751),(32408,751),(32409,751),(32410,751),(32411,751),(32412,751),(32413,751),(32414,751),(32415,751),(32416,751),(32417,751),(32418,751),(32419,751),(32420,751),(32421,751),(32422,751),(32423,751),(32424,751),(32425,751),(32426,751),(32427,751),(32428,751),(32429,751),(32430,751),(32431,751),(32432,751),(32433,751),(32434,751),(32435,751),(32436,751),(32437,751),(32438,751),(32439,751),(32440,751),(31540,752),(31541,752),(31542,752),(31543,752),(31544,752),(31545,752),(31546,752),(31547,752),(31548,752),(31549,752),(31550,752),(31551,752),(31552,752),(31553,752),(31554,752),(31555,752),(31556,752),(31557,752),(31558,752),(31559,752),(31560,752),(31561,752),(31562,752),(31563,752),(31564,752),(31565,752),(31566,752),(31567,752),(31568,752),(31569,752),(31634,752),(31635,752),(31636,752),(31637,752),(31638,752),(31639,752),(31640,752),(31641,752),(31642,752),(31643,752),(31644,752),(31645,752),(31646,752),(31647,752),(31648,752),(31649,752),(31650,752),(31651,752),(31652,752),(31653,752),(31654,752),(31655,752),(31656,752),(31657,752),(31658,752),(31659,752),(31660,752),(31661,752),(31662,752),(31663,752),(31664,752),(31665,752),(31726,752),(31727,752),(31728,752),(31729,752),(31730,752),(31731,752),(31732,752),(31733,752),(31734,752),(31735,752),(31736,752),(31737,752),(31738,752),(31739,752),(31740,752),(31741,752),(31742,752),(31743,752),(31744,752),(31745,752),(31746,752),(31747,752),(31748,752),(31749,752),(31750,752),(31751,752),(31752,752),(31753,752),(31754,752),(31755,752),(31820,752),(31821,752),(31822,752),(31823,752),(31824,752),(31825,752),(31826,752),(31827,752),(31828,752),(31829,752),(31830,752),(31831,752),(31832,752),(31833,752),(31834,752),(31835,752),(31836,752),(31837,752),(31838,752),(31839,752),(31840,752),(31841,752),(31842,752),(31843,752),(31844,752),(31845,752),(31846,752),(31847,752),(31848,752),(31849,752),(31850,752),(31851,752),(31912,752),(31913,752),(31914,752),(31915,752),(31916,752),(31917,752),(31918,752),(31919,752),(31920,752),(31921,752),(31922,752),(31923,752),(31924,752),(31925,752),(31926,752),(31927,752),(31928,752),(31929,752),(31930,752),(31931,752),(31932,752),(31933,752),(31934,752),(31935,752),(31936,752),(31937,752),(31938,752),(31939,752),(31940,752),(31941,752),(32006,752),(32007,752),(32008,752),(32009,752),(32010,752),(32011,752),(32012,752),(32013,752),(32014,752),(32015,752),(32016,752),(32017,752),(32018,752),(32019,752),(32020,752),(32021,752),(32022,752),(32023,752),(32024,752),(32025,752),(32026,752),(32027,752),(32028,752),(32029,752),(32030,752),(32031,752),(32032,752),(32033,752),(32034,752),(32035,752),(32036,752),(32037,752),(32254,752),(32255,752),(32256,752),(32257,752),(32258,752),(32259,752),(32260,752),(32261,752),(32262,752),(32263,752),(32264,752),(32265,752),(32266,752),(32267,752),(32268,752),(32301,752),(32302,752),(32303,752),(32304,752),(32305,752),(32306,752),(32307,752),(32308,752),(32309,752),(32310,752),(32311,752),(32312,752),(32313,752),(32314,752),(32315,752),(32316,752),(32534,752),(32535,752),(32536,752),(32537,752),(32538,752),(32539,752),(32540,752),(32541,752),(32542,752),(32543,752),(32544,752),(32545,752),(32546,752),(32547,752),(32548,752),(32549,752),(32550,752),(32551,752),(32552,752),(32553,752),(32554,752),(32555,752),(32556,752),(32557,752),(32558,752),(32559,752),(32560,752),(32561,752),(32562,752),(32563,752),(32564,752),(32565,752),(32566,752),(32567,752),(32568,752),(32569,752),(32570,752),(32571,752),(32572,752),(32573,752),(32574,752),(32575,752),(32576,752),(32577,752),(32578,752),(32579,752),(32580,752),(32581,752),(32582,752),(32583,752),(32584,752),(32585,752),(32586,752),(32587,752),(32588,752),(32589,752),(32590,752),(32591,752),(32592,752),(32593,752),(32594,752),(32595,752),(32596,752),(32597,752),(32598,752),(32599,752),(32600,752),(32601,752),(32602,752),(32603,752),(32604,752),(32605,752),(32606,752),(32607,752),(32608,752),(32609,752),(32610,752),(32611,752),(32612,752),(32613,752),(32614,752),(32615,752),(32616,752),(32617,752),(32618,752),(32619,752),(32620,752),(32621,752),(32622,752),(32623,752),(32624,752),(32625,752),(32626,752),(32627,752),(32628,752),(32629,752),(32630,752),(32631,752),(32632,752),(32633,752),(32634,752),(32635,752),(32636,752),(32637,752),(32638,752),(32639,752),(32640,752),(32641,752),(32642,752),(32643,752),(32644,752),(32645,752),(32646,752),(32647,752),(32648,752),(32649,752),(32650,752),(32651,752),(32652,752),(32653,752),(32654,752),(32655,752),(32656,752),(32657,752),(32751,752),(32752,752),(32753,752),(32754,752),(32755,752),(32756,752),(32757,752),(32758,752),(32759,752),(32760,752),(32761,752),(32762,752),(32763,752),(32764,752),(32765,752),(32766,752),(32767,752),(32768,752),(32769,752),(32770,752),(32771,752),(32772,752),(32773,752),(32774,752),(32775,752),(32776,752),(32777,752),(32778,752),(32779,752),(32780,752),(32781,752),(32782,752),(32783,752),(32784,752),(32785,752),(32786,752),(32787,752),(32788,752),(32789,752),(32790,752),(32791,752),(32792,752),(32793,752),(32794,752),(32795,752),(32796,752),(32797,752),(32798,752),(32799,752),(32800,752),(32801,752),(32802,752),(32803,752),(32804,752),(32805,752),(32806,752),(32807,752),(32808,752),(32809,752),(32810,752),(32811,752),(32812,752),(32813,752),(32814,752),(32815,752),(32816,752),(32817,752),(32818,752),(32819,752),(32820,752),(32821,752),(32822,752),(32823,752),(32824,752),(32825,752),(32826,752),(32827,752),(32828,752),(32829,752),(32830,752),(32831,752),(32832,752),(32833,752),(32834,752),(32835,752),(32836,752),(32837,752),(32838,752),(32839,752),(32840,752),(32841,752),(32842,752),(32843,752),(32844,752),(32845,752),(32846,752),(32847,752),(32848,752),(32849,752),(32850,752),(32851,752),(32852,752),(32853,752),(32854,752),(32855,752),(32856,752),(32857,752),(32858,752),(32859,752),(32860,752),(32861,752),(32862,752),(32863,752),(32864,752),(32865,752),(32866,752),(32867,752),(32868,752),(32869,752),(32870,752),(32871,752),(32872,752),(32873,752),(32874,752),(32875,752),(32876,752),(32877,752),(32878,752),(32879,752),(32880,752),(32881,752),(32882,752),(32883,752),(32884,752),(32885,752),(32886,752),(32887,752),(32888,752),(32889,752),(32890,752),(32891,752),(32892,752),(32893,752),(32894,752),(32895,752),(32896,752),(32897,752),(32898,752),(32899,752),(32900,752),(32901,752),(32902,752),(32903,752),(32904,752),(32905,752),(32906,752),(32907,752),(32908,752),(32909,752),(32910,752),(32911,752),(32912,752),(32913,752),(32914,752),(32915,752),(32916,752),(32917,752),(32918,752),(32919,752),(32920,752),(32921,752),(32922,752),(32923,752),(32924,752),(32925,752),(32926,752),(32927,752),(32928,752),(32929,752),(32930,752),(32931,752),(32932,752),(32933,752),(32934,752),(32935,752),(32936,752),(32937,752),(32938,752),(32939,752),(32940,752),(32941,752),(32942,752),(32943,752),(32944,752),(32945,752),(32946,752),(32947,752),(32948,752),(32949,752),(32950,752),(32951,752),(32952,752),(32953,752),(32954,752),(32955,752),(32956,752),(32957,752),(32958,752),(32959,752),(32960,752),(32961,752),(32962,752),(32963,752),(32964,752),(32965,752),(32966,752),(32967,752),(32968,752),(32969,752),(32970,752),(32971,752),(32972,752),(32973,752),(32974,752),(32975,752),(32976,752),(32977,752),(32978,752),(32979,752),(32980,752),(32981,752),(32982,752),(32983,752),(32984,752),(32985,752),(32986,752),(32987,752),(32988,752),(32989,752),(32990,752),(32991,752),(32992,752),(32993,752),(32994,752),(32995,752),(32996,752),(32997,752),(32998,752),(32999,752),(33000,752),(33001,752),(33002,752),(33003,752),(33004,752),(33005,752),(33006,752),(33007,752),(33008,752),(33009,752),(33010,752),(33011,752),(33012,752),(33013,752),(33014,752),(33015,752),(33016,752),(33017,752),(33018,752),(33019,752),(33020,752),(33021,752),(33022,752),(33023,752),(33024,752),(33025,752),(33026,752),(33027,752),(33028,752),(33029,752),(33030,752),(33031,752),(33032,752),(33033,752),(33034,752),(33035,752),(33036,752),(33037,752),(33038,752),(33039,752),(33040,752),(33041,752),(33042,752),(33043,752),(33044,752),(33045,752),(33046,752),(33047,752),(33048,752),(33049,752),(33050,752),(33051,752),(33052,752),(33053,752),(33054,752),(33055,752),(33056,752),(33057,752),(33058,752),(33059,752),(33060,752),(33061,752),(33062,752),(33063,752),(33064,752),(33065,752),(33066,752),(33067,752),(33068,752),(33069,752),(33070,752),(33071,752),(33072,752),(33073,752),(33074,752),(33075,752),(33076,752),(33077,752),(33078,752),(33079,752),(33080,752),(33081,752),(33082,752),(33083,752),(33084,752),(33085,752),(33086,752),(33087,752),(33088,752),(33089,752),(33090,752),(33091,752),(33092,752),(33093,752),(33094,752),(33095,752),(33096,752),(33097,752),(33098,752),(33099,752),(33100,752),(33101,752),(33102,752),(33103,752),(33104,752),(33105,752),(33106,752),(33107,752),(33108,752),(33109,752),(33110,752),(33111,752),(33112,752),(33113,752),(33114,752),(33115,752),(33116,752),(33117,752),(33118,752),(33119,752),(33120,752),(33121,752),(33122,752),(29806,755),(29807,755),(29808,755),(29809,755),(29810,755),(29811,755),(29812,755),(29813,755),(29814,755),(29815,755),(29816,755),(29817,755),(29818,755),(29819,755),(29820,755),(29821,755),(29822,755),(29823,755),(29824,755),(29825,755),(29826,755),(29827,755),(29828,755),(29829,755),(29830,755),(29831,755),(29832,755),(29833,755),(29834,755),(29835,755),(29836,755),(29837,755),(29838,755),(29839,755),(29840,755),(29841,755),(29842,755),(29843,755),(29844,755),(29845,755),(29846,755),(29847,755),(29848,755),(29849,755),(29850,755),(29851,755),(29852,755),(29853,755),(29854,755),(29855,755),(29856,755),(29857,755),(29858,755),(29859,755),(29860,755),(29861,755),(29862,755),(29863,755),(29864,755),(29865,755),(29866,755),(29867,755),(29868,755),(29869,755),(29870,755),(29871,755),(29872,755),(29873,755),(29874,755),(29875,755),(29876,755),(29877,755),(29878,755),(29879,755),(29880,755),(29881,755),(29882,755),(29883,755),(29884,755),(29885,755),(29886,755),(29887,755),(29888,755),(29889,755),(29890,755),(29891,755),(29892,755),(29893,755),(29894,755),(29895,755),(29896,755),(29897,755),(29898,755),(29899,755),(29900,755),(29901,755),(29902,755),(29903,755),(29904,755),(29905,755),(29906,755),(29907,755),(29908,755),(29909,755),(29910,755),(29911,755),(29912,755),(29913,755),(29914,755),(29915,755),(29916,755),(29917,755),(29918,755),(29919,755),(29920,755),(29921,755),(29922,755),(29923,755),(29924,755),(29925,755),(29926,755),(29927,755),(29928,755),(29929,755),(29310,756),(29311,756),(29312,756),(29313,756),(29314,756),(29315,756),(29316,756),(29317,756),(29318,756),(29319,756),(29320,756),(29321,756),(29322,756),(29323,756),(29324,756),(29325,756),(29326,756),(29327,756),(29328,756),(29329,756),(29330,756),(29331,756),(29332,756),(29333,756),(29334,756),(29335,756),(29336,756),(29337,756),(29338,756),(29339,756),(29340,756),(29341,756),(29342,756),(29343,756),(29344,756),(29345,756),(29346,756),(29347,756),(29348,756),(29349,756),(29350,756),(29351,756),(29352,756),(29353,756),(29354,756),(29355,756),(29356,756),(29357,756),(29358,756),(29359,756),(29360,756),(29361,756),(29362,756),(29363,756),(29364,756),(29365,756),(29366,756),(29367,756),(29368,756),(29369,756),(29370,756),(29371,756),(29372,756),(29373,756),(29374,756),(29375,756),(29376,756),(29377,756),(29378,756),(29379,756),(29380,756),(29381,756),(29382,756),(29383,756),(29384,756),(29385,756),(29386,756),(29387,756),(29388,756),(29389,756),(29390,756),(29391,756),(29392,756),(29393,756),(29394,756),(29395,756),(29396,756),(29397,756),(29398,756),(29399,756),(29400,756),(29401,756),(29402,756),(29403,756),(29404,756),(29405,756),(29406,756),(29407,756),(29408,756),(29409,756),(29410,756),(29411,756),(29412,756),(29413,756),(29414,756),(29415,756),(29416,756),(29417,756),(29418,756),(29419,756),(29420,756),(29421,756),(29422,756),(29423,756),(29424,756),(29425,756),(29426,756),(29427,756),(29428,756),(29429,756),(29430,756),(29431,756),(29432,756),(29433,756),(32038,756),(32039,756),(32040,756),(32041,756),(32042,756),(32043,756),(32044,756),(32045,756),(32046,756),(32047,756),(32048,756),(32049,756),(32050,756),(32051,756),(32052,756),(32053,756),(32054,756),(32055,756),(32056,756),(32057,756),(32058,756),(32059,756),(32060,756),(32061,756),(32062,756),(32063,756),(32064,756),(32065,756),(32066,756),(32067,756),(32068,756),(32069,756),(32070,756),(32071,756),(32072,756),(32073,756),(32074,756),(32075,756),(32076,756),(32077,756),(32078,756),(32079,756),(32080,756),(32081,756),(32082,756),(32083,756),(32084,756),(32085,756),(32086,756),(32087,756),(32088,756),(32089,756),(32090,756),(32091,756),(32092,756),(32093,756),(32094,756),(32095,756),(32096,756),(32097,756),(32098,756),(32099,756),(32100,756),(32101,756),(32102,756),(32103,756),(32104,756),(32105,756),(32106,756),(32107,756),(32108,756),(32109,756),(32110,756),(32111,756),(32112,756),(32113,756),(32114,756),(32115,756),(32116,756),(32117,756),(32118,756),(32119,756),(32120,756),(32121,756),(32122,756),(32123,756),(32124,756),(32125,756),(32126,756),(32127,756),(32128,756),(32129,756),(32130,756),(29930,759),(29931,759),(29932,759),(29933,759),(29934,759),(29935,759),(29936,759),(29937,759),(29938,759),(29939,759),(29940,759),(29941,759),(29942,759),(29943,759),(29944,759),(29945,759),(29946,759),(29947,759),(29948,759),(29949,759),(29950,759),(29951,759),(29952,759),(29953,759),(29954,759),(29955,759),(29956,759),(29957,759),(29958,759),(29959,759),(29960,759),(29961,759),(29962,759),(29963,759),(29964,759),(29965,759),(29966,759),(29967,759),(29968,759),(29969,759),(29970,759),(29971,759),(29972,759),(29973,759),(29974,759),(29975,759),(29976,759),(29977,759),(29978,759),(29979,759),(29980,759),(29981,759),(29982,759),(29983,759),(29984,759),(29985,759),(29986,759),(29987,759),(29988,759),(29989,759),(29990,759),(29991,759),(29992,759),(29993,759),(29994,759),(29995,759),(29996,759),(29997,759),(29998,759),(29999,759),(30000,759),(30001,759),(30002,759),(30003,759),(30004,759),(30005,759),(30006,759),(30007,759),(30008,759),(30009,759),(30010,759),(30011,759),(30012,759),(30013,759),(30014,759),(30015,759),(30016,759),(30017,759),(30018,759),(30019,759),(30020,759),(30021,759),(30022,759),(30116,759),(30117,759),(30118,759),(30119,759),(30120,759),(30121,759),(30122,759),(30123,759),(30124,759),(30125,759),(30126,759),(30127,759),(30128,759),(30129,759),(30130,759),(30131,759),(30132,759),(30133,759),(30134,759),(30135,759),(30136,759),(30137,759),(30138,759),(30139,759),(30140,759),(30141,759),(30142,759),(30143,759),(30144,759),(30145,759),(30146,759),(30147,759),(30148,759),(30149,759),(30150,759),(30151,759),(30152,759),(30153,759),(30154,759),(30155,759),(30156,759),(30157,759),(30158,759),(30159,759),(30160,759),(30161,759),(30162,759),(30163,759),(30164,759),(30165,759),(30166,759),(30167,759),(30168,759),(30169,759),(30170,759),(30171,759),(30172,759),(30173,759),(30174,759),(30175,759),(30176,759),(30177,759),(30178,759),(30179,759),(30180,759),(30181,759),(30182,759),(30183,759),(30184,759),(30185,759),(30186,759),(30187,759),(30188,759),(30189,759),(30190,759),(30191,759),(30192,759),(30193,759),(30194,759),(30195,759),(30196,759),(30197,759),(30198,759),(30199,759),(30200,759),(30201,759),(30202,759),(30203,759),(30204,759),(30205,759),(30206,759),(30207,759),(30208,759),(32441,759),(32442,759),(32443,759),(32444,759),(32445,759),(32446,759),(32447,759),(32448,759),(32449,759),(32450,759),(32451,759),(32452,759),(32453,759),(32454,759),(32455,759),(32456,759),(32457,759),(32458,759),(32459,759),(32460,759),(32461,759),(32462,759),(32463,759),(32464,759),(32465,759),(32466,759),(32467,759),(32468,759),(32469,759),(32470,759),(32471,759),(32472,759),(32473,759),(32474,759),(32475,759),(32476,759),(32477,759),(32478,759),(32479,759),(32480,759),(32481,759),(32482,759),(32483,759),(32484,759),(32485,759),(32486,759),(32487,759),(32488,759),(32489,759),(32490,759),(32491,759),(32492,759),(32493,759),(32494,759),(32495,759),(32496,759),(32497,759),(32498,759),(32499,759),(32500,759),(32501,759),(32502,759),(32503,759),(32504,759),(32505,759),(32506,759),(32507,759),(32508,759),(32509,759),(32510,759),(32511,759),(32512,759),(32513,759),(32514,759),(32515,759),(32516,759),(32517,759),(32518,759),(32519,759),(32520,759),(32521,759),(32522,759),(32523,759),(32524,759),(32525,759),(32526,759),(32527,759),(32528,759),(32529,759),(32530,759),(32531,759),(32532,759),(32533,759),(32658,759),(32659,759),(32660,759),(32661,759),(32662,759),(32663,759),(32664,759),(32665,759),(32666,759),(32667,759),(32668,759),(32669,759),(32670,759),(32671,759),(32672,759),(32673,759),(32674,759),(32675,759),(32676,759),(32677,759),(32678,759),(32679,759),(32680,759),(32681,759),(32682,759),(32683,759),(32684,759),(32685,759),(32686,759),(32687,759),(32688,759),(32689,759),(32690,759),(32691,759),(32692,759),(32693,759),(32694,759),(32695,759),(32696,759),(32697,759),(32698,759),(32699,759),(32700,759),(32701,759),(32702,759),(32703,759),(32704,759),(32705,759),(32706,759),(32707,759),(32708,759),(32709,759),(32710,759),(32711,759),(32712,759),(32713,759),(32714,759),(32715,759),(32716,759),(32717,759),(32718,759),(32719,759),(32720,759),(32721,759),(32722,759),(32723,759),(32724,759),(32725,759),(32726,759),(32727,759),(32728,759),(32729,759),(32730,759),(32731,759),(32732,759),(32733,759),(32734,759),(32735,759),(32736,759),(32737,759),(32738,759),(32739,759),(32740,759),(32741,759),(32742,759),(32743,759),(32744,759),(32745,759),(32746,759),(32747,759),(32748,759),(32749,759),(32750,759),(33123,759),(33124,759),(33125,759),(33126,759),(33127,759),(33128,759),(33129,759),(33130,759),(33131,759),(33132,759),(33133,759),(33134,759),(33135,759),(33136,759),(33137,759),(33138,759),(33139,759),(33140,759),(33141,759),(33142,759),(33143,759),(33144,759),(33145,759),(33146,759),(33147,759),(33148,759),(33149,759),(33150,759),(33151,759),(33152,759),(33153,759),(33154,759),(33155,759),(33156,759),(33157,759),(33158,759),(33159,759),(33160,759),(33161,759),(33162,759),(33163,759),(33164,759),(33165,759),(33166,759),(33167,759),(33168,759),(33169,759),(33170,759),(33171,759),(33172,759),(33173,759),(33174,759),(33175,759),(33176,759),(33177,759),(33178,759),(33179,759),(33180,759),(33181,759),(33182,759),(33183,759),(33184,759),(33185,759),(33186,759),(33187,759),(33188,759),(33189,759),(33190,759),(33191,759),(33192,759),(33193,759),(33194,759),(33195,759),(33196,759),(33197,759),(33198,759),(33199,759),(33200,759),(33201,759),(33202,759),(33203,759),(33204,759),(33205,759),(33206,759),(33207,759),(33208,759),(33209,759),(33210,759),(33211,759),(33212,759),(33213,759),(33214,759),(33215,759),(30023,781),(30024,781),(30025,781),(30026,781),(30027,781),(30028,781),(30029,781),(30030,781),(30031,781),(30032,781),(30033,781),(30034,781),(30035,781),(30036,781),(30037,781),(30038,781),(30039,781),(30040,781),(30041,781),(30042,781),(30043,781),(30044,781),(30045,781),(30046,781),(30047,781),(30048,781),(30049,781),(30050,781),(30051,781),(30052,781),(30053,781),(30054,781),(30055,781),(30056,781),(30057,781),(30058,781),(30059,781),(30060,781),(30061,781),(30062,781),(30063,781),(30064,781),(30065,781),(30066,781),(30067,781),(30068,781),(30069,781),(30070,781),(30071,781),(30072,781),(30073,781),(30074,781),(30075,781),(30076,781),(30077,781),(30078,781),(30079,781),(30080,781),(30081,781),(30082,781),(30083,781),(30084,781),(30085,781),(30086,781),(30087,781),(30088,781),(30089,781),(30090,781),(30091,781),(30092,781),(30093,781),(30094,781),(30095,781),(30096,781),(30097,781),(30098,781),(30099,781),(30100,781),(30101,781),(30102,781),(30103,781),(30104,781),(30105,781),(30106,781),(30107,781),(30108,781),(30109,781),(30110,781),(30111,781),(30112,781),(30113,781),(30114,781),(30115,781),(30209,781),(30210,781),(30211,781),(30212,781),(30213,781),(30214,781),(30215,781),(30216,781),(30217,781),(30218,781),(30219,781),(30220,781),(30221,781),(30222,781),(30223,781),(30224,781),(30225,781),(30226,781),(30227,781),(30228,781),(30229,781),(30230,781),(30231,781),(30232,781),(30233,781),(30234,781),(30235,781),(30236,781),(30237,781),(30238,781),(30239,781),(30240,781),(30241,781),(30242,781),(30243,781),(30244,781),(30245,781),(30246,781),(30247,781),(30248,781),(30249,781),(30250,781),(30251,781),(30252,781),(30253,781),(30254,781),(30255,781),(30256,781),(30257,781),(30258,781),(30259,781),(30260,781),(30261,781),(30262,781),(30263,781),(30264,781),(30265,781),(30266,781),(30267,781),(30268,781),(30269,781),(30270,781),(30271,781),(30272,781),(30273,781),(30274,781),(30275,781),(30276,781),(30277,781),(30278,781),(30279,781),(30280,781),(30281,781),(30282,781),(30283,781),(30284,781),(30285,781),(30286,781),(30287,781),(30288,781),(30289,781),(30290,781),(30291,781),(30292,781),(30293,781),(30294,781),(30295,781),(30296,781),(30297,781),(30298,781),(30299,781),(30300,781),(30301,781),(30984,781),(30985,781),(30986,781),(30987,781),(30988,781),(30989,781),(30990,781),(30991,781),(30992,781),(30993,781),(30994,781),(30995,781),(30996,781),(30997,781),(30998,781),(30999,781),(31000,781),(31001,781),(31002,781),(31003,781),(31004,781),(31005,781),(31006,781),(31007,781),(31008,781),(31009,781),(31010,781),(31011,781),(31012,781),(31013,781),(31014,781),(31015,781),(31016,781),(31017,781),(31018,781),(31019,781),(31020,781),(31021,781),(31022,781),(31023,781),(31024,781),(31025,781),(31026,781),(31027,781),(31028,781),(31029,781),(31030,781),(31031,781),(31032,781),(31033,781),(31034,781),(31035,781),(31036,781),(31037,781),(31038,781),(31039,781),(31040,781),(31041,781),(31042,781),(31043,781),(31044,781),(31045,781),(31046,781),(31047,781),(31048,781),(31049,781),(31050,781),(31051,781),(31052,781),(31053,781),(31054,781),(31055,781),(31056,781),(31057,781),(31058,781),(31059,781),(31060,781),(31061,781),(31062,781),(31063,781),(31064,781),(31065,781),(31066,781),(31067,781),(31068,781),(31069,781),(31070,781),(31071,781),(31072,781),(31073,781),(31074,781),(31075,781),(31076,781),(31077,781),(31078,781),(31079,781),(31080,781),(31081,781),(31082,781),(31083,781),(31084,781),(31085,781),(31086,781),(31087,781),(31088,781),(31089,781),(31090,781),(31091,781),(31092,781),(31093,781),(31094,781),(31095,781),(31096,781),(31097,781),(31098,781),(31099,781),(31100,781),(31101,781),(31102,781),(31103,781),(31104,781),(31105,781),(31106,781),(31107,781),(31108,781),(31109,781),(31110,781),(31111,781),(31112,781),(31113,781),(31114,781),(31115,781),(31116,781),(31117,781),(31118,781),(31119,781),(31120,781),(31121,781),(31122,781),(31123,781),(31124,781),(31125,781),(31126,781),(31127,781),(31128,781),(31129,781),(31130,781),(31131,781),(31132,781),(31133,781),(31134,781),(31135,781),(31136,781),(31137,781),(31138,781),(31139,781),(31140,781),(31141,781),(31142,781),(31143,781),(31144,781),(31145,781),(31146,781),(31147,781),(31148,781),(31149,781),(31150,781),(31151,781),(31152,781),(31153,781),(31154,781),(31155,781),(31156,781),(31157,781),(31158,781),(31159,781),(31160,781),(31161,781),(31162,781),(31163,781),(31164,781),(31165,781),(31166,781),(31167,781),(31168,781),(31169,781),(31170,781),(31171,781),(31172,781),(31173,781),(31174,781),(31175,781),(31176,781),(31177,781),(31178,781),(31179,781),(31180,781),(31181,781),(31182,781),(31183,781),(31184,781),(31185,781),(31186,781),(31187,781),(31188,781),(31189,781),(31190,781),(31191,781),(31192,781),(31193,781),(31194,781),(31195,781),(31196,781),(31197,781),(31198,781),(31199,781),(31200,781),(31201,781),(31202,781),(31203,781),(31204,781),(31205,781),(31206,781),(31207,781),(31208,781),(31209,781),(31210,781),(31211,781),(31212,781),(31213,781),(31214,781),(31215,781),(31216,781),(31217,781),(31218,781),(31219,781),(31220,781),(31221,781),(31222,781),(31223,781),(31224,781),(31225,781),(31226,781),(31227,781),(31228,781),(31229,781),(31230,781),(31231,781),(31232,781),(31233,781),(31234,781),(31235,781),(31236,781),(31237,781),(31238,781),(31239,781),(31240,781),(31241,781),(31242,781),(31243,781),(31244,781),(31245,781),(31246,781),(31247,781),(31248,781),(31249,781),(31250,781),(31251,781),(31252,781),(31253,781),(31254,781),(31255,781),(31256,781),(31257,781),(31258,781),(31259,781),(31260,781),(31261,781),(31262,781),(31263,781),(31264,781),(31265,781),(31266,781),(31267,781),(31268,781),(31269,781),(31270,781),(31271,781),(31272,781),(31273,781),(31274,781),(31275,781),(31276,781),(31277,781),(31278,781),(31279,781),(31280,781),(31281,781),(31282,781),(31283,781),(31284,781),(31285,781),(31286,781),(31287,781),(31288,781),(31289,781),(31290,781),(31291,781),(31292,781),(31293,781),(33216,781),(33217,781),(33218,781),(33219,781),(33220,781),(33221,781),(33222,781),(33223,781),(33224,781),(33225,781),(33226,781),(33227,781),(33228,781),(33229,781),(33230,781),(33231,781),(33232,781),(33233,781),(33234,781),(33235,781),(33236,781),(33237,781),(33238,781),(33239,781),(33240,781),(33241,781),(33242,781),(33243,781),(33244,781),(33245,781),(33246,781),(33247,781),(33248,781),(33249,781),(33250,781),(33251,781),(33252,781),(33253,781),(33254,781),(33255,781),(33256,781),(33257,781),(33258,781),(33259,781),(33260,781),(33261,781),(33262,781),(33263,781),(33264,781),(33265,781),(33266,781),(33267,781),(33268,781),(33269,781),(33270,781),(33271,781),(33272,781),(33273,781),(33274,781),(33275,781),(33276,781),(33277,781),(33278,781),(33279,781),(33280,781),(33281,781),(33282,781),(33283,781),(33284,781),(33285,781),(33286,781),(33287,781),(33288,781),(33289,781),(33290,781),(33291,781),(33292,781),(33293,781),(33294,781),(33295,781),(33296,781),(33297,781),(33298,781),(33299,781),(33300,781),(33301,781),(33302,781),(33303,781),(33304,781),(33305,781),(33306,781),(33307,781),(33308,781),(33960,781),(33961,781),(33962,781),(33963,781),(33964,781),(33965,781),(33966,781),(33967,781),(33968,781),(33969,781),(33970,781),(33971,781),(33972,781),(33973,781),(33974,781),(33975,781),(33976,781),(33977,781),(33978,781),(33979,781),(33980,781),(33981,781),(33982,781),(33983,781),(33984,781),(33985,781),(33986,781),(33987,781),(33988,781),(33989,781),(33990,781),(33991,781),(33992,781),(33993,781),(33994,781),(33995,781),(33996,781),(33997,781),(33998,781),(33999,781),(34000,781),(34001,781),(34002,781),(34003,781),(34004,781),(34005,781),(34006,781),(34007,781),(34008,781),(34009,781),(34010,781),(34011,781),(34012,781),(34013,781),(34014,781),(34015,781),(34016,781),(34017,781),(34018,781),(34019,781),(34020,781),(34021,781),(34022,781),(34023,781),(34024,781),(34025,781),(34026,781),(34027,781),(34028,781),(34029,781),(34030,781),(34031,781),(34032,781),(34033,781),(34034,781),(34035,781),(34036,781),(34037,781),(34038,781),(34039,781),(34040,781),(34041,781),(34042,781),(34043,781),(34044,781),(34045,781),(34046,781),(34047,781),(34048,781),(34049,781),(34050,781),(34051,781),(34052,781),(34053,781),(34054,781),(34055,781),(34056,781),(34057,781),(34058,781),(34059,781),(34060,781),(34061,781),(34062,781),(34063,781),(34064,781),(34065,781),(34066,781),(34067,781),(34068,781),(34069,781),(34070,781),(34071,781),(34072,781),(34073,781),(34074,781),(34075,781),(34076,781),(34077,781),(34078,781),(34079,781),(34080,781),(34081,781),(34082,781),(34083,781),(34084,781),(34085,781),(34086,781),(34087,781),(34088,781),(34089,781),(34090,781),(34091,781),(34092,781),(34093,781),(34094,781),(34095,781),(34096,781),(34097,781),(34098,781),(34099,781),(34100,781),(34101,781),(34102,781),(34103,781),(34104,781),(34105,781),(34106,781),(34107,781),(34108,781),(34109,781),(34110,781),(34111,781),(34112,781),(34113,781),(34114,781),(34115,781),(34116,781),(34117,781),(34118,781),(34119,781),(34120,781),(34121,781),(34122,781),(34123,781),(34124,781),(34125,781),(34126,781),(34127,781),(34128,781),(34129,781),(34130,781),(34131,781),(34132,781),(34133,781),(34134,781),(34135,781),(34136,781),(34137,781),(34138,781),(34139,781),(34140,781),(34141,781),(34142,781),(34143,781),(34144,781),(34145,781),(34518,800),(34519,800),(34520,800),(34521,800),(34522,800),(34523,800),(34524,800),(34525,800),(34526,800),(34527,800),(34528,800),(34529,800),(34530,800),(34531,800),(34532,800),(34533,800),(34534,800),(34535,800),(34536,800),(34537,800),(34538,800),(34539,800),(34540,800),(34541,800),(34542,800),(34543,800),(34544,800),(34545,800),(34546,800),(34547,800),(34548,800),(34549,800),(34550,800),(34551,800),(34552,800),(34553,800),(34554,800),(34555,800),(34556,800),(34557,800),(34558,800),(34559,800),(34560,800),(34561,800),(34562,800),(34563,800),(34564,800),(34565,800),(34566,800),(34567,800),(34568,800),(34569,800),(34570,800),(34571,800),(34572,800),(34573,800),(34574,800),(34575,800),(34576,800),(34577,800),(34578,800),(34579,800),(34580,800),(34581,800),(34582,800),(34583,800),(34584,800),(34585,800),(34586,800),(34587,800),(34588,800),(34589,800),(34590,800),(34591,800),(34592,800),(34593,800),(34594,800),(34595,800),(34596,800),(34597,800),(34598,800),(34599,800),(34600,800),(34601,800),(34602,800),(34603,800),(34604,800),(34605,800),(34606,800),(34607,800),(34608,800),(34609,800),(34610,800),(34611,800),(34612,800),(34613,800),(34614,800),(34615,800),(34616,800),(34617,800),(34618,800),(34619,800),(34620,800),(34621,800),(34622,800),(34623,800),(34624,800),(34625,800),(34626,800),(34627,800),(34628,800),(34629,800),(34630,800),(34631,800),(34632,800),(34633,800),(34634,800),(34635,800),(34636,800),(34637,800),(34638,800),(34639,800),(34640,800),(34641,800),(33588,802),(33589,802),(33590,802),(33591,802),(33592,802),(33593,802),(33594,802),(33595,802),(33596,802),(33597,802),(33598,802),(33599,802),(33600,802),(33601,802),(33602,802),(33603,802),(33604,802),(33605,802),(33606,802),(33607,802),(33608,802),(33609,802),(33610,802),(33611,802),(33612,802),(33613,802),(33614,802),(33615,802),(33616,802),(33617,802),(33618,802),(33619,802),(33620,802),(33621,802),(33622,802),(33623,802),(33624,802),(33625,802),(33626,802),(33627,802),(33628,802),(33629,802),(33630,802),(33631,802),(33632,802),(33633,802),(33634,802),(33635,802),(33636,802),(33637,802),(33638,802),(33639,802),(33640,802),(33641,802),(33642,802),(33643,802),(33644,802),(33645,802),(33646,802),(33647,802),(33648,802),(33649,802),(33650,802),(33651,802),(33652,802),(33653,802),(33654,802),(33655,802),(33656,802),(33657,802),(33658,802),(33659,802),(33660,802),(33661,802),(33662,802),(33663,802),(33664,802),(33665,802),(33666,802),(33667,802),(33668,802),(33669,802),(33670,802),(33671,802),(33672,802),(33673,802),(33674,802),(33675,802),(33676,802),(33677,802),(33678,802),(33679,802),(33680,802),(33681,840),(33682,840),(33683,840),(33684,840),(33685,840),(33686,840),(33687,840),(33688,840),(33689,840),(33690,840),(33691,840),(33692,840),(33693,840),(33694,840),(33695,840),(33696,840),(33697,840),(33698,840),(33699,840),(33700,840),(33701,840),(33702,840),(33703,840),(33704,840),(33705,840),(33706,840),(33707,840),(33708,840),(33709,840),(33710,840),(33711,840),(33712,840),(33713,840),(33714,840),(33715,840),(33716,840),(33717,840),(33718,840),(33719,840),(33720,840),(33721,840),(33722,840),(33723,840),(33724,840),(33725,840),(33726,840),(33727,840),(33728,840),(33729,840),(33730,840),(33731,840),(33732,840),(33733,840),(33734,840),(33735,840),(33736,840),(33737,840),(33738,840),(33739,840),(33740,840),(33741,840),(33742,840),(33743,840),(33744,840),(33745,840),(33746,840),(33747,840),(33748,840),(33749,840),(33750,840),(33751,840),(33752,840),(33753,840),(33754,840),(33755,840),(33756,840),(33757,840),(33758,840),(33759,840),(33760,840),(33761,840),(33762,840),(33763,840),(33764,840),(33765,840),(33766,840),(33767,840),(33768,840),(33769,840),(33770,840),(33771,840),(33772,840),(33773,840),(30302,845),(30303,845),(30304,845),(30305,845),(30306,845),(30307,845),(30308,845),(30309,845),(30310,845),(30311,845),(30312,845),(30313,845),(30314,845),(30315,845),(30316,845),(30317,845),(30318,845),(30319,845),(30320,845),(30321,845),(30322,845),(30323,845),(30324,845),(30325,845),(30326,845),(30327,845),(30328,845),(30329,845),(30330,845),(30331,845),(30332,845),(30333,845),(30334,845),(30335,845),(30336,845),(30337,845),(30338,845),(30339,845),(30340,845),(30341,845),(30342,845),(30343,845),(30344,845),(30345,845),(30346,845),(30347,845),(30348,845),(30349,845),(30350,845),(30351,845),(30352,845),(30353,845),(30354,845),(30355,845),(30356,845),(30357,845),(30358,845),(30359,845),(30360,845),(30361,845),(30362,845),(30363,845),(30364,845),(30365,845),(30366,845),(30367,845),(30368,845),(30369,845),(30370,845),(30371,845),(30372,845),(30373,845),(30374,845),(30375,845),(30376,845),(30377,845),(30378,845),(30379,845),(30380,845),(30381,845),(30382,845),(30383,845),(30384,845),(30385,845),(30386,845),(30387,845),(30388,845),(30389,845),(30390,845),(30391,845),(30392,845),(30393,845),(30394,845),(30395,845),(30396,845),(30397,845),(30398,845),(30399,845),(30400,845),(30401,845),(30402,845),(30403,845),(30404,845),(30405,845),(30406,845),(30407,845),(30408,845),(30409,845),(30410,845),(30411,845),(30412,845),(30413,845),(30414,845),(30415,845),(30416,845),(30417,845),(30418,845),(30419,845),(30420,845),(30421,845),(30422,845),(30423,845),(30424,845),(30425,845),(30426,845),(30427,845),(30428,845),(30429,845),(30430,845),(30431,845),(30432,845),(30433,845),(30434,845),(30435,845),(30436,845),(30437,845),(30438,845),(30439,845),(30440,845),(30441,845),(30442,845),(30443,845),(30444,845),(30445,845),(30446,845),(30447,845),(30448,845),(30449,845),(30450,845),(30451,845),(30452,845),(30453,845),(30454,845),(30455,845),(30456,845),(30457,845),(30458,845),(30459,845),(30460,845),(30461,845),(30462,845),(30463,845),(30464,845),(30465,845),(30466,845),(30467,845),(30468,845),(30469,845),(30470,845),(30471,845),(30472,845),(30473,845),(30474,845),(30475,845),(30476,845),(30477,845),(30478,845),(30479,845),(30480,845),(30481,845),(30482,845),(30483,845),(30484,845),(30485,845),(30486,845),(30487,845),(30488,845),(30489,845),(30490,845),(30491,845),(30492,845),(30493,845),(30494,845),(30495,845),(30496,845),(30497,845),(30498,845),(30499,845),(30500,845),(30501,845),(30502,845),(30503,845),(30504,845),(30505,845),(30506,845),(30507,845),(30508,845),(30509,845),(30510,845),(30511,845),(30512,845),(30513,845),(30514,845),(30515,845),(30516,845),(30517,845),(30518,845),(30519,845),(30520,845),(30521,845),(30522,845),(30523,845),(30524,845),(30525,845),(30526,845),(30527,845),(30528,845),(30529,845),(30530,845),(30531,845),(30532,845),(30533,845),(30534,845),(30535,845),(30536,845),(30537,845),(30538,845),(30539,845),(30540,845),(30541,845),(30542,845),(30543,845),(30544,845),(30545,845),(30546,845),(30547,845),(30548,845),(30549,845),(30550,845),(30551,845),(30552,845),(30553,845),(30554,845),(30555,845),(30556,845),(30557,845),(30558,845),(30559,845),(30560,845),(30561,845),(30562,845),(30563,845),(30564,845),(30565,845),(30566,845),(30567,845),(30568,845),(30569,845),(30570,845),(30571,845),(30572,845),(30573,845),(30574,845),(30575,845),(30576,845),(30577,845),(30578,845),(30579,845),(30580,845),(30581,845),(30582,845),(30583,845),(30584,845),(30585,845),(30586,845),(30587,845),(30588,845),(30589,845),(30590,845),(30591,845),(30592,845),(30593,845),(30594,845),(30595,845),(30596,845),(30597,845),(30598,845),(30599,845),(30600,845),(30601,845),(30602,845),(30603,845),(30604,845),(30605,845),(30606,845),(30607,845),(30608,845),(30609,845),(30610,845),(30611,845),(30612,845),(30613,845),(30614,845),(30615,845),(30616,845),(30617,845),(30618,845),(30619,845),(30620,845),(30621,845),(30622,845),(30623,845),(30624,845),(30625,845),(30626,845),(30627,845),(30628,845),(30629,845),(30630,845),(30631,845),(30632,845),(30633,845),(30634,845),(30635,845),(30636,845),(30637,845),(30638,845),(30639,845),(30640,845),(30641,845),(30642,845),(30643,845),(30644,845),(30645,845),(30646,845),(30647,845),(30648,845),(30649,845),(30650,845),(30651,845),(30652,845),(30653,845),(30654,845),(30655,845),(30656,845),(30657,845),(30658,845),(30659,845),(30660,845),(30661,845),(30662,845),(30663,845),(30664,845),(30665,845),(30666,845),(30667,845),(30668,845),(30669,845),(30670,845),(30671,845),(30672,845),(30673,845),(30674,845),(30675,845),(30676,845),(30677,845),(30678,845),(30679,845),(30680,845),(30681,845),(30682,845),(30683,845),(30684,845),(30685,845),(30686,845),(30687,845),(30688,845),(30689,845),(30690,845),(30691,845),(30692,845),(30693,845),(30694,845),(30695,845),(30696,845),(30697,845),(30698,845),(30699,845),(30700,845),(30701,845),(30702,845),(30703,845),(30704,845),(30705,845),(30706,845),(30707,845),(30708,845),(30709,845),(30710,845),(30711,845),(30712,845),(30713,845),(30714,845),(30715,845),(30716,845),(30717,845),(30718,845),(30719,845),(30720,845),(30721,845),(30722,845),(30723,845),(30724,845),(30725,845),(30726,845),(30727,845),(30728,845),(30729,845),(30730,845),(30731,845),(30732,845),(30733,845),(30734,845),(30735,845),(30736,845),(30737,845),(30738,845),(30739,845),(30740,845),(30741,845),(30742,845),(30743,845),(30744,845),(30745,845),(30746,845),(30747,845),(30748,845),(30749,845),(30750,845),(30751,845),(30752,845),(30753,845),(30754,845),(30755,845),(30756,845),(30757,845),(30758,845),(30759,845),(30760,845),(30761,845),(30762,845),(30763,845),(30764,845),(30765,845),(30766,845),(30767,845),(30768,845),(30769,845),(30770,845),(30771,845),(30772,845),(30773,845),(30774,845),(30775,845),(30776,845),(30777,845),(30778,845),(30779,845),(30780,845),(30781,845),(30782,845),(30783,845),(30784,845),(30785,845),(30786,845),(30787,845),(30788,845),(30789,845),(30790,845),(30791,845),(30792,845),(30793,845),(30794,845),(30795,845),(30796,845),(30797,845),(33309,845),(33310,845),(33311,845),(33312,845),(33313,845),(33314,845),(33315,845),(33316,845),(33317,845),(33318,845),(33319,845),(33320,845),(33321,845),(33322,845),(33323,845),(33324,845),(33325,845),(33326,845),(33327,845),(33328,845),(33329,845),(33330,845),(33331,845),(33332,845),(33333,845),(33334,845),(33335,845),(33336,845),(33337,845),(33338,845),(33339,845),(33340,845),(33341,845),(33342,845),(33343,845),(33344,845),(33345,845),(33346,845),(33347,845),(33348,845),(33349,845),(33350,845),(33351,845),(33352,845),(33353,845),(33354,845),(33355,845),(33356,845),(33357,845),(33358,845),(33359,845),(33360,845),(33361,845),(33362,845),(33363,845),(33364,845),(33365,845),(33366,845),(33367,845),(33368,845),(33369,845),(33370,845),(33371,845),(33372,845),(33373,845),(33374,845),(33375,845),(33376,845),(33377,845),(33378,845),(33379,845),(33380,845),(33381,845),(33382,845),(33383,845),(33384,845),(33385,845),(33386,845),(33387,845),(33388,845),(33389,845),(33390,845),(33391,845),(33392,845),(33393,845),(33394,845),(33395,845),(33396,845),(33397,845),(33398,845),(33399,845),(33400,845),(33401,845),(33402,845),(33403,845),(33404,845),(33405,845),(33406,845),(33407,845),(33408,845),(33409,845),(33410,845),(33411,845),(33412,845),(33413,845),(33414,845),(33415,845),(33416,845),(33417,845),(33418,845),(33419,845),(33420,845),(33421,845),(33422,845),(33423,845),(33424,845),(33425,845),(33426,845),(33427,845),(33428,845),(33429,845),(33430,845),(33431,845),(33432,845),(33433,845),(33434,845),(33435,845),(33436,845),(33437,845),(33438,845),(33439,845),(33440,845),(33441,845),(33442,845),(33443,845),(33444,845),(33445,845),(33446,845),(33447,845),(33448,845),(33449,845),(33450,845),(33451,845),(33452,845),(33453,845),(33454,845),(33455,845),(33456,845),(33457,845),(33458,845),(33459,845),(33460,845),(33461,845),(33462,845),(33463,845),(33464,845),(33465,845),(33466,845),(33467,845),(33468,845),(33469,845),(33470,845),(33471,845),(33472,845),(33473,845),(33474,845),(33475,845),(33476,845),(33477,845),(33478,845),(33479,845),(33480,845),(33481,845),(33482,845),(33483,845),(33484,845),(33485,845),(33486,845),(33487,845),(33488,845),(33489,845),(33490,845),(33491,845),(33492,845),(33493,845),(33494,845),(33867,845),(33868,845),(33869,845),(33870,845),(33871,845),(33872,845),(33873,845),(33874,845),(33875,845),(33876,845),(33877,845),(33878,845),(33879,845),(33880,845),(33881,845),(33882,845),(33883,845),(33884,845),(33885,845),(33886,845),(33887,845),(33888,845),(33889,845),(33890,845),(33891,845),(33892,845),(33893,845),(33894,845),(33895,845),(33896,845),(33897,845),(33898,845),(33899,845),(33900,845),(33901,845),(33902,845),(33903,845),(33904,845),(33905,845),(33906,845),(33907,845),(33908,845),(33909,845),(33910,845),(33911,845),(33912,845),(33913,845),(33914,845),(33915,845),(33916,845),(33917,845),(33918,845),(33919,845),(33920,845),(33921,845),(33922,845),(33923,845),(33924,845),(33925,845),(33926,845),(33927,845),(33928,845),(33929,845),(33930,845),(33931,845),(33932,845),(33933,845),(33934,845),(33935,845),(33936,845),(33937,845),(33938,845),(33939,845),(33940,845),(33941,845),(33942,845),(33943,845),(33944,845),(33945,845),(33946,845),(33947,845),(33948,845),(33949,845),(33950,845),(33951,845),(33952,845),(33953,845),(33954,845),(33955,845),(33956,845),(33957,845),(33958,845),(33959,845),(34146,845),(34147,845),(34148,845),(34149,845),(34150,845),(34151,845),(34152,845),(34153,845),(34154,845),(34155,845),(34156,845),(34157,845),(34158,845),(34159,845),(34160,845),(34161,845),(34162,845),(34163,845),(34164,845),(34165,845),(34166,845),(34167,845),(34168,845),(34169,845),(34170,845),(34171,845),(34172,845),(34173,845),(34174,845),(34175,845),(34176,845),(34177,845),(34178,845),(34179,845),(34180,845),(34181,845),(34182,845),(34183,845),(34184,845),(34185,845),(34186,845),(34187,845),(34188,845),(34189,845),(34190,845),(34191,845),(34192,845),(34193,845),(34194,845),(34195,845),(34196,845),(34197,845),(34198,845),(34199,845),(34200,845),(34201,845),(34202,845),(34203,845),(34204,845),(34205,845),(34206,845),(34207,845),(34208,845),(34209,845),(34210,845),(34211,845),(34212,845),(34213,845),(34214,845),(34215,845),(34216,845),(34217,845),(34218,845),(34219,845),(34220,845),(34221,845),(34222,845),(34223,845),(34224,845),(34225,845),(34226,845),(34227,845),(34228,845),(34229,845),(34230,845),(34231,845),(34232,845),(34233,845),(34234,845),(34235,845),(34236,845),(34237,845),(34238,845),(34239,845),(34240,845),(34241,845),(34242,845),(34243,845),(34244,845),(34245,845),(34246,845),(34247,845),(34248,845),(34249,845),(34250,845),(34251,845),(34252,845),(34253,845),(34254,845),(34255,845),(34256,845),(34257,845),(34258,845),(34259,845),(34260,845),(34261,845),(34262,845),(34263,845),(34264,845),(34265,845),(34266,845),(34267,845),(34268,845),(34269,845),(34270,845),(34271,845),(34272,845),(34273,845),(34274,845),(34275,845),(34276,845),(34277,845),(34278,845),(34279,845),(34280,845),(34281,845),(34282,845),(34283,845),(34284,845),(34285,845),(34286,845),(34287,845),(34288,845),(34289,845),(34290,845),(34291,845),(34292,845),(34293,845),(34294,845),(34295,845),(34296,845),(34297,845),(34298,845),(34299,845),(34300,845),(34301,845),(34302,845),(34303,845),(34304,845),(34305,845),(34306,845),(34307,845),(34308,845),(34309,845),(34310,845),(34311,845),(34312,845),(34313,845),(34314,845),(34315,845),(34316,845),(34317,845),(34318,845),(34319,845),(34320,845),(34321,845),(34322,845),(34323,845),(34324,845),(34325,845),(34326,845),(34327,845),(34328,845),(34329,845),(34330,845),(34331,845),(34332,845),(34333,845),(34334,845),(34335,845),(34336,845),(34337,845),(34338,845),(34339,845),(34340,845),(34341,845),(34342,845),(34343,845),(34344,845),(34345,845),(34346,845),(34347,845),(34348,845),(34349,845),(34350,845),(34351,845),(34352,845),(34353,845),(34354,845),(34355,845),(34356,845),(34357,845),(34358,845),(34359,845),(34360,845),(34361,845),(34377,845),(34378,845),(34379,845),(34380,845),(34381,845),(34382,845),(34383,845),(34384,845),(34385,845),(34386,845),(34387,845),(34388,845),(34389,845),(34390,845),(34391,845),(34392,845),(34393,845),(34394,845),(34395,845),(34396,845),(34397,845),(34398,845),(34399,845),(34400,845),(34401,845),(34402,845),(34403,845),(34404,845),(34405,845),(34406,845),(34407,845),(34408,845),(34425,845),(34426,845),(34427,845),(34428,845),(34429,845),(34430,845),(34431,845),(34432,845),(34433,845),(34434,845),(34435,845),(34436,845),(34437,845),(34438,845),(34439,845),(34440,845),(34441,845),(34442,845),(34443,845),(34444,845),(34445,845),(34446,845),(34447,845),(34448,845),(34449,845),(34450,845),(34451,845),(34452,845),(34453,845),(34454,845),(34470,845),(34471,845),(34472,845),(34473,845),(34474,845),(34475,845),(34476,845),(34477,845),(34478,845),(34479,845),(34480,845),(34481,845),(34482,845),(34483,845),(34484,845),(34485,845),(34486,845),(34487,845),(34488,845),(34489,845),(34490,845),(34491,845),(34492,845),(34493,845),(34494,845),(34495,845),(34496,845),(34497,845),(34498,845),(34499,845),(34500,845),(34501,845),(33774,847),(33775,847),(33776,847),(33777,847),(33778,847),(33779,847),(33780,847),(33781,847),(33782,847),(33783,847),(33784,847),(33785,847),(33786,847),(33787,847),(33788,847),(33789,847),(33790,847),(33791,847),(33792,847),(33793,847),(33794,847),(33795,847),(33796,847),(33797,847),(33798,847),(33799,847),(33800,847),(33801,847),(33802,847),(33803,847),(33804,847),(33805,847),(33806,847),(33807,847),(33808,847),(33809,847),(33810,847),(33811,847),(33812,847),(33813,847),(33814,847),(33815,847),(33816,847),(33817,847),(33818,847),(33819,847),(33820,847),(33821,847),(33822,847),(33823,847),(33824,847),(33825,847),(33826,847),(33827,847),(33828,847),(33829,847),(33830,847),(33831,847),(33832,847),(33833,847),(33834,847),(33835,847),(33836,847),(33837,847),(33838,847),(33839,847),(33840,847),(33841,847),(33842,847),(33843,847),(33844,847),(33845,847),(33846,847),(33847,847),(33848,847),(33849,847),(33850,847),(33851,847),(33852,847),(33853,847),(33854,847),(33855,847),(33856,847),(33857,847),(33858,847),(33859,847),(33860,847),(33861,847),(33862,847),(33863,847),(33864,847),(33865,847),(33866,847),(34362,848),(34363,848),(34364,848),(34365,848),(34366,848),(34367,848),(34368,848),(34369,848),(34370,848),(34371,848),(34372,848),(34373,848),(34374,848),(34375,848),(34376,848),(34409,848),(34410,848),(34411,848),(34412,848),(34413,848),(34414,848),(34415,848),(34416,848),(34417,848),(34418,848),(34419,848),(34420,848),(34421,848),(34422,848),(34423,848),(34424,848),(34455,848),(34456,848),(34457,848),(34458,848),(34459,848),(34460,848),(34461,848),(34462,848),(34463,848),(34464,848),(34465,848),(34466,848),(34467,848),(34468,848),(34469,848),(34502,848),(34503,848),(34504,848),(34505,848),(34506,848),(34507,848),(34508,848),(34509,848),(34510,848),(34511,848),(34512,848),(34513,848),(34514,848),(34515,848),(34516,848),(34517,848),(33495,849),(33496,849),(33497,849),(33498,849),(33499,849),(33500,849),(33501,849),(33502,849),(33503,849),(33504,849),(33505,849),(33506,849),(33507,849),(33508,849),(33509,849),(33510,849),(33511,849),(33512,849),(33513,849),(33514,849),(33515,849),(33516,849),(33517,849),(33518,849),(33519,849),(33520,849),(33521,849),(33522,849),(33523,849),(33524,849),(33525,849),(33526,849),(33527,849),(33528,849),(33529,849),(33530,849),(33531,849),(33532,849),(33533,849),(33534,849),(33535,849),(33536,849),(33537,849),(33538,849),(33539,849),(33540,849),(33541,849),(33542,849),(33543,849),(33544,849),(33545,849),(33546,849),(33547,849),(33548,849),(33549,849),(33550,849),(33551,849),(33552,849),(33553,849),(33554,849),(33555,849),(33556,849),(33557,849),(33558,849),(33559,849),(33560,849),(33561,849),(33562,849),(33563,849),(33564,849),(33565,849),(33566,849),(33567,849),(33568,849),(33569,849),(33570,849),(33571,849),(33572,849),(33573,849),(33574,849),(33575,849),(33576,849),(33577,849),(33578,849),(33579,849),(33580,849),(33581,849),(33582,849),(33583,849),(33584,849),(33585,849),(33586,849),(33587,849);
/*!40000 ALTER TABLE `resourceschedulevenue` ENABLE KEYS */;
UNLOCK TABLES;

--
-- Table structure for table `resourcetype`
--

DROP TABLE IF EXISTS `resourcetype`;
/*!40101 SET @saved_cs_client     = @@character_set_client */;
/*!40101 SET character_set_client = utf8 */;
CREATE TABLE `resourcetype` (
  `ID` int(11) NOT NULL AUTO_INCREMENT,
  `Description` varchar(45) NOT NULL,
  `isClassRoom` bit(1) NOT NULL,
  `code` varchar(45) NOT NULL,
  PRIMARY KEY (`ID`),
  UNIQUE KEY `Description_UNIQUE` (`Description`),
  UNIQUE KEY `code_UNIQUE` (`code`)
) ENGINE=InnoDB AUTO_INCREMENT=93 DEFAULT CHARSET=latin1;
/*!40101 SET character_set_client = @saved_cs_client */;

--
-- Dumping data for table `resourcetype`
--

LOCK TABLES `resourcetype` WRITE;
/*!40000 ALTER TABLE `resourcetype` DISABLE KEYS */;
INSERT INTO `resourcetype` VALUES (1,'Lecture Theatre','','LT'),(5,'Classroom','','CR'),(6,'Typing Lab','\0','Typing Lab'),(7,'Computer Lab','\0','Computer Lab'),(8,'Lecture Room','\0','Lecture Room'),(9,'Lab','\0','Lab'),(10,'Studio','\0','Studio'),(11,'Drawing Lab','\0','Drawing Lab'),(12,'Food Service Management Kitchen Lab','\0','Food Service Management Kitchen Lab'),(13,'Food Service Management Lab','\0','Food Service Management Lab'),(14,'Wine Lab','\0','Wine Lab'),(15,'Electrical Lab','\0','Electrical Lab'),(16,'Training Restuarant','\0','Training Restuarant'),(17,'Fashion Studio','\0','Fashion Studio'),(18,'Communication Computer Lab','\0','Communication Computer Lab'),(19,'OMT Computer Lab','\0','OMT Computer Lab'),(20,'Management Computer Lab','\0','Management Computer Lab'),(21,'Accounting Computer Lab','\0','Accounting Computer Lab'),(22,'CLTD Computer Lab','\0','CLTD Computer Lab'),(23,'Accounting Lecture Room','\0','Accounting Lecture Room'),(24,'IT Computer Lab','\0','IT Computer Lab'),(25,'Fashion Sewing Machine room','\0','Fashion Sewing Machine room'),(26,'Fashion Pattern MakingLecture Room','\0','Fashion Pattern MakingLecture Room'),(27,'Education Practicum Lecture Room','\0','Education Practicum Lecture Room'),(28,'Education Computer Lab','\0','Education Computer Lab'),(29,'Fashion Computer Lab','\0','Fashion Computer Lab'),(30,'Tourism Computer Lab','\0','Tourism Computer Lab'),(31,'Fashion Machine room','\0','Fashion Machine room'),(32,'Electrical Lecture Room','\0','Electrical Lecture Room'),(33,'Electrical Printed Circuit Board','\0','Electrical Printed Circuit Board'),(34,'Electrical Computer Lab','\0','Electrical Computer Lab'),(35,'Digital Systems Lab','\0','Digital Systems Lab'),(36,'Heavy Current Lab','\0','Heavy Current Lab'),(37,'Electronics Lab','\0','Electronics Lab'),(38,'Electrical Project Lab','\0','Electrical Project Lab'),(39,'CAD_CAM_Rapid_Lab','\0','CAD_CAM_Rapid_Lab'),(40,'Machine Shop','\0','Machine Shop'),(41,'Hydrolics Lab','\0','Hydrolics Lab'),(42,'','\0',''),(43,'Thermodynamics Lab','\0','Thermodynamics Lab'),(44,'Capentry Workshop','\0','Capentry Workshop'),(45,'Civil Structures Lab','\0','Civil Structures Lab'),(46,'Civil Soils Lab','\0','Civil Soils Lab'),(47,'Civil Conctrete Lab','\0','Civil Conctrete Lab'),(48,'IT Btech Computer Lab','\0','IT Btech Computer Lab'),(49,'Cisco Computer Lab','\0','Cisco Computer Lab'),(50,'Geography Lab','\0','Geography Lab'),(51,'Seminar room','\0','Seminar room'),(52,'Auditorium','\0','Auditorium'),(53,'Computer Science Computer Lab','\0','Computer Science Computer Lab'),(54,'Plato Computer Lab','\0','Plato Computer Lab'),(55,'Computer Skills Lab','\0','Computer Skills Lab'),(56,'Telp1 Computer Lab','\0','Telp1 Computer Lab'),(57,'Telp2Computer Lab','\0','Telp2Computer Lab'),(58,'Fresh water Lab','\0','Fresh water Lab'),(59,'Marine Lab','\0','Marine Lab'),(60,'Post Grad & Research Lab','\0','Post Grad & Research Lab'),(61,'Physiology Lab','\0','Physiology Lab'),(62,'Multi Desciplinary Lab','\0','Multi Desciplinary Lab'),(63,'Second_Third year Lab','\0','Second_Third year Lab'),(64,'Diploma Lab','\0','Diploma Lab'),(65,'Optics Lab','\0','Optics Lab'),(66,'Reasearch Lab','\0','Reasearch Lab'),(67,'Undergraduate Wet Lab','\0','Undergraduate Wet Lab'),(68,'Undergraduate Dry Lab','\0','Undergraduate Dry Lab'),(69,'Research_1 Lab','\0','Research_1 Lab'),(70,'Research Lab','\0','Research Lab'),(71,'Chemistry Lab 1&2','\0','Chemistry Lab 1&2'),(72,'Chemistry Lab','\0','Chemistry Lab'),(73,'Workroom','\0','Workroom'),(74,'Analytical Lab','\0','Analytical Lab'),(75,'Zoology Lab','\0','Zoology Lab'),(76,'Zoology Post Grad Lab','\0','Zoology Post Grad Lab'),(77,'Multimedia Computer Lab','\0','Multimedia Computer Lab'),(78,'Taxonmy Lab','\0','Taxonmy Lab'),(79,'Physiology/Electrophoresis Lab','\0','Physiology/Electrophoresis Lab'),(80,'Post Grad Computer Lab','\0','Post Grad Computer Lab'),(81,'Library Computer Lab','\0','Library Computer Lab'),(82,'Computer based Ed Lab','\0','Computer based Ed Lab'),(83,'Medium Practicium Computer Lab','\0','Medium Practicium Computer Lab'),(84,'Training Kitchen','\0','Training Kitchen'),(85,'Language Lab','\0','Language Lab'),(86,'Needlework','\0','Needlework'),(87,'General science Lab','\0','General science Lab'),(88,'Biology Lab','\0','Biology Lab'),(89,'Physical Science Lab','\0','Physical Science Lab'),(90,'Media Centre Computer Lab','\0','Media Centre Computer Lab'),(91,'General Computer Lab','\0','General Computer Lab'),(92,'Science Lab','\0','Science Lab');
/*!40000 ALTER TABLE `resourcetype` ENABLE KEYS */;
UNLOCK TABLES;

--
-- Table structure for table `school`
--

DROP TABLE IF EXISTS `school`;
/*!40101 SET @saved_cs_client     = @@character_set_client */;
/*!40101 SET character_set_client = utf8 */;
CREATE TABLE `school` (
  `id` int(11) NOT NULL AUTO_INCREMENT,
  `code` varchar(45) NOT NULL,
  `facultyID` int(11) NOT NULL,
  `shortName` varchar(45) NOT NULL,
  `longName` varchar(45) NOT NULL,
  PRIMARY KEY (`id`),
  KEY `fk_school_faculty` (`facultyID`),
  CONSTRAINT `fk_school_faculty` FOREIGN KEY (`facultyID`) REFERENCES `faculty` (`ID`) ON DELETE NO ACTION ON UPDATE NO ACTION
) ENGINE=InnoDB AUTO_INCREMENT=8 DEFAULT CHARSET=latin1 COMMENT='school in faculty';
/*!40101 SET character_set_client = @saved_cs_client */;

--
-- Dumping data for table `school`
--

LOCK TABLES `school` WRITE;
/*!40000 ALTER TABLE `school` DISABLE KEYS */;
INSERT INTO `school` VALUES (3,'FE01',1,'FE Default','Faculty of Education Default School'),(4,'FMS01',2,'FMS DEf SCh','FMS default School'),(5,'FB01',3,'FB schoo','FB school'),(6,'FSET01',4,'FSET sch','FSET school'),(7,'dummy001',999,'dum sch','Dummy school');
/*!40000 ALTER TABLE `school` ENABLE KEYS */;
UNLOCK TABLES;

--
-- Table structure for table `site`
--

DROP TABLE IF EXISTS `site`;
/*!40101 SET @saved_cs_client     = @@character_set_client */;
/*!40101 SET character_set_client = utf8 */;
CREATE TABLE `site` (
  `ID` int(11) NOT NULL,
  `SiteClusterID` int(11) NOT NULL,
  `shortName` varchar(45) NOT NULL,
  `longName` varchar(45) NOT NULL,
  `Address` varchar(45) NOT NULL,
  `AllSites` tinyint(1) NOT NULL DEFAULT '0',
  PRIMARY KEY (`ID`),
  KEY `fk_Site_SiteCluster` (`SiteClusterID`),
  CONSTRAINT `fk_Site_SiteCluster` FOREIGN KEY (`SiteClusterID`) REFERENCES `sitecluster` (`ID`) ON DELETE NO ACTION ON UPDATE NO ACTION
) ENGINE=InnoDB DEFAULT CHARSET=latin1;
/*!40101 SET character_set_client = @saved_cs_client */;

--
-- Dumping data for table `site`
--

LOCK TABLES `site` WRITE;
/*!40000 ALTER TABLE `site` DISABLE KEYS */;
INSERT INTO `site` VALUES (1,1,'Potsdam','Potsdam','Potsdam',0),(2,2,'Kovus House','Kovus House','Kovus House',0),(3,2,'Carolls','Carolls','Carolls',0),(4,2,'Taxi City','Taxi City','Taxi City',0),(5,3,'Heritage','Heritage','Heritage',0),(6,4,'Absa','Absa','Absa',0),(7,5,'Chiselhurst','Chiselhurst','Chiselhurst',0),(8,2,'College Street','College Street','College Street',0),(9,3,'Art School','Art School','Art School',0),(10,6,'IBIKA','IBIKA','IBIKA',0),(11,7,'NMD','NMD','NMD',0),(12,8,'ZAMUKULUNGISA','ZAMUKULUNGISA','ZAMUKULUNGISA',0),(13,8,'NKULULEKWENI','NKULULEKWENI','NKULULEKWENI',0),(14,9,'Masibulele','Masibulele','Masibulele',0),(15,10,'Grey Street','Grey Street','Grey Street',0);
/*!40000 ALTER TABLE `site` ENABLE KEYS */;
UNLOCK TABLES;

--
-- Table structure for table `sitecluster`
--

DROP TABLE IF EXISTS `sitecluster`;
/*!40101 SET @saved_cs_client     = @@character_set_client */;
/*!40101 SET character_set_client = utf8 */;
CREATE TABLE `sitecluster` (
  `ID` int(11) NOT NULL,
  `CampusID` int(11) NOT NULL,
  `longName` varchar(45) NOT NULL,
  `shortName` varchar(45) NOT NULL,
  PRIMARY KEY (`ID`),
  KEY `fk_campus_siteCluster` (`CampusID`),
  CONSTRAINT `fk_campus_siteCluster` FOREIGN KEY (`CampusID`) REFERENCES `campus` (`ID`) ON DELETE NO ACTION ON UPDATE NO ACTION
) ENGINE=InnoDB DEFAULT CHARSET=latin1;
/*!40101 SET character_set_client = @saved_cs_client */;

--
-- Dumping data for table `sitecluster`
--

LOCK TABLES `sitecluster` WRITE;
/*!40000 ALTER TABLE `sitecluster` DISABLE KEYS */;
INSERT INTO `sitecluster` VALUES (1,4,'Potsdam','Potsdam'),(2,4,'College Street','College Street'),(3,4,'Cambridge Street','Cambridge Street'),(4,4,'Absa','Absa'),(5,4,'Chiselhurst','Chiselhurst'),(6,2,'IBIKA','IBIKA'),(7,1,'NMD','NMD'),(8,1,'ZAMUKULUNGISA','ZAMUKULUNGISA'),(9,3,'Masibulele','Masibulele'),(10,3,'Grey Street','Grey Street');
/*!40000 ALTER TABLE `sitecluster` ENABLE KEYS */;
UNLOCK TABLES;

--
-- Table structure for table `siteclusterprogramme`
--

DROP TABLE IF EXISTS `siteclusterprogramme`;
/*!40101 SET @saved_cs_client     = @@character_set_client */;
/*!40101 SET character_set_client = utf8 */;
CREATE TABLE `siteclusterprogramme` (
  `siteClusterID` int(11) NOT NULL,
  `QualID` int(11) NOT NULL,
  PRIMARY KEY (`siteClusterID`,`QualID`),
  KEY `fk_siteCluster_SiteClusterProgramme` (`siteClusterID`),
  KEY `fk_Qual_SiteClusterProgramme` (`QualID`),
  CONSTRAINT `fk_Qual_SiteClusterProgramme` FOREIGN KEY (`QualID`) REFERENCES `qualifications` (`ID`) ON DELETE NO ACTION ON UPDATE NO ACTION,
  CONSTRAINT `fk_siteCluster_SiteClusterProgramme` FOREIGN KEY (`siteClusterID`) REFERENCES `sitecluster` (`ID`) ON DELETE NO ACTION ON UPDATE NO ACTION
) ENGINE=InnoDB DEFAULT CHARSET=latin1;
/*!40101 SET character_set_client = @saved_cs_client */;

--
-- Dumping data for table `siteclusterprogramme`
--

LOCK TABLES `siteclusterprogramme` WRITE;
/*!40000 ALTER TABLE `siteclusterprogramme` DISABLE KEYS */;
INSERT INTO `siteclusterprogramme` VALUES (1,578),(1,580),(1,589),(1,590),(1,599),(1,605),(1,606),(1,609),(1,616),(1,617),(1,652),(1,676),(2,576),(2,609),(2,616),(2,652),(2,654),(2,655),(2,656),(2,680),(2,694),(2,745),(3,608),(4,608),(4,611),(5,298);
/*!40000 ALTER TABLE `siteclusterprogramme` ENABLE KEYS */;
UNLOCK TABLES;

--
-- Table structure for table `siteclustersubject`
--

DROP TABLE IF EXISTS `siteclustersubject`;
/*!40101 SET @saved_cs_client     = @@character_set_client */;
/*!40101 SET character_set_client = utf8 */;
CREATE TABLE `siteclustersubject` (
  `SiteClusterID` int(11) NOT NULL,
  `SubjectID` int(11) NOT NULL,
  PRIMARY KEY (`SiteClusterID`,`SubjectID`),
  KEY `fk_siteClusterSubject_Subject` (`SubjectID`),
  KEY `fk_siteClusterSubject_SiteCluster` (`SiteClusterID`),
  CONSTRAINT `fk_siteClusterSubject_SiteCluster` FOREIGN KEY (`SiteClusterID`) REFERENCES `sitecluster` (`ID`) ON DELETE NO ACTION ON UPDATE NO ACTION,
  CONSTRAINT `fk_siteClusterSubject_Subject` FOREIGN KEY (`SubjectID`) REFERENCES `subject` (`ID`) ON DELETE NO ACTION ON UPDATE NO ACTION
) ENGINE=InnoDB DEFAULT CHARSET=latin1;
/*!40101 SET character_set_client = @saved_cs_client */;

--
-- Dumping data for table `siteclustersubject`
--

LOCK TABLES `siteclustersubject` WRITE;
/*!40000 ALTER TABLE `siteclustersubject` DISABLE KEYS */;
INSERT INTO `siteclustersubject` VALUES (1,2700),(1,2704),(5,2900),(2,2907),(2,2920),(2,2921),(2,2922),(1,2923),(2,2923),(2,2924),(2,2929),(2,3297),(1,3298),(2,3298),(4,3298),(1,3410),(1,3413),(1,3414),(2,3595),(2,3596),(2,3598),(2,3969),(1,4362),(1,4693),(1,4697);
/*!40000 ALTER TABLE `siteclustersubject` ENABLE KEYS */;
UNLOCK TABLES;

--
-- Table structure for table `subject`
--

DROP TABLE IF EXISTS `subject`;
/*!40101 SET @saved_cs_client     = @@character_set_client */;
/*!40101 SET character_set_client = utf8 */;
CREATE TABLE `subject` (
  `ID` int(11) NOT NULL AUTO_INCREMENT,
  `Code` varchar(45) NOT NULL,
  `oldCode` varchar(45) DEFAULT NULL,
  `yearBlock` tinyint(1) NOT NULL,
  `Level` int(11) NOT NULL,
  `shortName` varchar(45) NOT NULL,
  `longName` varchar(255) NOT NULL,
  `DepartmentID` int(11) NOT NULL,
  PRIMARY KEY (`ID`),
  UNIQUE KEY `Code_UNIQUE` (`Code`),
  KEY `fk_subject_department` (`DepartmentID`),
  CONSTRAINT `fk_subject_department` FOREIGN KEY (`DepartmentID`) REFERENCES `department` (`ID`) ON DELETE NO ACTION ON UPDATE NO ACTION
) ENGINE=InnoDB AUTO_INCREMENT=4931 DEFAULT CHARSET=latin1;
/*!40101 SET character_set_client = @saved_cs_client */;

--
-- Dumping data for table `subject`
--

LOCK TABLES `subject` WRITE;
/*!40000 ALTER TABLE `subject` DISABLE KEYS */;
INSERT INTO `subject` VALUES (2466,'EDU4213',NULL,0,1,'EDU4213','3 DIMENSIONAL GEOMETRY',134),(2467,'HST3203',NULL,0,3,'HST3203','A THEME IN ECONOMIC/SOCIAL HISTORY',134),(2468,'MAT3201',NULL,0,3,'MAT3201','ABSTRACT ALGEBRA',134),(2469,'MTE3201',NULL,0,3,'MTE3201','ABSTRACT ALGEBRA',134),(2470,'ACL1110',NULL,1,1,'ACL1110','ACADEMIC LITERACY',134),(2471,'ACLE_0',NULL,1,1,'ACLE_0','ACADEMIC LITERACY',134),(2472,'ACLI_0',NULL,1,1,'ACLI_0','ACADEMIC LITERACY',134),(2473,'ACL1002',NULL,0,1,'ACL1002','ACADEMIC LITERACY',134),(2474,'ACL1111',NULL,0,1,'ACL1111','ACADEMIC LITERACY I',134),(2475,'ACL1212',NULL,0,1,'ACL1212','ACADEMIC LITERACY II',134),(2476,'AEM3005',NULL,1,3,'AEM3005','ACCIDENT AND EMERGENCY',134),(2477,'HAC1110',NULL,1,1,'HAC1110','ACCOMMODATION MANAGEMENT I',134),(2478,'HAC2113',NULL,0,2,'HAC2113','ACCOMMODATION MANAGEMENT II',134),(2479,'HAC2114',NULL,0,2,'HAC2114','ACCOMMODATION MANAGEMENT II',134),(2480,'HAC3113',NULL,0,3,'HAC3113','ACCOMMODATION MANAGEMENT III',134),(2481,'EDU4232',NULL,0,1,'EDU4232','ACCOUNTABILITY ON EDUCATION',134),(2482,'EDU2039',NULL,1,2,'EDU2039','ACCOUNTING',134),(2483,'EDI3039',NULL,1,3,'EDI3039','ACCOUNTING',134),(2484,'ACM1000',NULL,1,1,'ACM1000','ACCOUNTING FOR MARKETERS I',134),(2485,'APP1000',NULL,1,1,'APP1000','ACCOUNTING FOR PERSONNEL PRACTICIONERS',134),(2486,'ACPP1_0',NULL,1,1,'ACPP1_0','ACCOUNTING FOR PERSONNEL PRACTITIONERS',134),(2487,'ACCF0_0',NULL,0,1,'ACCF0_0','ACCOUNTING FUNDAMENTALS',134),(2488,'ACF1001',NULL,0,1,'ACF1001','ACCOUNTING FUNDAMENTALS',134),(2489,'ACF1113',NULL,0,1,'ACF1113','ACCOUNTING FUNDAMENTALS',134),(2490,'ACCS1_0',NULL,1,1,'ACCS1_0','ACCOUNTING I(EDUCATION)',134),(2491,'ACCS2_0',NULL,1,2,'ACCS2_0','ACCOUNTING II (EDUCATION)',134),(2492,'ACCS3_0',NULL,1,3,'ACCS3_0','ACCOUNTING III (EDUCATION)',134),(2493,'ACIS_0',NULL,0,1,'ACIS_0','ACCOUNTING INFORMATION SYSTEMS',134),(2494,'AIS1002',NULL,0,1,'AIS1002','ACCOUNTING INFORMATION SYSTEMS',134),(2495,'ACIS4_0',NULL,1,1,'ACIS4_0','ACCOUNTING INFORMATION SYSTEMS & AUDIT IV',134),(2496,'ACCG1_0',NULL,1,2,'ACCG1_0','ACCOUNTING SKILLS I',134),(2497,'EDU5227',NULL,0,1,'EDU5227','ADDITIONAL CURRICULUM STUDIES ACCOUNTANTY',134),(2498,'EDU5222',NULL,0,1,'EDU5222','ADDITIONAL CURRICULUM STUDIES AFRIKAANS',134),(2499,'EDU5226',NULL,0,1,'EDU5226','ADDITIONAL CURRICULUM STUDIES BUSS ECON',134),(2500,'EDU5225',NULL,0,1,'EDU5225','ADDITIONAL CURRICULUM STUDIES ECONOMICS',134),(2501,'EDU5224',NULL,0,1,'EDU5224','ADDITIONAL CURRICULUM STUDIES ENGLISH',134),(2502,'EDU5230',NULL,0,1,'EDU5230','ADDITIONAL CURRICULUM STUDIES MATHEMATICS',134),(2503,'EDU5221',NULL,0,1,'EDU5221','ADDITIONAL CURRICULUM STUDIES MUSIC',134),(2504,'EDU5223',NULL,0,1,'EDU5223','ADDITIONAL CURRICULUM STUDIES XHOSA',134),(2505,'ADL4102',NULL,0,4,'ADL4102','ADMIN LAW',134),(2506,'ADM1110',NULL,1,1,'ADM1110','ADMINISTRATIVE MANAGEMENT I',134),(2507,'ADMN1_0',NULL,1,1,'ADMN1_0','ADMINISTRATIVE MANAGEMENT I',134),(2508,'ADM2110',NULL,1,2,'ADM2110','ADMINISTRATIVE MANAGEMENT II',134),(2509,'ADMN2_0',NULL,1,2,'ADMN2_0','ADMINISTRATIVE MANAGEMENT II',134),(2510,'ADM3110',NULL,1,3,'ADM3110','ADMINISTRATIVE MANAGEMENT III',134),(2511,'ADMN3_0',NULL,1,3,'ADMN3_0','ADMINISTRATIVE MANAGEMENT III',134),(2512,'ADMN4_0',NULL,1,1,'ADMN4_0','ADMINISTRATIVE MANAGEMENT IV',134),(2513,'ADM4110',NULL,1,4,'ADM4110','ADMINISTRATIVE MANAGEMENT IV',134),(2514,'ADP3110',NULL,1,3,'ADP3110','ADMINISTRATIVE PRACTICE III',134),(2515,'EDU1224',NULL,0,2,'EDU1224','ADULT EDUCATION & HEALTH PROMOTION',134),(2516,'ADED2_0',NULL,1,2,'ADED2_0','ADULT EDUCATION II',134),(2517,'ADED3_0',NULL,1,3,'ADED3_0','ADULT EDUCATION III',134),(2518,'EDU1214',NULL,0,1,'EDU1214','ADULT LEARNING & TEACHING (DAETD)',134),(2519,'ATEL1_0',NULL,1,1,'ATEL1_0','ADULT TEACHING AND LEARNING I',134),(2520,'POP5003',NULL,1,1,'POP5003','ADV DEMOGRAPHIC AND POPULATION STUDIES ISSUES',134),(2521,'ECO4104',NULL,0,1,'ECO4104','ADV DEVELOPMENT STRATEGY & PLANNING',134),(2522,'XHF2103',NULL,0,2,'XHF2103','ADV FICTION STUDIES 2A(LITERARY ESSAYS)',134),(2523,'XHF2203',NULL,0,1,'XHF2203','ADV FICTION STUDIES 2B (NOVELS AND DRAMA)',134),(2524,'SEF3203',NULL,0,3,'SEF3203','ADV FICTION STUDIES 3B (NOVELS DRAMA)',134),(2525,'ECO4103',NULL,0,1,'ECO4103','ADV INTERN ECONOMICS ECO4103',134),(2526,'ECO4102',NULL,0,1,'ECO4102','ADV MACRO ECONOMICS ECO4102',134),(2527,'ECO4101',NULL,0,1,'ECO4101','ADV MICRO ECONOMICS 4101',134),(2528,'STA4002',NULL,1,1,'STA4002','ADV PARAMETRIC STATISTICAL INFERENCE',134),(2529,'POP5001',NULL,1,1,'POP5001','ADV POPULATION CHANGE AND DEV : AFRICA',134),(2530,'PAD4103',NULL,0,1,'PAD4103','ADV PUBLIC SECTOR HUMAN RESOURCE MGT 4103',134),(2531,'STA4003',NULL,1,1,'STA4003','ADV SAMPLING THEORY & METHODS',134),(2532,'SEF2101',NULL,0,3,'SEF2101','ADV SCIENTIFIC STUDY OF LANG 2A',134),(2533,'XHL2101',NULL,0,2,'XHL2101','ADV SCIENTIFIC STUDY OF LANG PHON PHONO MOPH',134),(2534,'SEL2201',NULL,0,2,'SEL2201','ADV SCIENTIFIC STUDY OF LANGUAGE 2B',134),(2535,'XHL2201',NULL,0,2,'XHL2201','ADV SCIENTIFIC STUDY OF LANGUAGE 2B(SYNTAX S)',134),(2536,'GEO4001',NULL,1,1,'GEO4001','ADVANCE G I S',134),(2537,'MAD4003',NULL,1,1,'MAD4003','ADVANCE MUNICIPAL FINANCE MANAGEMENT',134),(2538,'GEO4003',NULL,1,1,'GEO4003','ADVANCE RESEARCH METHOD',134),(2539,'PAD4104',NULL,0,1,'PAD4104','ADVANCE RESEARCH METHODS 4104',134),(2540,'EDU4101',NULL,0,1,'EDU4101','ADVANCED ALGEBRA',134),(2541,'BMP3101',NULL,1,3,'BMP3101','ADVANCED CELL PHYSIOLOGY',134),(2542,'ACNE4_0',NULL,0,1,'ACNE4_0','ADVANCED COMMUNICATION NETWORK IV',134),(2543,'EDU6010',NULL,1,1,'EDU6010','ADVANCED CURRICULUM STUDIES ENGLISH',134),(2544,'EDU6015',NULL,1,1,'EDU6015','ADVANCED CURRICULUM STUDIES IN ACCOUNTING',134),(2545,'EDU6016',NULL,1,1,'EDU6016','ADVANCED CURRICULUM STUDIES IN BUSINESS',134),(2546,'EDU6005',NULL,1,1,'EDU6005','ADVANCED CURRICULUM STUDIES IN GEOGRAPHY',134),(2547,'EDU6013',NULL,1,1,'EDU6013','ADVANCED CURRICULUM STUDIES IN MATHEMATICS',134),(2548,'EDU6012',NULL,1,1,'EDU6012','ADVANCED CURRICULUM STUDIES IN PHYSICAL SCIEC',134),(2549,'ADEV4_0',NULL,0,1,'ADEV4_0','ADVANCED DEVELOPMENT SOFTWARE IV',134),(2550,'ECO4105',NULL,0,1,'ECO4105','Advanced Econometrics',134),(2551,'PHY4203',NULL,0,1,'PHY4203','ADVANCED ELECTROMAGNETISM',134),(2552,'XHF3103',NULL,0,3,'XHF3103','ADVANCED FICTION STUDIES 3A (ESSAYS MOD POET)',134),(2553,'BMC3001',NULL,1,3,'BMC3001','ADVANCED GENERAL BIOCHEMISTRY',134),(2554,'ADIR4_0',NULL,1,1,'ADIR4_0','ADVANCED INDUSTRIAL RELATIONS IV',134),(2555,'AIR4110',NULL,1,4,'AIR4110','ADVANCED INDUSTRIAL RELATIONS IV',134),(2556,'IPY3111',NULL,0,2,'IPY3111','ADVANCED LABOUR RELATIONS',134),(2557,'ADVL3_0',NULL,0,1,'ADVL3_0','ADVANCED LAW III',134),(2558,'ADVC4_1',NULL,1,1,'ADVC4_1','ADVANCED MANAGEMENT COMMUNICATION SKILLS',134),(2559,'ADVC4_2',NULL,0,1,'ADVC4_2','ADVANCED MANAGEMENT COMMUNICATION SKILLS',134),(2560,'ADMT4_0',NULL,1,1,'ADMT4_0','ADVANCED MANAGEMENT OF TRAINING IV',134),(2561,'AMT4110',NULL,1,4,'AMT4110','ADVANCED MANAGEMENT OF TRAINING IV',134),(2562,'AMF4000',NULL,1,4,'AMF4000','ADVANCED MARKETING FINANCE IV',134),(2563,'MIC4001',NULL,1,1,'MIC4001','ADVANCED MEDICAL MICROBIOLOGY',134),(2564,'BMC3002',NULL,1,3,'BMC3002','ADVANCED METABOLIC BIOCHEMISTRY',134),(2565,'ADPM4_0',NULL,1,1,'ADPM4_0','ADVANCED PERSONNEL MANAGEMENT IV',134),(2566,'APM4110',NULL,1,4,'APM4110','ADVANCED PERSONNEL MANAGEMENT IV',134),(2567,'PHL3204',NULL,0,3,'PHL3204','ADVANCED POLITICAL PHILOSOPHY',134),(2568,'ADR2110',NULL,1,2,'ADR2110','ADVANCED REPORTING II',134),(2569,'ADR3113',NULL,0,3,'ADR3113','ADVANCED REPORTING III',134),(2570,'SKI3001',NULL,1,3,'SKI3001','ADVANCED SPECIAL SKILLS',134),(2571,'ASM1114',NULL,0,4,'ASM1114','ADVANCED STRATEGIC MANAGEMENT I',134),(2572,'ADSM4_0',NULL,1,1,'ADSM4_0','ADVANCED STRATEGIC MANAGEMENT IV',134),(2573,'ASM4110',NULL,1,4,'ASM4110','ADVANCED STRATEGIC MANAGEMENT IV',134),(2574,'ELS5201',NULL,0,1,'ELS5201','ADVANCED STUDIES IN ENG PHONOLOGY & SYNTAX',134),(2575,'POP5002',NULL,1,1,'POP5002','ADVANCED TECHNIQUES IN DEMOGRAPHY',134),(2576,'BMP3102',NULL,1,3,'BMP3102','ADVENCED SYSTEMS PHYSIOLOGY',134),(2577,'ASP1110',NULL,1,3,'ASP1110','ADVERTISING AND SALES PROMOTION I',134),(2578,'HST2200',NULL,0,2,'HST2200','AFRICA AND THE WORLD 1800 TO THE PRESENT',134),(2579,'HST2100',NULL,0,2,'HST2100','AFRICA AND THE WORLD TO C 1800',134),(2580,'HST2204',NULL,0,2,'HST2204','AFRICA AND WORLD FROM 1800 TO PRESENT',134),(2581,'POL3102',NULL,0,3,'POL3102','AFRICA POLITICS',134),(2582,'EDU1126',NULL,0,1,'EDU1126','AFRICAN JAZZ ONE',134),(2583,'EDU1227',NULL,0,1,'EDU1227','AFRICAN JAZZ TWO',134),(2584,'AFL1102',NULL,0,1,'AFL1102','AFRICAN LAW',134),(2585,'AFR1203',NULL,0,2,'AFR1203','AFRIKAANSE DRAMA',134),(2586,'AFR2203',NULL,0,3,'AFR2203','AFRIKAANSE DRAMA',134),(2587,'AFR3203',NULL,0,3,'AFR3203','AFRIKAANSE DRAMA',134),(2588,'AFR2101',NULL,0,3,'AFR2101','AFRIKAANSE GRAMMATIKA',134),(2589,'AFR1201',NULL,0,2,'AFR1201','AFRIKAANSE POESIE',134),(2590,'AFR2201',NULL,0,3,'AFR2201','AFRIKAANSE POESIE',134),(2591,'AFR3201',NULL,0,3,'AFR3201','AFRIKAANSE POESIE',134),(2592,'AFR1202',NULL,0,2,'AFR1202','AFRIKAANSE PROSA',134),(2593,'AFR2202',NULL,0,3,'AFR2202','AFRIKAANSE PROSA',134),(2594,'AFR3202',NULL,0,3,'AFR3202','AFRIKAANSE PROSA',134),(2595,'ECO3214',NULL,0,3,'ECO3214','AGRICULTURAL  ECONOMICS 3214',134),(2596,'ECO4208',NULL,0,1,'ECO4208','AGRICULTURAL DEVELOPMENT  ECONOMICS 4208',134),(2597,'AEC3016',NULL,1,3,'AEC3016','AIR EVACUATION AND COMBAT',134),(2598,'TTP1B13',NULL,0,1,'TTP1B13','AIR TRAVEL I',134),(2599,'ADR4201',NULL,0,4,'ADR4201','ALTERNATIVE DISPUTE RESOLUTION',134),(2600,'ANA3007',NULL,1,3,'ANA3007','ANAESTHETICS',134),(2601,'APES3_0',NULL,1,3,'APES3_0','ANALYSIS OF PRICES & ESTIMATING III',134),(2602,'CHE2102',NULL,0,2,'CHE2102','ANALYTICAL CHEMISTRY 2102',134),(2603,'ACH11E0',NULL,1,1,'ACH11E0','ANALYTICAL CHEMISTRY I',134),(2604,'ACH11P3',NULL,0,1,'ACH11P3','ANALYTICAL CHEMISTRY I',134),(2605,'ACH21E0',NULL,1,2,'ACH21E0','ANALYTICAL CHEMISTRY II',134),(2606,'ACH21E3',NULL,0,2,'ACH21E3','ANALYTICAL CHEMISTRY II',134),(2607,'ACH21E4',NULL,0,2,'ACH21E4','ANALYTICAL CHEMISTRY II',134),(2608,'ACH21P4',NULL,0,2,'ACH21P4','ANALYTICAL CHEMISTRY II',134),(2609,'CHE2202',NULL,0,2,'CHE2202','ANALYTICAL CHEMISTRY II',134),(2610,'CHE3202',NULL,0,3,'CHE3202','ANALYTICAL CHEMISTRY III',134),(2611,'ACH31P4',NULL,0,4,'ACH31P4','ANALYTICAL CHEMISTRY III',134),(2612,'ACH4113',NULL,0,4,'ACH4113','ANALYTICAL CHEMISTRY IV',134),(2613,'ANAP214',NULL,0,2,'ANAP214','ANALYTICAL CHEMISTRY:  PRACTICAL II',134),(2614,'ANAE210',NULL,1,2,'ANAE210','ANALYTICAL CHEMISTRY: PRACTICAL II',134),(2615,'ANAE213',NULL,0,2,'ANAE213','ANALYTICAL CHEMISTRY: PRACTICAL II',134),(2616,'ANAE214',NULL,0,2,'ANAE214','ANALYTICAL CHEMISTRY: PRACTICAL II',134),(2617,'ANAP314',NULL,0,4,'ANAP314','ANALYTICAL CHEMISTRY: PRACTICAL III',134),(2618,'ATN1101',NULL,0,1,'ATN1101','ANATOMY',134),(2619,'ATN1201',NULL,0,1,'ATN1201','ANATOMY',134),(2620,'PHL1102',NULL,0,1,'PHL1102','ANCIENT GREEK THOUGHT',134),(2621,'BSP3205',NULL,0,3,'BSP3205','ANIMAL BEHAVIOUR & PHYSIO 3205',134),(2622,'BSP1105',NULL,0,1,'BSP1105','ANIMAL DIVERSITY',134),(2623,'ANT4101',NULL,0,1,'ANT4101','ANTHROPOLOGICAL RESEARCH METHODS',134),(2624,'CHE4102',NULL,0,1,'CHE4102','ANYALYTICAL CHEMISTRY IV',134),(2625,'ATEC4_0',NULL,0,1,'ATEC4_0','APPLICATION TECHNOLOGY IV',134),(2626,'PAE5001',NULL,1,1,'PAE5001','APPLIED BASIC SCIENCES & STATS TO PAEDS',134),(2627,'ABSC1_0',NULL,1,1,'ABSC1_0','APPLIED BUILDING SCIENCES I',134),(2628,'ECO3216',NULL,0,3,'ECO3216','APPLIED ECONOMETRICS',134),(2629,'GEO4006',NULL,1,1,'GEO4006','APPLIED ENVIRONMENTAL SCIENCE',134),(2630,'PHL3102',NULL,0,3,'PHL3102','APPLIED ETHICS',134),(2631,'TTM1B14',NULL,0,1,'TTM1B14','APPLIED MANAGEMENT',134),(2632,'APL4110',NULL,1,4,'APL4110','APPLIED MARKETING IV',134),(2633,'CAP1110',NULL,1,1,'CAP1110','APPLIED MECHANICS I',134),(2634,'EPME1_0',NULL,1,1,'EPME1_0','APPLIED MECHANICS I',134),(2635,'APME1_0',NULL,0,1,'APME1_0','APPLIED MECHANICS I',134),(2636,'CAP1113',NULL,0,1,'CAP1113','APPLIED MECHANICS I',134),(2637,'GEO4007',NULL,1,1,'GEO4007','APPLIED METEOROLOGY',134),(2638,'10_APR',NULL,1,4,'10_APR','APPLIED PROMOTION IV',134),(2639,'APS1201',NULL,0,1,'APS1201','APPLIED STATISTICS 102',134),(2640,'APS1101',NULL,0,1,'APS1101','APPLIED STATISTICS I',134),(2641,'STMB3_0',NULL,0,3,'STMB3_0','APPLIED STRENGTH OF MATERIALS III',134),(2642,'ARTT110',NULL,1,1,'ARTT110','ART THEORY I',134),(2643,'ARTT210',NULL,1,2,'ARTT210','ART THEORY II',134),(2644,'ARTT310',NULL,1,3,'ARTT310','ART THEORY III',134),(2645,'ARTP410',NULL,1,4,'ARTP410','ART THEORY IV',134),(2646,'XHA4000',NULL,1,1,'XHA4000','Article/Dissertation',134),(2647,'XHL4000',NULL,1,1,'XHL4000','ARTICLE/DISSERTATION',134),(2648,'EDU3008',NULL,1,1,'EDU3008','ARTS AND CULTURE',134),(2649,'EDU6211',NULL,0,1,'EDU6211','ASPECTS OF SCHOOL IMPROVEMENT',134),(2650,'EDU2085',NULL,1,2,'EDU2085','ASSESSMENT',134),(2651,'NPSS1_0',NULL,1,2,'NPSS1_0','ASSESSMENT',134),(2652,'EAEE1_0',NULL,1,2,'EAEE1_0','ASSESSMENT & EVALUATION IN EDUCATION',134),(2653,'EDU5201',NULL,0,1,'EDU5201','ASSESSMENT AND EVALUATION',134),(2654,'GEO2102',NULL,0,2,'GEO2102','ATMOSPHERE & TERRAIN ANALY 2102',134),(2655,'AUD3000',NULL,1,3,'AUD3000','AUDITING',134),(2656,'AUDG2_0',NULL,0,2,'AUDG2_0','AUDITING II(MODULE 2)',134),(2657,'AUDI2_0',NULL,1,2,'AUDI2_0','AUDITING II(MODULE I)',134),(2658,'AUDI3_0',NULL,0,1,'AUDI3_0','AUDITING III',134),(2659,'AUD2011',NULL,0,2,'AUD2011','AUDITING II-MODULE I',134),(2660,'AUD2022',NULL,0,2,'AUD2022','AUDITING II-MODULE II',134),(2661,'BAL4222',NULL,0,4,'BAL4222','BANKING LAW',134),(2662,'BMS3005',NULL,1,3,'BMS3005','BASIC BIOSTATISTICS',134),(2663,'BBCA0_0',NULL,0,1,'BBCA0_0','BASIC BUSINESS CALCULATIONS',134),(2664,'BBC1001',NULL,0,1,'BBC1001','BASIC BUSINESS CALCULATIONS I',134),(2665,'BBC1113',NULL,0,1,'BBC1113','BASIC BUSINESS CALCULATIONS I',134),(2666,'BMC2201',NULL,1,2,'BMC2201','BASIC IMMUNOLOGY',134),(2667,'ECO1104',NULL,0,1,'ECO1104','BASIC MATHS FOR ECONOMICS',134),(2668,'BMM2004',NULL,1,2,'BMM2004','BASIC MICROBIOLOGY',134),(2669,'BMP2001',NULL,1,2,'BMP2001','BASIC PHYSIOLOGY',134),(2670,'EDU5202',NULL,0,1,'EDU5202','BASIC RESEARCH SKILLS I',134),(2671,'EDU5102',NULL,0,1,'EDU5102','BASIC RESEARCH SKILLS II',134),(2672,'BFS1113',NULL,0,3,'BFS1113','BEHAVIOURAL STUDIES: FOOD SERVICE I',134),(2673,'BCH4001',NULL,1,1,'BCH4001','BIOCHEMICAL INSTRUMENTATION AND TECHNIQUES',134),(2674,'BCN1201',NULL,0,1,'BCN1201','BIOCHEMISTRY',134),(2675,'BSP2204',NULL,0,2,'BSP2204','BIOCHEMISTRY 2204',134),(2676,'BSP1203',NULL,0,1,'BSP1203','BIOLOGICAL DIVERSITY PROTISTA AND ANIMALIA',134),(2677,'BSP1000',NULL,1,1,'BSP1000','BIOLOGICAL SCIENCE 1',134),(2678,'BSP2000',NULL,1,2,'BSP2000','BIOLOGICAL SCIENCE 11',134),(2679,'BIOL1_0',NULL,1,1,'BIOL1_0','BIOLOGY I',134),(2680,'BIOL2_0',NULL,1,2,'BIOL2_0','BIOLOGY II',134),(2681,'BIOL3_0',NULL,1,3,'BIOL3_0','BIOLOGY III',134),(2682,'BCN1101',NULL,0,1,'BCN1101','BIOPHYSICS',134),(2683,'BAD1110',NULL,1,1,'BAD1110','BUSINESS ADMINISTRATION I',134),(2684,'BUSA1_0',NULL,1,1,'BUSA1_0','BUSINESS ADMINISTRATION I',134),(2685,'BAD2110',NULL,1,2,'BAD2110','BUSINESS ADMINISTRATION II',134),(2686,'BUSA2_0',NULL,1,2,'BUSA2_0','BUSINESS ADMINISTRATION II',134),(2687,'BAD3110',NULL,1,3,'BAD3110','BUSINESS ADMINISTRATION III',134),(2688,'BUSA3_0',NULL,1,3,'BUSA3_0','BUSINESS ADMINISTRATION III',134),(2689,'BANL2_0',NULL,1,2,'BANL2_0','BUSINESS ANALYSIS II',134),(2690,'BANL3_0',NULL,1,3,'BANL3_0','BUSINESS ANALYSIS III',134),(2691,'BLCA1_0',NULL,0,1,'BLCA1_0','BUSINESS CALCULATIONS I',134),(2692,'BUC1001',NULL,0,1,'BUC1001','BUSINESS CALCULATIONS I',134),(2693,'BCS1001',NULL,0,1,'BCS1001','BUSINESS COMMUNICATION SKILLS',134),(2694,'BCS1113',NULL,0,1,'BCS1113','BUSINESS COMMUNICATION SKILLS',134),(2695,'BUCS0_0',NULL,0,1,'BUCS0_0','BUSINESS COMMUNICATION SKILLS',134),(2696,'BUIS1_0',NULL,0,1,'BUIS1_0','BUSINESS INFORMATION SYSTEMS I',134),(2697,'BUIS2_0',NULL,0,2,'BUIS2_0','BUSINESS INFORMATION SYSTEMS II',134),(2698,'BUIS2_1',NULL,0,1,'BUIS2_1','BUSINESS INFORMATION SYSTEMS II(MODULE 1)',134),(2699,'BUIS2_2',NULL,0,1,'BUIS2_2','BUSINESS INFORMATION SYSTEMS II(MODULE 2)',134),(2700,'BIS2011',NULL,0,3,'BIS2011','BUSINESS INFORMATION SYSTEMS II-MODULE I',134),(2701,'BIS2022',NULL,0,3,'BIS2022','BUSINESS INFORMATION SYSTEMS II-MODULE I',134),(2702,'BIS1012',NULL,0,1,'BIS1012','BUSINESS INFORMATION SYSTEMS I-MODULE I',134),(2703,'BIS1021',NULL,0,2,'BIS1021','BUSINESS INFORMATION SYSTEMS I-MODULE I',134),(2704,'BIS1011',NULL,0,3,'BIS1011','BUSINESS INFORMATION SYSTEMS I-MODULE I',134),(2705,'BIS1022',NULL,0,3,'BIS1022','BUSINESS INFORMATION SYSTEMS I-MODULE I',134),(2706,'BMAN110',NULL,1,1,'BMAN110','BUSINESS MANAGEMENT I',134),(2707,'BUM1110',NULL,1,1,'BUM1110','BUSINESS MANAGEMENT I',134),(2708,'BUSM1_0',NULL,1,1,'BUSM1_0','BUSINESS MANAGEMENT I',134),(2709,'BUSM110',NULL,1,1,'BUSM110','BUSINESS MANAGEMENT I',134),(2710,'BUDM1_0',NULL,1,1,'BUDM1_0','BUSINESS MANAGEMENT I(EDUCATION)',134),(2711,'BUM2110',NULL,1,2,'BUM2110','BUSINESS MANAGEMENT II',134),(2712,'BUSM2_0',NULL,1,2,'BUSM2_0','BUSINESS MANAGEMENT II',134),(2713,'BUSM210',NULL,1,2,'BUSM210','BUSINESS MANAGEMENT II',134),(2714,'BUDM2_0',NULL,1,2,'BUDM2_0','BUSINESS MANAGEMENT II(EDUCATION)',134),(2715,'BUM3110',NULL,1,3,'BUM3110','BUSINESS MANAGEMENT III',134),(2716,'BUSM3_0',NULL,1,3,'BUSM3_0','BUSINESS MANAGEMENT III',134),(2717,'BUSM310',NULL,1,3,'BUSM310','BUSINESS MANAGEMENT III',134),(2718,'BUDM3_0',NULL,1,3,'BUDM3_0','BUSINESS MANAGEMENT III(EDUCATION)',134),(2719,'BST2002',NULL,0,3,'BST2002','BUSINESS STATISTICS II - MODULE I',134),(2720,'BST2001',NULL,0,4,'BST2001','BUSINESS STRAGEGY II',134),(2721,'BUSR2_0',NULL,0,1,'BUSR2_0','BUSINESS STRATEGY II',134),(2722,'EDU2041',NULL,1,1,'EDU2041','BUSINESS STUDIES',134),(2723,'EDI3041',NULL,1,3,'EDI3041','BUSINESS STUDIES',134),(2724,'BUPR1_0',NULL,1,2,'BUPR1_0','BUSINESS STUDIES I(PUBLIC RELATIONS)',134),(2725,'CRS2005',NULL,1,2,'CRS2005','CARDIORESPIRATORY',134),(2726,'CCP4006',NULL,1,1,'CCP4006','CARDIOVASCULAR PATHOLOGY AND THERAPEUTIC DRUG',134),(2727,'CVS1003',NULL,1,1,'CVS1003','CARDIOVASCULAR SYSTEM',134),(2728,'CVS2003',NULL,1,2,'CVS2003','CARDIOVASCULAR SYSTEM',134),(2729,'IPY3112',NULL,0,2,'IPY3112','CAREER PSYCHOLOGY & COUNSELLING',134),(2730,'BSY3112',NULL,0,3,'BSY3112','CAREER PSYCHOLOGY & COUNSELLING',134),(2731,'BSP1104',NULL,0,1,'BSP1104','CELL BIOLOGY GENETICS',134),(2732,'BSP1103',NULL,0,1,'BSP1103','CELL BIOLOGY GENETICS 1103',134),(2733,'BSP1202',NULL,0,1,'BSP1202','CELL BIOLOGY GENETICS AND EVOLUTION',134),(2734,'CBM1006',NULL,1,1,'CBM1006','\"CELL BIOLOGY, CELL METABOLISM\"',134),(2735,'CNS1007',NULL,1,1,'CNS1007','\"CENTRAL NERVOUS SYSTEM, ENT\"',134),(2736,'CNS2007',NULL,1,2,'CNS2007','\"CENTRAL NERVOUS SYSTEM, ENT.\"',134),(2737,'CER21P0',NULL,1,2,'CER21P0','CERAMICS :  FINE ART II',134),(2738,'CER31P0',NULL,1,3,'CER31P0','CERAMICS :  FINE ART III',134),(2739,'CERP410',NULL,1,4,'CERP410','CERAMICS :  FINE ART IV',134),(2740,'EDU4126',NULL,0,4,'EDU4126','CHAMBER CHOIR FOUR',134),(2741,'EDU1109',NULL,0,1,'EDU1109','CHAMBER CHOIR ONE',134),(2742,'EDU3101',NULL,0,3,'EDU3101','CHAMBER CHOIR THREE',134),(2743,'EDU2111',NULL,0,2,'EDU2111','CHAMBER CHOIR TWO',134),(2744,'CHEMPRA',NULL,0,6,'CHEMPRA','CHEMICAL INDUSTRY:  PRACTICAL',134),(2745,'CPI2113',NULL,0,5,'CPI2113','CHEMICAL PROCESS INDUSTRIES II',134),(2746,'CQA1114',NULL,0,4,'CQA1114','CHEMICAL QUALITY ASSURANCE',134),(2747,'CHE1000',NULL,1,1,'CHE1000','CHEMISTRY 1',134),(2748,'CHE2000',NULL,1,2,'CHE2000','CHEMISTRY 11',134),(2749,'CHM11P3',NULL,0,1,'CHM11P3','CHEMISTRY I',134),(2750,'CHM11E0',NULL,1,1,'CHM11E0','CHEMISTRY I - EXTENDED',134),(2751,'CHE3113',NULL,0,5,'CHE3113','CHEMISTRY PROJECT III',134),(2752,'CHE3114',NULL,0,5,'CHE3114','CHEMISTRY PROJECT III',134),(2753,'CHE4113',NULL,0,4,'CHE4113','CHEMISTRY PROJECT IV',134),(2754,'CHE4114',NULL,0,4,'CHE4114','CHEMISTRY PROJECT IV',134),(2755,'CHH3004',NULL,1,3,'CHH3004','CHILD HEALTH',134),(2756,'EDU1210',NULL,0,1,'EDU1210','CHORAL TECHNIQUE',134),(2757,'EDU3203',NULL,0,3,'EDU3203','CHORAL TECHNIQUE',134),(2758,'EDU4224',NULL,0,4,'EDU4224','CHORAL TECHNIQUE FOUR',134),(2759,'EDU1114',NULL,0,1,'EDU1114','CHOREOGRAPHY ONE',134),(2760,'EDU1218',NULL,0,1,'EDU1218','CHOREOGRAPHY TWO',134),(2761,'CEEP1_0',NULL,0,2,'CEEP1_0','CIVIL ENGINEERING PRACTICE I',134),(2762,'CEEP2_0',NULL,0,3,'CEEP2_0','CIVIL ENGINEERING PRACTICE II',134),(2763,'CEP2213',NULL,0,2,'CEP2213','CIVIL ENGINEERING PRACTICE IIA',134),(2764,'CEP2214',NULL,0,2,'CEP2214','CIVIL ENGINEERING PRACTICE IIA',134),(2765,'CEP22B3',NULL,0,3,'CEP22B3','CIVIL ENGINEERING PRACTICE IIB',134),(2766,'CEP22B4',NULL,0,3,'CEP22B4','CIVIL ENGINEERING PRACTICE IIB',134),(2767,'CPA3106',NULL,0,3,'CPA3106','CIVIL PROCEDURE A',134),(2768,'CPA3203',NULL,0,3,'CPA3203','CIVIL PROCEDURE B',134),(2769,'EDU2024',NULL,1,2,'EDU2024','CIVIL TECHNOLOGY',134),(2770,'EDM3024',NULL,1,3,'EDM3024','CIVIL TECHNOLOGY II',134),(2771,'PHY4101',NULL,0,1,'PHY4101','CLASSICAL MECHANICS',134),(2772,'SOC2101',NULL,0,2,'SOC2101','CLASSICAL SOCIAL THEORIES',134),(2773,'EDU3293',NULL,0,3,'EDU3293','CLASSROOM MANAGEMENT',134),(2774,'NCLM1_0',NULL,1,1,'NCLM1_0','CLASSROOOM MANAGEMENT I',134),(2775,'NCLM2_0',NULL,1,3,'NCLM2_0','CLASSROOOM MANAGEMENT II',134),(2776,'PHL1203',NULL,0,1,'PHL1203','CLEAR THINKING',134),(2777,'BCH4004',NULL,1,1,'BCH4004','CLINICAL BIOCHEMISTRY',134),(2778,'CMC5011',NULL,1,1,'CMC5011','CLINICAL MEDICINE',134),(2779,'CLS2004',NULL,1,2,'CLS2004','CLINICAL SKILLS',134),(2780,'CLS3005',NULL,1,3,'CLS3005','CLINICAL SKILLS',134),(2781,'CMGT1_0',NULL,1,1,'CMGT1_0','CLOTHING MANAGEMENT & TECH I',134),(2782,'CMGT2_0',NULL,1,2,'CMGT2_0','CLOTHING MANAGEMENT & TECH II',134),(2783,'CMGT3_0',NULL,1,3,'CMGT3_0','CLOTHING MANAGEMENT & TECH III',134),(2784,'PSY1102',NULL,0,2,'PSY1102','COGNITIVE PSYCHOLOGY & NEUROPSYCHOLOGY',134),(2785,'PSY3213',NULL,0,3,'PSY3213','COMM PSYCHOLOGY & PRIMARY HEALTHCARE',134),(2786,'SOW3014',NULL,0,3,'SOW3014','COMM PSYCHOLOGY & PRIMARY HEALTHCARE',134),(2787,'CLW1101',NULL,0,1,'CLW1101','COMMERCIAL LAW 1101',134),(2788,'CLW1202',NULL,0,1,'CLW1202','COMMERCIAL LAW 1202',134),(2789,'CLW2101',NULL,0,2,'CLW2101','COMMERCIAL LAW 2101',134),(2790,'CLW2202',NULL,0,2,'CLW2202','COMMERCIAL LAW 2202',134),(2791,'CLW3101',NULL,0,3,'CLW3101','COMMERCIAL LAW 3101',134),(2792,'CLW3202',NULL,0,3,'CLW3202','COMMERCIAL LAW 3202',134),(2793,'CLA1001',NULL,0,1,'CLA1001','COMMERCIAL LAW FOR ACCOUNTANTS I',134),(2794,'CMFA1_0',NULL,0,1,'CMFA1_0','COMMERCIAL LAW FOR ACCOUNTANTS I',134),(2795,'CLA1002',NULL,0,1,'CLA1002','COMMERCIAL LAW FOR ACCOUNTANTS I',134),(2796,'CMFA2_0',NULL,0,2,'CMFA2_0','COMMERCIAL LAW FOR ACCOUNTANTS II(MODULE I)',134),(2797,'CMFL2_0',NULL,0,2,'CMFL2_0','COMMERCIAL LAW FOR ACCOUNTANTS II(MODULE II)',134),(2798,'CLA2011',NULL,0,2,'CLA2011','COMMERCIAL LAW FOR ACCOUNTANTS II-MODULE I',134),(2799,'CLA2022',NULL,0,2,'CLA2022','COMMERCIAL LAW FOR ACCOUNTANTS II-MODULE II',134),(2800,'PROC1_0',NULL,1,3,'PROC1_0','COMMERCIAL PROGRAMMING I',134),(2801,'NPEC1_0',NULL,1,1,'NPEC1_0','COMMUNICATION',134),(2802,'CCM1004',NULL,0,1,'CCM1004','COMMUNICATION  SKILLS I',134),(2803,'CCS1005',NULL,1,1,'CCS1005','COMMUNICATION AND CLINICAL SKILLS',134),(2804,'CNN1202',NULL,0,1,'CNN1202','COMMUNICATION AND COMPUTER SKILLS',134),(2805,'COMB110',NULL,1,1,'COMB110','COMMUNICATION BUSINESS ADMINISTRATION I',134),(2806,'CBA1110',NULL,1,1,'CBA1110','COMMUNICATION I',134),(2807,'CCAT1_0',NULL,1,1,'CCAT1_0','COMMUNICATION I',134),(2808,'CMUN110',NULL,1,1,'CMUN110','COMMUNICATION I',134),(2809,'COMM110',NULL,1,1,'COMM110','COMMUNICATION I',134),(2810,'COMT110',NULL,1,1,'COMT110','COMMUNICATION I',134),(2811,'COMU1_0',NULL,1,1,'COMU1_0','COMMUNICATION I',134),(2812,'CHMN1_0',NULL,0,1,'CHMN1_0','COMMUNICATION I',134),(2813,'COM1001',NULL,0,1,'COM1001','COMMUNICATION I',134),(2814,'COMM1A0',NULL,1,1,'COMM1A0','COMMUNICATION I- LANGUAGE Y: ENGLISH',134),(2815,'CMUN210',NULL,1,2,'CMUN210','COMMUNICATION II',134),(2816,'COMM210',NULL,1,2,'COMM210','COMMUNICATION II',134),(2817,'COMU2_0',NULL,1,2,'COMU2_0','COMMUNICATION II',134),(2818,'CMUN310',NULL,1,3,'CMUN310','COMMUNICATION III',134),(2819,'EDU1166',NULL,0,1,'EDU1166','COMMUNICATION IN AFRIKAANS',134),(2820,'COME1_0',NULL,1,1,'COME1_0','COMMUNICATION IN ENGLISH',134),(2821,'EDU1180',NULL,0,1,'EDU1180','COMMUNICATION IN ENGLISH',134),(2822,'ENA1110',NULL,1,1,'ENA1110','COMMUNICATION IN ENGLISH A',134),(2823,'EDU1165',NULL,0,1,'EDU1165','COMMUNICATION IN ENGLISH LANGUAGE',134),(2824,'CLNE1_0',NULL,1,1,'CLNE1_0','COMMUNICATION IN LANGUAGE:ENGLISH I',134),(2825,'CLNE2_0',NULL,1,2,'CLNE2_0','COMMUNICATION IN LANGUAGE:ENGLISH II',134),(2826,'CLNE3_0',NULL,1,3,'CLNE3_0','COMMUNICATION IN LANGUAGE:ENGLISH III',134),(2827,'CLNS1_0',NULL,1,1,'CLNS1_0','COMMUNICATION IN LANGUAGE:SOTHO I',134),(2828,'CLNX1_0',NULL,1,1,'CLNX1_0','COMMUNICATION IN LANGUAGE:XHOSA I',134),(2829,'CLNX2_0',NULL,1,2,'CLNX2_0','COMMUNICATION IN LANGUAGE:XHOSA II',134),(2830,'EDU1265',NULL,0,1,'EDU1265','COMMUNICATION IN SOTHO LANGUAGE',134),(2831,'EDU1164',NULL,0,1,'EDU1164','COMMUNICATION IN XHOSA LANGUAGE',134),(2832,'EDU1264',NULL,0,1,'EDU1264','COMMUNICATION IN XHOSA LANGUAGE',134),(2833,'CNET4_0',NULL,0,1,'CNET4_0','COMMUNICATION NETWORK IV',134),(2834,'CNET2_0',NULL,1,2,'CNET2_0','COMMUNICATION NETWORKS II',134),(2835,'CNT2110',NULL,1,2,'CNT2110','COMMUNICATION NETWORKS II',134),(2836,'CNET3_0',NULL,1,3,'CNET3_0','COMMUNICATION NETWORKS III',134),(2837,'COMS1_0',NULL,1,1,'COMS1_0','COMMUNICATION SCIENCE I',134),(2838,'COMS2_0',NULL,1,2,'COMS2_0','COMMUNICATION SCIENCE II',134),(2839,'COMS3_0',NULL,0,3,'COMS3_0','COMMUNICATION SCIENCE III',134),(2840,'COMS4_0',NULL,1,1,'COMS4_0','COMMUNICATION SCIENCE IV',134),(2841,'EDU1001',NULL,1,1,'EDU1001','COMMUNICATION SKILLS',134),(2842,'EDU1267',NULL,0,1,'EDU1267','COMMUNICATION SKILLS',134),(2843,'EDU2001',NULL,1,2,'EDU2001','COMMUNICATION SKILLS',134),(2844,'EDU2105',NULL,0,2,'EDU2105','COMMUNICATION SKILLS',134),(2845,'EDU3190',NULL,0,3,'EDU3190','COMMUNICATION SKILLS',134),(2846,'CCM1210',NULL,1,1,'CCM1210','COMMUNICATION SKILLS I',134),(2847,'CMM1000',NULL,1,1,'CMM1000','COMMUNICATION SKILLS I',134),(2848,'COMM1_0',NULL,1,1,'COMM1_0','COMMUNICATION SKILLS I',134),(2849,'CSK11E0',NULL,1,1,'CSK11E0','COMMUNICATION SKILLS I',134),(2850,'ECMM1_0',NULL,1,1,'ECMM1_0','COMMUNICATION SKILLS I',134),(2851,'EECM1_0',NULL,1,1,'EECM1_0','COMMUNICATION SKILLS I',134),(2852,'CCM1003',NULL,0,1,'CCM1003','COMMUNICATION SKILLS I',134),(2853,'CCM1213',NULL,0,1,'CCM1213','COMMUNICATION SKILLS I',134),(2854,'CSK1113',NULL,0,1,'CSK1113','COMMUNICATION SKILLS I',134),(2855,'CSK11E3',NULL,0,1,'CSK11E3','COMMUNICATION SKILLS I',134),(2856,'CCM1214',NULL,0,1,'CCM1214','COMMUNICATION SKILLS I',134),(2857,'ECOM0_0',NULL,1,1,'ECOM0_0','COMMUNICATION STUDIES I',134),(2858,'CMST1_0',NULL,0,1,'CMST1_0','COMMUNICATION STUDIES I',134),(2859,'CLTE1_0',NULL,1,1,'CLTE1_0','COMMUNICATION TEACHING:ENGLISH I',134),(2860,'CLTE2_0',NULL,1,2,'CLTE2_0','COMMUNICATION TEACHING:ENGLISH II',134),(2861,'CLTE3_0',NULL,1,3,'CLTE3_0','COMMUNICATION TEACHING:ENGLISH III',134),(2862,'CLTX1_0',NULL,1,1,'CLTX1_0','COMMUNICATION TEACHING:XHOSA I',134),(2863,'CLTX2_0',NULL,1,2,'CLTX2_0','COMMUNICATION TEACHING:XHOSA II',134),(2864,'CLTX3_0',NULL,1,3,'CLTX3_0','COMMUNICATION TEACHING:XHOSA III',134),(2865,'COMP110',NULL,1,1,'COMP110','COMMUNICATION:  POLICING',134),(2866,'COM11B0',NULL,1,1,'COM11B0','COMMUNICATION: XHOSA LANGUAGE 1',134),(2867,'COBA1_0',NULL,1,1,'COBA1_0','COMMUNICATION:BUSINESS ADMINISTRATION I',134),(2868,'CCAT1E0',NULL,1,1,'CCAT1E0','COMMUNICATIONS',134),(2869,'COB3004',NULL,1,3,'COB3004','COMMUNITY BASED EDUCATION & SERVICE',134),(2870,'SOW2209',NULL,0,2,'SOW2209','COMMUNITY DEVELOPMENT',134),(2871,'CBN1201',NULL,0,1,'CBN1201','COMMUNITY HEALTH NURSING BASIC1 1201',134),(2872,'CBN2101',NULL,0,2,'CBN2101','COMMUNITY HEALTH NURSING II',134),(2873,'CBN2201',NULL,0,2,'CBN2201','COMMUNITY HEALTH NURSING II',134),(2874,'CBN1101',NULL,0,1,'CBN1101','COMMUNITY HEALTH NURSING1 BASIC 101',134),(2875,'COB2003',NULL,1,2,'COB2003','COMMUNITY MED (COBES) 2',134),(2876,'COM3007',NULL,1,3,'COM3007','COMMUNITY MEDICINE',134),(2877,'COM4007',NULL,1,4,'COM4007','COMMUNITY MEDICINE',134),(2878,'EDU1215',NULL,0,1,'EDU1215','COMMUNITY ORGANISING & DEVELOPMENT (DAETD)',134),(2879,'BSY2213',NULL,0,2,'BSY2213','COMMUNITY PSYCHOLOGY',134),(2880,'COA3107',NULL,0,3,'COA3107','COMPANY LAW A',134),(2881,'COA3206',NULL,0,3,'COA3206','COMPANY LAW B',134),(2882,'XHL3201',NULL,0,3,'XHL3201','COMPARATIVE AFRICAN LING (UR NTU CLASSIFICAT)',134),(2883,'SEL3201',NULL,0,3,'SEL3201','COMPARATIVE AFRICAN LINGUISTICS (UT NTU CLAS)',134),(2884,'EDU2004',NULL,1,2,'EDU2004','COMPARATIVE EDUCATION',134),(2885,'EDU5205',NULL,0,1,'EDU5205','COMPARATIVE EDUCATION',134),(2886,'EDU3216',NULL,0,3,'EDU3216','COMPARATIVE EDUCATION (EDU3 P3)',134),(2887,'POL4103',NULL,0,1,'POL4103','COMPARATIVE FOREIGN POLICY',134),(2888,'SEL3101',NULL,0,3,'SEL3101','COMPARATIVE LINGUISTICS + PROJECT',134),(2889,'XHL3101',NULL,0,3,'XHL3101','COMPARATIVE LINGUISTICS PLUS PROJECT',134),(2890,'EDU4127',NULL,0,4,'EDU4127','COMPARATIVE MUSIC EDUCATION',134),(2891,'POL1201',NULL,0,1,'POL1201','COMPARATIVE POLITICS AND GOVERNMENT',134),(2892,'MAT3202',NULL,0,3,'MAT3202','COMPLEX ANALYSIS',134),(2893,'MTE3202',NULL,0,3,'MTE3202','COMPLEX ANALYSIS',134),(2894,'CTL1105',NULL,0,1,'CTL1105','COMPUTER & THE LAW',134),(2895,'CADM2_0',NULL,1,3,'CADM2_0','COMPUTER AIDED DESIGN & CLOTHING II',134),(2896,'CADM1_0',NULL,1,2,'CADM1_0','COMPUTER AIDED DESIGN & MANUFACTURING I',134),(2897,'CADA1_0',NULL,0,1,'CADA1_0','COMPUTER AIDED DRAUGHTING I',134),(2898,'ECAD1_0',NULL,1,2,'ECAD1_0','COMPUTER AIDED DRAUGHTING I',134),(2899,'ECPR1_0',NULL,1,1,'ECPR1_0','COMPUTER AND PROGRAMMING SKILLS',134),(2900,'CAPS1_0',NULL,0,1,'CAPS1_0','COMPUTER AND PROGRAMMING SKILLS I',134),(2901,'EDU2042',NULL,1,1,'EDU2042','COMPUTER APPLICATION TECHNOLOGY',134),(2902,'CAPP1E0',NULL,1,1,'CAPP1E0','COMPUTER APPLICATIONS',134),(2903,'CAPP1_0',NULL,0,1,'CAPP1_0','COMPUTER APPLICATIONS I',134),(2904,'EDU1266',NULL,0,1,'EDU1266','COMPUTER APPLICATIONS IN EDUCATION',134),(2905,'EDM3042',NULL,1,3,'EDM3042','COMPUTER APPLICATIONS TECHNOLOGY',134),(2906,'CSI1202',NULL,0,1,'CSI1202','COMPUTER ARCHITECTURE & ORGANIZATION',134),(2907,'COMT2_0',NULL,1,2,'COMT2_0','COMPUTER END USER II',134),(2908,'COLT1_0',NULL,1,1,'COLT1_0','COMPUTER LITERACY',134),(2909,'ECL1_0',NULL,1,2,'ECL1_0','COMPUTER LITERACY',134),(2910,'CSI1103',NULL,0,1,'CSI1103','COMPUTER LITERACY AND WEB APPLICATIONS I',134),(2911,'CSI1203',NULL,0,1,'CSI1203','COMPUTER LITERACY AND WEB APPLICATIONS II',134),(2912,'CLIT1_0',NULL,1,1,'CLIT1_0','COMPUTER LITERACY I',134),(2913,'CLT1212',NULL,0,2,'CLT1212','COMPUTER LITERACY II',134),(2914,'CSI2000',NULL,1,2,'CSI2000','COMPUTER SCIENCE 11',134),(2915,'CSI1111',NULL,0,1,'CSI1111','COMPUTER SCIENCE FUNDAMENTALS',134),(2916,'CSEC4_0',NULL,0,1,'CSEC4_0','COMPUTER SECURITY IV',134),(2917,'ECSK_0',NULL,1,1,'ECSK_0','COMPUTER SKILLS',134),(2918,'ECSK1_0',NULL,1,1,'ECSK1_0','COMPUTER SKILLS',134),(2919,'CNN2201',NULL,0,1,'CNN2201','COMPUTER SKILLS',134),(2920,'CCP1110',NULL,1,1,'CCP1110','COMPUTER SKILLS I',134),(2921,'CCP1120',NULL,1,1,'CCP1120','COMPUTER SKILLS I',134),(2922,'CCPN110',NULL,1,1,'CCPN110','COMPUTER SKILLS I',134),(2923,'CCP1113',NULL,0,1,'CCP1113','COMPUTER SKILLS I',134),(2924,'CCP1123',NULL,0,1,'CCP1123','COMPUTER SKILLS I',134),(2925,'CSKI1_0',NULL,0,1,'CSKI1_0','COMPUTER SKILLS I',134),(2926,'CCP1114',NULL,0,1,'CCP1114','COMPUTER SKILLS I',134),(2927,'CCP1124',NULL,0,1,'CCP1124','COMPUTER SKILLS I',134),(2928,'EDU2185',NULL,0,2,'EDU2185','COMPUTER STUDIES FOR TEACHERS',134),(2929,'COMP1_0',NULL,1,1,'COMP1_0','COMPUTER STUDIES I',134),(2930,'COMP2_0',NULL,1,2,'COMP2_0','COMPUTER STUDIES II',134),(2931,'COL4106',NULL,0,4,'COL4106','CONFLICT OF LAWS',134),(2932,'BOT4107',NULL,0,1,'BOT4107','CONSERVATION BIOLOGY',134),(2933,'BSP3206',NULL,0,3,'BSP3206','CONSERVATION BIOLOGY 3206',134),(2934,'ZOO4204',NULL,0,1,'ZOO4204','CONSERVATION ECOLOGY',134),(2935,'CLP4204',NULL,0,4,'CLP4204','CONSTITUTION LITIGATION',134),(2936,'CIT1203',NULL,0,1,'CIT1203','CONSTITUTIONAL LAW',134),(2937,'CIT4104',NULL,0,4,'CIT4104','CONSTITUTIONAL LAW (HUMAN RIGHTS)',134),(2938,'COAC3_0',NULL,1,3,'COAC3_0','CONSTRUCTION ACCOUNTING III',134),(2939,'CMAN1_0',NULL,1,1,'CMAN1_0','CONSTRUCTION MANAGEMENT I',134),(2940,'CMAN1E0',NULL,1,1,'CMAN1E0','CONSTRUCTION MANAGEMENT I (Extended)',134),(2941,'CMAN2_0',NULL,1,2,'CMAN2_0','CONSTRUCTION MANAGEMENT II',134),(2942,'CMAN3_0',NULL,1,3,'CMAN3_0','CONSTRUCTION MANAGEMENT III',134),(2943,'ECNS1_0',NULL,1,1,'ECNS1_0','CONSTRUCTION MATERIALS',134),(2944,'CCO1110',NULL,1,1,'CCO1110','CONSTRUCTION MATERIALS I',134),(2945,'CCO1113',NULL,0,1,'CCO1113','CONSTRUCTION MATERIALS I',134),(2946,'CONS1_0',NULL,0,1,'CONS1_0','CONSTRUCTION MATERIALS I',134),(2947,'CCO1114',NULL,0,1,'CCO1114','CONSTRUCTION MATERIALS I',134),(2948,'CCB1210',NULL,1,1,'CCB1210','CONSTRUCTION METHODS I',134),(2949,'CCB1213',NULL,0,1,'CCB1213','CONSTRUCTION METHODS I',134),(2950,'CCB1214',NULL,0,1,'CCB1214','CONSTRUCTION METHODS I',134),(2951,'CONB1_0',NULL,0,1,'CONB1_0','CONSTRUCTION METHODS I',134),(2952,'ECNB1_0',NULL,1,2,'ECNB1_0','CONSTRUCTION METHODS I',134),(2953,'COTE1_0',NULL,1,1,'COTE1_0','CONSTRUCTION TECHNOLOGY I',134),(2954,'COTE1E0',NULL,1,1,'COTE1E0','CONSTRUCTION TECHNOLOGY I (Extended)',134),(2955,'COTE2_0',NULL,1,2,'COTE2_0','CONSTRUCTION TECHNOLOGY II',134),(2956,'COTE3_0',NULL,1,3,'COTE3_0','CONSTRUCTION TECHNOLOGY III',134),(2957,'IPY3213',NULL,0,2,'IPY3213','CONSUMER & ORGANISATIONAL BEHAVIOUR',134),(2958,'IPY3102',NULL,0,3,'IPY3102','CONSUMER BEHAVIOUR',134),(2959,'CON1110',NULL,1,2,'CON1110','CONSUMER BEHAVIOUR I',134),(2960,'CON1113',NULL,0,3,'CON1113','CONSUMER BEHAVIOUR I',134),(2961,'CPL4122',NULL,0,4,'CPL4122','CONSUMER PROTECTION LAW',134),(2962,'EDU2051',NULL,1,2,'EDU2051','CONSUMER STUDIES',134),(2963,'EDI3051',NULL,1,3,'EDI3051','CONSUMER STUDIES II',134),(2964,'SOC4001',NULL,1,1,'SOC4001','CONTEMPORARY AND POST-MODERN SOCIAL THEORIES',134),(2965,'POL2201',NULL,0,2,'POL2201','CONTEMPORARY DEVELOPMENT ISSUES',134),(2966,'CIH4102',NULL,1,1,'CIH4102','CONTEMPORARY ISSUES IN HEALTH PROMOTION',134),(2967,'COSB2_0',NULL,0,3,'COSB2_0','CONTROL SYSTEMS II',134),(2968,'ECS2113',NULL,0,3,'ECS2113','CONTROL SYSTEMS II',134),(2969,'ECS2114',NULL,0,3,'ECS2114','CONTROL SYSTEMS II',134),(2970,'COF1110',NULL,1,1,'COF1110','CONVERSATIONAL FRENCH',134),(2971,'COG1110',NULL,1,1,'COG1110','CONVERSATIONAL GERMAN',134),(2972,'CNV4122',NULL,0,4,'CNV4122','CONVEYANCING',134),(2973,'COP_EDB',NULL,0,2,'COP_EDB','CO-OPERATIVE EDUCATION (MODULE B)',134),(2974,'COP_EDC',NULL,1,3,'COP_EDC','CO-OPERATIVE EDUCATION (MODULE C)',134),(2975,'COPB113',NULL,0,3,'COPB113','CO-OPERATIVE EDUCATION (TOURISM)',134),(2976,'COPC113',NULL,0,3,'COPC113','CO-OPERATIVE EDUCATION (TOURISM)',134),(2977,'EDU2205',NULL,0,2,'EDU2205','CORAL TECHNIQUE TWO',134),(2978,'CPPR2_0',NULL,0,1,'CPPR2_0','CORPORATE PROCEDURES',134),(2979,'COP2001',NULL,0,3,'COP2001','CORPORATE PROCEDURES II',134),(2980,'CAE1001',NULL,0,1,'CAE1001','COST ACCOUNTING EXPOSURE',134),(2981,'COSE0_0',NULL,0,1,'COSE0_0','COST ACCOUNTING EXPOSURE',134),(2982,'COSA1_0',NULL,0,1,'COSA1_0','COST ACCOUNTING I',134),(2983,'CAC1012',NULL,0,1,'CAC1012','COST ACCOUNTING I',134),(2984,'CAC2011',NULL,0,2,'CAC2011','COST ACCOUNTING II - MODULE I',134),(2985,'CAC2022',NULL,0,2,'CAC2022','COST ACCOUNTING II - MODULE II',134),(2986,'COSA2_0',NULL,0,2,'COSA2_0','COST ACCOUNTING II(MODULE 1)',134),(2987,'COSG2_0',NULL,0,2,'COSG2_0','COST ACCOUNTING II(MODULE 2)',134),(2988,'CMAC3_0',NULL,0,1,'CMAC3_0','COST AND MANAGEMENT ACCOUNTING III(MODULE I)',134),(2989,'ECO3215',NULL,0,3,'ECO3215','COST BENEFIT ANALYSIS 3215',134),(2990,'BSY4108',NULL,0,4,'BSY4108','COUNSELLING PSYCHOLOGY',134),(2991,'PSY4008',NULL,1,1,'PSY4008','COUNSELLING PSYCHOLOGY',134),(2992,'BSY3105',NULL,0,3,'BSY3105','COUNSELLING PSYCHOLOGY II',134),(2993,'EDU2204',NULL,0,2,'EDU2204','COUNTERPOINT',134),(2994,'CRTD1_0',NULL,1,1,'CRTD1_0','CREATIVE DESIGN I',134),(2995,'CRTD2_0',NULL,1,2,'CRTD2_0','CREATIVE DESIGN II',134),(2996,'CRTD3_0',NULL,1,3,'CRTD3_0','CREATIVE DESIGN III',134),(2997,'ELS2202',NULL,0,2,'ELS2202','CREATIVE WRITING: AN INTRODUCTION',134),(2998,'ELS2209',NULL,0,2,'ELS2209','CREATIVE WRITING: AN INTRODUCTION',134),(2999,'CRC1000',NULL,1,1,'CRC1000','CREDIT CONTROL I',134),(3000,'CEV4204',NULL,0,1,'CEV4204','CRIME PREVENTION',134),(3001,'CRY2106',NULL,0,2,'CRY2106','CRIME PREVENTION AND COMMUNITY POLICING',134),(3002,'CRY2205',NULL,0,2,'CRY2205','CRIMES OF VIOLENCE',134),(3003,'CRY2202',NULL,0,2,'CRY2202','CRIMINAL JUSTICE MANAGEMENT',134),(3004,'CLA1101',NULL,0,1,'CLA1101','CRIMINAL LAW A',134),(3005,'CLA2101',NULL,0,2,'CLA2101','CRIMINAL LAW A',134),(3006,'CLA1201',NULL,0,1,'CLA1201','CRIMINAL LAW B',134),(3007,'CLA2207',NULL,0,2,'CLA2207','CRIMINAL LAW B',134),(3008,'CRIMP10',NULL,1,3,'CRIMP10','CRIMINAL PROCEDURE',134),(3009,'CPA3102',NULL,0,1,'CPA3102','CRIMINAL PROCEDURE A',134),(3010,'CPA3201',NULL,0,3,'CPA3201','CRIMINAL PROCEDURE B',134),(3011,'ELS1106',NULL,0,1,'ELS1106','CRITICAL READING',134),(3012,'SOC3111',NULL,0,3,'SOC3111','\"CRITICAL, MODERNISATION-POST MODERNISM AND GL\"',134),(3013,'SOW3020',NULL,0,3,'SOW3020','\"CRITICAL, MODERNISATION-POST MODERNISM AND GL\"',134),(3014,'PMP2104',NULL,0,2,'PMP2104','CROP PESTS OF SOUTHERN AFRICA 2104',134),(3015,'CUS31T3',NULL,0,3,'CUS31T3','CULINARY STUDIES AND NUTRITION III (THEORY)',134),(3016,'CUS11P0',NULL,1,1,'CUS11P0','CULINARY STUDIES:  PRACTICAL I',134),(3017,'CUS21P3',NULL,0,2,'CUS21P3','CULINARY STUDIES:  PRACTICAL II',134),(3018,'CUS21P4',NULL,0,2,'CUS21P4','CULINARY STUDIES:  PRACTICAL II',134),(3019,'CUS11T0',NULL,1,1,'CUS11T0','CULINARY STUDIES:  THEORY I',134),(3020,'CUS21T3',NULL,0,2,'CUS21T3','CULINARY STUDIES:  THEORY II',134),(3021,'CUS21T4',NULL,0,2,'CUS21T4','CULINARY STUDIES:  THEORY II',134),(3022,'TTP2G10',NULL,1,2,'TTP2G10','CULTURAL TOURISM II',134),(3023,'CCC5009',NULL,1,1,'CCC5009','CULTURE AND COMMUNITY',134),(3024,'EDU5204',NULL,0,1,'EDU5204','CURRICULUM AND GENDER STUDIES',134),(3025,'EDU6210',NULL,0,1,'EDU6210','CURRICULUM DESIGN AND DEVELOPMENT (9A)',134),(3026,'EDU5109',NULL,0,1,'EDU5109','CURRICULUM DESIGN AND ORGANISATION',134),(3027,'EDU5206',NULL,0,1,'EDU5206','CURRICULUM EVALUATION AND RESEARCH',134),(3028,'EDM3047',NULL,1,3,'EDM3047','CURRICULUM STUDIES : CIVIL  TECHNOLOGY',134),(3029,'EDI3021',NULL,1,3,'EDI3021','CURRICULUM STUDIES : TEXTILES & CLOTHING',134),(3030,'EDU4011',NULL,1,4,'EDU4011','CURRICULUM STUDIES :AFRIKAANS',134),(3031,'EDU4013',NULL,1,3,'EDU4013','CURRICULUM STUDIES :ENGLISH',134),(3032,'EDU4006',NULL,1,4,'EDU4006','CURRICULUM STUDIES :HISTORY',134),(3033,'EDU4009',NULL,1,4,'EDU4009','CURRICULUM STUDIES :PHYSICAL SCIENCE',134),(3034,'EDU4010',NULL,1,3,'EDU4010','CURRICULUM STUDIES :XHOSA',134),(3035,'EDU4008',NULL,1,4,'EDU4008','CURRICULUM STUDIES BIOLOGY',134),(3036,'EDU4020',NULL,1,4,'EDU4020','CURRICULUM STUDIES BUSINESS STUDIES',134),(3037,'EDU4061',NULL,1,1,'EDU4061','CURRICULUM STUDIES COMPUTER APPLICATIONS TECH',134),(3038,'EDU4042',NULL,1,1,'EDU4042','CURRICULUM STUDIES CONSUMER STUDIES',134),(3039,'EDU4017',NULL,1,4,'EDU4017','CURRICULUM STUDIES ECONOMICS',134),(3040,'EDU4007',NULL,1,3,'EDU4007','CURRICULUM STUDIES GEOGRAPHY',134),(3041,'EDU4047',NULL,1,4,'EDU4047','CURRICULUM STUDIES IN MUSIC',134),(3042,'EDU4014',NULL,1,4,'EDU4014','CURRICULUM STUDIES REL STUD & BIB STUDIES',134),(3043,'EDI3014',NULL,1,3,'EDI3014','CURRICULUM STUDIES: ACCOUNTING',134),(3044,'EDU4015',NULL,1,4,'EDU4015','CURRICULUM STUDIES: ACCOUNTING',134),(3045,'CACA3_0',NULL,1,4,'CACA3_0','CURRICULUM STUDIES: ACCOUNTING III',134),(3046,'CBIO3_0',NULL,1,4,'CBIO3_0','CURRICULUM STUDIES: BIOLOGY III',134),(3047,'CBED2_0',NULL,1,3,'CBED2_0','CURRICULUM STUDIES: BUSINESS MANAGEMENT II',134),(3048,'CBED3_0',NULL,1,4,'CBED3_0','CURRICULUM STUDIES: BUSINESS MANAGEMENT III',134),(3049,'EDI3016',NULL,1,3,'EDI3016','CURRICULUM STUDIES: BUSINESS STUDIES',134),(3050,'EDI3019',NULL,1,3,'EDI3019','CURRICULUM STUDIES: CONSUMER STUDIES',134),(3051,'CHEC3_0',NULL,1,4,'CHEC3_0','CURRICULUM STUDIES: CONSUMER STUDIES III',134),(3052,'EDI3015',NULL,1,3,'EDI3015','CURRICULUM STUDIES: ECONOMICS',134),(3053,'EDI3010',NULL,1,3,'EDI3010','CURRICULUM STUDIES: ENGLISH',134),(3054,'EDI3002',NULL,1,3,'EDI3002','CURRICULUM STUDIES: GEOGRAPHY',134),(3055,'CGRP1_0',NULL,1,2,'CGRP1_0','CURRICULUM STUDIES: GRAPHICS I',134),(3056,'CGRP2_0',NULL,1,3,'CGRP2_0','CURRICULUM STUDIES: GRAPHICS II',134),(3057,'CGRP3_0',NULL,1,4,'CGRP3_0','CURRICULUM STUDIES: GRAPHICS III',134),(3058,'EDI3003',NULL,1,3,'EDI3003','CURRICULUM STUDIES: HISTORY',134),(3059,'EDI3022',NULL,1,3,'EDI3022','CURRICULUM STUDIES: HOSPITALITY STUDIES',134),(3060,'EDI3008',NULL,1,3,'EDI3008','CURRICULUM STUDIES: ISIXHOSA',134),(3061,'EDM3005',NULL,1,3,'EDM3005','CURRICULUM STUDIES: LIFE SCIENCES',134),(3062,'EDM3004',NULL,1,3,'EDM3004','CURRICULUM STUDIES: MATHEMATICS',134),(3063,'EDU4018',NULL,1,4,'EDU4018','CURRICULUM STUDIES: MATHEMATICS',134),(3064,'CMTA3_0',NULL,1,4,'CMTA3_0','CURRICULUM STUDIES: MATHEMATICS III',134),(3065,'EDI3017',NULL,1,3,'EDI3017','CURRICULUM STUDIES: MUSIC',134),(3066,'EDM3006',NULL,1,3,'EDM3006','CURRICULUM STUDIES: PHYSICAL SCIENCE',134),(3067,'CPHY1_0',NULL,1,1,'CPHY1_0','CURRICULUM STUDIES: PHYSICAL SCIENCE I',134),(3068,'CPHY2_0',NULL,1,3,'CPHY2_0','CURRICULUM STUDIES: PHYSICAL SCIENCE II',134),(3069,'CPHY3_0',NULL,0,4,'CPHY3_0','CURRICULUM STUDIES: PHYSICAL SCIENCE III',134),(3070,'EDI3009',NULL,1,3,'EDI3009','CURRICULUM STUDIES: SESOTHO',134),(3071,'CTCH2_0',NULL,1,3,'CTCH2_0','CURRICULUM STUDIES: TECHNOLOGY II',134),(3072,'CTCH3_0',NULL,1,4,'CTCH3_0','CURRICULUM STUDIES: TECHNOLOGY III',134),(3073,'CACA1_0',NULL,1,2,'CACA1_0','CURRICULUM STUDIES:ACCOUNTING I',134),(3074,'CACA2_0',NULL,1,3,'CACA2_0','CURRICULUM STUDIES:ACCOUNTING II',134),(3075,'CBED1_0',NULL,1,2,'CBED1_0','CURRICULUM STUDIES:BUSINESS MANAGEMENT I',134),(3076,'EDM3018',NULL,1,3,'EDM3018','CURRICULUM STUDIES:COMPUTER APPLICATIONS TECH',134),(3077,'CTYT1_0',NULL,1,2,'CTYT1_0','CURRICULUM STUDIES:COMPUTER TYPING I',134),(3078,'CTYT3_0',NULL,1,4,'CTYT3_0','CURRICULUM STUDIES:COMPUTER TYPING III',134),(3079,'CECE1_0',NULL,1,2,'CECE1_0','CURRICULUM STUDIES:ECONOMICS I',134),(3080,'CECE2_0',NULL,1,3,'CECE2_0','CURRICULUM STUDIES:ECONOMICS II',134),(3081,'CECE3_0',NULL,0,4,'CECE3_0','CURRICULUM STUDIES:ECONOMICS III',134),(3082,'EDM3050',NULL,1,3,'EDM3050','CURRICULUM STUDIES:ENGINEERING GRAPHIC&DESIGN',134),(3083,'CETP2_0',NULL,1,3,'CETP2_0','CURRICULUM STUDIES:ENTREPRENEURSHIP II',134),(3084,'CETP3_0',NULL,0,4,'CETP3_0','CURRICULUM STUDIES:ENTREPRENEURSHIP III',134),(3085,'CHKC3_0',NULL,0,4,'CHKC3_0','CURRICULUM STUDIES:HOTELKEEPING &CATERING III',134),(3086,'EDM3023',NULL,1,3,'EDM3023','CURRICULUM STUDIES:MATHEMATICAL LITERACY',134),(3087,'CMTA1_0',NULL,1,2,'CMTA1_0','CURRICULUM STUDIES:MATHEMATICS I',134),(3088,'CMTA2_0',NULL,1,3,'CMTA2_0','CURRICULUM STUDIES:MATHEMATICS II',134),(3089,'CNEC3_0',NULL,0,4,'CNEC3_0','CURRICULUM STUDIES:NEEDLEWORK & CLOTHING III',134),(3090,'CTYT2_0',NULL,1,3,'CTYT2_0','CURRICULUM STUDIES:TYPING II',134),(3091,'EDU5104',NULL,0,1,'EDU5104','CURRICULUM THEORY AND DEVELOPMENT',134),(3092,'CSI2102',NULL,0,2,'CSI2102','DATA COMMUNICATION',134),(3093,'CSI2202',NULL,0,2,'CSI2202','DATA STRUCTURES C++',134),(3094,'CSI3201',NULL,0,3,'CSI3201','DATABASE MANAGEMENT SYSTEMS',134),(3095,'DATB4_0',NULL,0,1,'DATB4_0','DATABASE SYSTEMS IV',134),(3096,'POP4003',NULL,1,1,'POP4003','DEMOGRAPHIC AND POPULATION STUDIES ISSUES',134),(3097,'DPRO3_0',NULL,0,3,'DPRO3_0','DESIGN PROJECT III',134),(3098,'EDP3113',NULL,0,3,'EDP3113','DESIGN PROJECT III',134),(3099,'EDP3114',NULL,0,3,'EDP3114','DESIGN PROJECT III',134),(3100,'TTP1A10',NULL,1,1,'TTP1A10','DESTINATIONS',134),(3101,'TTP2A10',NULL,1,2,'TTP2A10','DESTINATIONS II',134),(3102,'TTP3A10',NULL,1,3,'TTP3A10','DESTINATIONS III',134),(3103,'PSY1213',NULL,0,1,'PSY1213','DETERMINANTS OF HUMAN BEHAVIOUR',134),(3104,'SOW1103',NULL,0,1,'SOW1103','DEV OF SOC WORK AND SOC WELFARE IN SA',134),(3105,'NDLS1_0',NULL,1,2,'NDLS1_0','DEVELOPING LIFE SKILLS LEARNING PROGRAMME I',134),(3106,'NDLS2_0',NULL,1,3,'NDLS2_0','DEVELOPING LIFE SKILLS LEARNING PROGRAMME II',134),(3107,'NDLL1_0',NULL,1,2,'NDLL1_0','DEVELOPING LITERACY LEARNING PROGRAMME I',134),(3108,'NDLL2_0',NULL,1,3,'NDLL2_0','DEVELOPING LITERACY LEARNING PROGRAMME II',134),(3109,'NPNL1_0',NULL,1,2,'NPNL1_0','DEVELOPING NUMERACY LEARNING PROGRAMME I',134),(3110,'NPNL2_0',NULL,1,3,'NPNL2_0','DEVELOPING NUMERACY LEARNING PROGRAMME II',134),(3111,'GEO4009',NULL,1,1,'GEO4009','DEVELOPMENT',134),(3112,'ECO2204',NULL,0,2,'ECO2204','DEVELOPMENT ECONOMICS 2204',134),(3113,'DEV1120',NULL,1,1,'DEV1120','DEVELOPMENT SOFTWARE I',134),(3114,'DEVS1_0',NULL,1,1,'DEVS1_0','DEVELOPMENT SOFTWARE I',134),(3115,'DEV12E0',NULL,1,2,'DEV12E0','DEVELOPMENT SOFTWARE I',134),(3116,'EDEV120',NULL,1,2,'EDEV120','DEVELOPMENT SOFTWARE I',134),(3117,'DEV2130',NULL,1,2,'DEV2130','DEVELOPMENT SOFTWARE II',134),(3118,'DEVS2_0',NULL,1,2,'DEVS2_0','DEVELOPMENT SOFTWARE II',134),(3119,'DEV3130',NULL,1,3,'DEV3130','DEVELOPMENT SOFTWARE III',134),(3120,'DEVS3_0',NULL,1,3,'DEVS3_0','DEVELOPMENT SOFTWARE III',134),(3121,'DEVS4_0',NULL,0,1,'DEVS4_0','DEVELOPMENT SOFTWARE IV',134),(3122,'EDU1108',NULL,0,1,'EDU1108','DEVELOPMENT STUDIES',134),(3123,'PSY4103',NULL,0,1,'PSY4103','DEVELOPMENTAL PSYCHOLOGY',134),(3124,'SOW3212',NULL,0,3,'SOW3212','Developmental Social Work :Poverty Reduction',134),(3125,'AFR2102',NULL,0,3,'AFR2102','DIACHRONIESE TAALKUNDE EN SEMANTIEK',134),(3126,'CDM4004',NULL,1,1,'CDM4004','DIAGNOSTIC MOLECULAR BIOLOGY AND NEOPLASIAS',134),(3127,'EDC2113',NULL,0,3,'EDC2113','DIGITAL COMMUNICATION II',134),(3128,'EDC2114',NULL,0,3,'EDC2114','DIGITAL COMMUNICATION II',134),(3129,'DGIC2_0',NULL,0,3,'DGIC2_0','DIGITAL COMMUNICATIONS II',134),(3130,'EDS1110',NULL,1,1,'EDS1110','DIGITAL SYSTEMS I',134),(3131,'ESYS1_0',NULL,1,1,'ESYS1_0','DIGITAL SYSTEMS I',134),(3132,'DSYS1_0',NULL,0,1,'DSYS1_0','DIGITAL SYSTEMS I',134),(3133,'EDS1113',NULL,0,1,'EDS1113','DIGITAL SYSTEMS I',134),(3134,'EDS1114',NULL,0,1,'EDS1114','DIGITAL SYSTEMS I',134),(3135,'DSYS2_0',NULL,0,1,'DSYS2_0','DIGITAL SYSTEMS II',134),(3136,'EDS2113',NULL,0,1,'EDS2113','DIGITAL SYSTEMS II',134),(3137,'EDS2114',NULL,0,1,'EDS2114','DIGITAL SYSTEMS II',134),(3138,'DSYS3_0',NULL,0,2,'DSYS3_0','DIGITAL SYSTEMS III',134),(3139,'EDS3113',NULL,0,2,'EDS3113','DIGITAL SYSTEMS III',134),(3140,'EDS3114',NULL,0,2,'EDS3114','DIGITAL SYSTEMS III',134),(3141,'PAD4106',NULL,0,1,'PAD4106','DISASTER & RISK MGT 4106',134),(3142,'BCH5001',NULL,1,1,'BCH5001','DISCUSSIONS & SEMINARS IN BIOCHEMISTRY',134),(3143,'MMM5001',NULL,1,1,'MMM5001','DISCUSSIONS AND SEMINARS',134),(3144,'DIS5001',NULL,1,1,'DIS5001','DISEASE CONTROL',134),(3145,'AGU3003',NULL,1,3,'AGU3003','DISORDERS OF ALIMENTARY SYSTEM & OF GENITOURI',134),(3146,'GCR3002',NULL,1,3,'GCR3002','\"DISORDERS OF GROWTH, CARDIO-VASCULAR & RESPIR\"',134),(3147,'DSP3008',NULL,1,3,'DSP3008','DISPENSING',134),(3148,'DIS4110',NULL,1,4,'DIS4110','DISSERTATION',134),(3149,'SOW4003',NULL,1,4,'SOW4003','DISSERTATION',134),(3150,'EDU5001',NULL,1,1,'EDU5001','DISSERTATION',134),(3151,'PHE4070',NULL,1,1,'PHE4070','DISSERTATION',134),(3152,'POP4005',NULL,1,1,'POP4005','DISSERTATION',134),(3153,'SOC4005',NULL,1,1,'SOC4005','DISSERTATION',134),(3154,'ANT4203',NULL,0,1,'ANT4203','DISSERTATION',134),(3155,'EDU6001',NULL,1,1,'EDU6001','DISSERTATION',134),(3156,'ELS5005',NULL,1,1,'ELS5005','DISSERTATION',134),(3157,'MAT5000',NULL,1,1,'MAT5000','DISSERTATION',134),(3158,'SOW5008',NULL,1,1,'SOW5008','DISSERTATION (MSW)',134),(3159,'MCR5000',NULL,1,1,'MCR5000','DISSERTATION : MASTERS IN CRIMINOLOGY',134),(3160,'GDS4003',NULL,1,1,'GDS4003','DISSERTATION PAPER 3',134),(3161,'IPY5000',NULL,1,1,'IPY5000','DISSERTATION: MASTERS INDUSTRIAL PSYCHOLOGY',134),(3162,'PSY5000',NULL,1,1,'PSY5000','DISSERTATION: MASTERS PSYCHOLOGY',134),(3163,'DISY2_0',NULL,1,2,'DISY2_0','DISTRIBUTED SYSTEMS II',134),(3164,'EDU7001',NULL,1,1,'EDU7001','DOCTOR OF EDUCATION DISSERTATION',134),(3165,'DPR5002',NULL,1,1,'DPR5002','DOCTOR-PATIENT RELATIONSHIP',134),(3166,'CDO3413',NULL,0,3,'CDO3413','DOCUMENTATION III',134),(3167,'CDO3414',NULL,0,3,'CDO3414','DOCUMENTATION III',134),(3168,'DOCU3_0',NULL,0,3,'DOCU3_0','DOCUMENTATION III',134),(3169,'CDR1110',NULL,1,1,'CDR1110','DRAWING I',134),(3170,'EWNG1_0',NULL,1,1,'EWNG1_0','DRAWING I',134),(3171,'CDR1113',NULL,0,1,'CDR1113','DRAWING I',134),(3172,'DWNG1_0',NULL,0,1,'DWNG1_0','DRAWING I',134),(3173,'CDR1114',NULL,0,1,'CDR1114','DRAWING I',134),(3174,'CDR2210',NULL,1,1,'CDR2210','DRAWING II',134),(3175,'CDR2213',NULL,0,1,'CDR2213','DRAWING II',134),(3176,'CDR2214',NULL,0,1,'CDR2214','DRAWING II',134),(3177,'DWNG2_0',NULL,0,1,'DWNG2_0','DRAWING II',134),(3178,'EWNG2_0',NULL,1,2,'EWNG2_0','DRAWING II',134),(3179,'FASI1_0',NULL,1,1,'FASI1_0','DRAWING/ILLUSTRATION I',134),(3180,'FASI2_0',NULL,1,2,'FASI2_0','DRAWING/ILLUSTRATION II',134),(3181,'FASI3_0',NULL,1,3,'FASI3_0','DRAWING/ILLUSTRATION III',134),(3182,'DRAW110',NULL,1,1,'DRAW110','DRAWING: FINE ART I',134),(3183,'DRAW210',NULL,1,2,'DRAW210','DRAWING: FINE ART II',134),(3184,'DRAW310',NULL,1,3,'DRAW310','DRAWING: FINE ART III',134),(3185,'DRAP410',NULL,1,4,'DRAP410','DRAWING: FINE ART IV',134),(3186,'ZOO4102',NULL,0,1,'ZOO4102','ECO PHYSIOLOGY',134),(3187,'BOT4102',NULL,0,1,'BOT4102','ECOLOGY',134),(3188,'BSP2102',NULL,0,2,'BSP2102','ECOLOGY 2102',134),(3189,'ECM1110',NULL,1,3,'ECM1110','ECOMMERCE I',134),(3190,'EDU3079',NULL,1,3,'EDU3079','ECON AND MAN SCIENCES METHOD',134),(3191,'ECO3105',NULL,0,3,'ECO3105','ECONOMETRICS 3105',134),(3192,'EDU2079',NULL,1,2,'EDU2079','ECONOMIC AND MANAGEMENT SCIENCES',134),(3193,'EDU3009',NULL,1,1,'EDU3009','ECONOMIC AND MANAGEMENT SCIENCES',134),(3194,'BSP3207',NULL,0,3,'BSP3207','ECONOMIC BIOLOGY 3207',134),(3195,'ECO3101',NULL,0,3,'ECO3101','ECONOMIC THEORY 3101',134),(3196,'ANT2202',NULL,0,2,'ANT2202','ECONOMIC/DEVELOPMENT ANTHROPOLOGY',134),(3197,'ANT3201',NULL,0,3,'ANT3201','ECONOMIC/DEVELOPMENT ANTHROPOLOGY',134),(3198,'ANT4202',NULL,0,1,'ANT4202','ECONOMIC/DEVELOPMENT ANTHROPOLOGY',134),(3199,'EMST1_0',NULL,1,1,'EMST1_0','ECONOMIC/MANAGEMENT SCIENCES TEACHING I',134),(3200,'EMST2_0',NULL,1,2,'EMST2_0','ECONOMIC/MANAGEMENT SCIENCES TEACHING II',134),(3201,'EMST3_0',NULL,1,3,'EMST3_0','ECONOMIC/MANAGEMENT SCIENCES TEACHING III',134),(3202,'EDU2040',NULL,1,1,'EDU2040','ECONOMICS',134),(3203,'EDI3040',NULL,1,3,'EDI3040','ECONOMICS',134),(3204,'ECN1120',NULL,1,2,'ECN1120','ECONOMICS I',134),(3205,'ECED1_0',NULL,1,1,'ECED1_0','ECONOMICS I(EDUCATION)',134),(3206,'ECNN1_0',NULL,0,1,'ECNN1_0','ECONOMICS I(MODULE 2)',134),(3207,'ECNO1_0',NULL,1,1,'ECNO1_0','ECONOMICS I(MODULE I)',134),(3208,'ECN2110',NULL,1,4,'ECN2110','ECONOMICS II',134),(3209,'ECED2_0',NULL,1,2,'ECED2_0','ECONOMICS II(EDUCATION)',134),(3210,'ECED3_0',NULL,1,3,'ECED3_0','ECONOMICS III(EDUCATION)',134),(3211,'ECO1011',NULL,0,1,'ECO1011','ECONOMICS I-MODULE I',134),(3212,'ECO1022',NULL,0,1,'ECO1022','ECONOMICS I-MODULE II',134),(3213,'EDIM310',NULL,1,4,'EDIM310','EDITORIAL MANAGEMENT III',134),(3214,'LIS5112',NULL,0,1,'LIS5112','EDUCATION FOR INFORMATION USE',134),(3215,'EDUC1_0',NULL,1,1,'EDUC1_0','EDUCATION I',134),(3216,'EDUC2_0',NULL,1,2,'EDUC2_0','EDUCATION II',134),(3217,'EDUC3_0',NULL,1,3,'EDUC3_0','EDUCATION III',134),(3218,'EDUC4_0',NULL,1,4,'EDUC4_0','EDUCATION IV',134),(3219,'EDU1083',NULL,1,1,'EDU1083','EDUCATION STUDIES: COMMUNICATION',134),(3220,'EDU3001',NULL,1,1,'EDU3001','EDUCATION STUDIES: COMMUNICATION',134),(3221,'EDU1084',NULL,1,1,'EDU1084','EDUCATION STUDIES: TEACHING AND LEARNING',134),(3222,'EDU3002',NULL,1,1,'EDU3002','EDUCATION STUDIES: TEACHING AND LEARNING',134),(3223,'EDTP4_0',NULL,1,4,'EDTP4_0','EDUCATION TEACHING PRACTICE IV',134),(3224,'EDU5207',NULL,0,1,'EDU5207','EDUCATIONAL ADMINISTRATION',134),(3225,'EDU6003',NULL,1,1,'EDU6003','EDUCATIONAL ADMINISTRATION',134),(3226,'EDU5107',NULL,0,1,'EDU5107','EDUCATIONAL GOVERNANCE',134),(3227,'EMNA4_0',NULL,1,1,'EMNA4_0','EDUCATIONAL MANAGEMENT IV',134),(3228,'EPSG1_0',NULL,1,1,'EPSG1_0','EDUCATIONAL POLICY & SCHOOL GOVERNANCE',134),(3229,'EDU5108',NULL,0,1,'EDU5108','EDUCATIONAL POLICY AND SCHOOL GOVERNANCE',134),(3230,'EDU5101',NULL,0,1,'EDU5101','EDUCATIONAL PSYCHOLOGY',134),(3231,'EDU1202',NULL,0,1,'EDU1202','EDUCATIONAL PSYCHOLOGY (EDU 1 P2)',134),(3232,'EDU2210',NULL,0,2,'EDU2210','EDUCATIONAL PSYCHOLOGY (EDU2 P2)',134),(3233,'EDU5209',NULL,0,1,'EDU5209','EDUCATIONAL RESOURCE MANAGEMENT',134),(3234,'NPDA1_0',NULL,1,1,'NPDA1_0','EDUCATIONAL STUDIES',134),(3235,'EDU2002',NULL,1,2,'EDU2002','EDUCATIONAL TECHNOLOGY',134),(3236,'EDU4002',NULL,1,4,'EDU4002','EDUCATIONAL TECHNOLOGY',134),(3237,'EDU1120',NULL,0,1,'EDU1120','EDUCATIONAL TECHNOLOGY',134),(3238,'APM2201',NULL,0,1,'APM2201','EIGEN VALUE PROBLEMS 202',134),(3239,'ELT5007',NULL,1,5,'ELT5007','ELECTIVES',134),(3240,'EDU2049',NULL,1,2,'EDU2049','ELECTRICAL  TECHNOLOGY I',134),(3241,'EDST3_0',NULL,0,3,'EDST3_0','ELECTRICAL DISTRIBUTION III',134),(3242,'EED3113',NULL,0,3,'EED3113','ELECTRICAL DISTRIBUTION III',134),(3243,'EED3114',NULL,0,3,'EED3114','ELECTRICAL DISTRIBUTION III',134),(3244,'ELC1110',NULL,1,1,'ELC1110','ELECTRICAL ENGINEERING I',134),(3245,'EENE1_0',NULL,0,1,'EENE1_0','ELECTRICAL ENGINEERING I',134),(3246,'ELC1113',NULL,0,1,'ELC1113','ELECTRICAL ENGINEERING I',134),(3247,'ELC1114',NULL,0,1,'ELC1114','ELECTRICAL ENGINEERING I',134),(3248,'EENE2_0',NULL,0,1,'EENE2_0','ELECTRICAL ENGINEERING II',134),(3249,'ELC2113',NULL,0,1,'ELC2113','ELECTRICAL ENGINEERING II',134),(3250,'ELC2114',NULL,0,1,'ELC2114','ELECTRICAL ENGINEERING II',134),(3251,'EENE3_0',NULL,0,2,'EENE3_0','ELECTRICAL ENGINEERING III',134),(3252,'ELC3113',NULL,0,2,'ELC3113','ELECTRICAL ENGINEERING III',134),(3253,'ELC3114',NULL,0,2,'ELC3114','ELECTRICAL ENGINEERING III',134),(3254,'EEPR114',NULL,0,2,'EEPR114','ELECTRICAL ENGINEERING PRACTICE',134),(3255,'EEPR1_0',NULL,0,2,'EEPR1_0','ELECTRICAL ENGINEERING PRACTICE I',134),(3256,'EEPR113',NULL,0,2,'EEPR113','ELECTRICAL ENGINEERING PRACTICE I',134),(3257,'EEPR213',NULL,0,3,'EEPR213','ELECTRICAL ENGINEERING PRACTICE II',134),(3258,'EEPR214',NULL,0,3,'EEPR214','ELECTRICAL ENGINEERING PRACTICE II',134),(3259,'EEPR2_0',NULL,0,3,'EEPR2_0','ELECTRICAL ENGINGEERING PRACTICE II',134),(3260,'EEM2113',NULL,0,2,'EEM2113','ELECTRICAL MACHINES II',134),(3261,'EMAC2_0',NULL,0,2,'EMAC2_0','ELECTRICAL MACHINES II',134),(3262,'EEM2114',NULL,0,2,'EEM2114','ELECTRICAL MACHINES II',134),(3263,'EEM3113',NULL,0,3,'EEM3113','ELECTRICAL MACHINES III',134),(3264,'EMAC3_0',NULL,0,3,'EMAC3_0','ELECTRICAL MACHINES III',134),(3265,'EEM3114',NULL,0,3,'EEM3114','ELECTRICAL MACHINES III',134),(3266,'EPR3113',NULL,0,3,'EPR3113','ELECTRICAL PROTECTION III',134),(3267,'EPRO3_0',NULL,0,3,'EPRO3_0','ELECTRICAL PROTECTION III',134),(3268,'EPR3114',NULL,0,3,'EPR3114','ELECTRICAL PROTECTION III',134),(3269,'CEA4002',NULL,1,1,'CEA4002','ELECTROLYTES',134),(3270,'PHY3101',NULL,0,3,'PHY3101','ELECTROMAGNETISM & QUANTUM MECHANICS',134),(3271,'EEA3113',NULL,0,3,'EEA3113','ELECTRONIC APPLICATIONS III',134),(3272,'EEA3114',NULL,0,3,'EEA3114','ELECTRONIC APPLICATIONS III',134),(3273,'EEC2113',NULL,0,2,'EEC2113','ELECTRONIC COMMUNICATION II',134),(3274,'EEC2114',NULL,0,2,'EEC2114','ELECTRONIC COMMUNICATION II',134),(3275,'ECOM2_0',NULL,0,2,'ECOM2_0','ELECTRONIC COMMUNNICATION II',134),(3276,'ELP2113',NULL,0,3,'ELP2113','ELECTRONIC ENGINEERING PRACTICE II',134),(3277,'ELP2114',NULL,0,3,'ELP2114','ELECTRONIC ENGINEERING PRACTICE II',134),(3278,'EEL1110',NULL,1,1,'EEL1110','ELECTRONICS I',134),(3279,'EELT1_0',NULL,1,1,'EELT1_0','ELECTRONICS I',134),(3280,'EEL1113',NULL,0,1,'EEL1113','ELECTRONICS I',134),(3281,'ETRO1_0',NULL,0,1,'ETRO1_0','ELECTRONICS I',134),(3282,'EEL1114',NULL,0,1,'EEL1114','ELECTRONICS I',134),(3283,'EEL2113',NULL,0,1,'EEL2113','ELECTRONICS II',134),(3284,'ETRO2_0',NULL,0,1,'ETRO2_0','ELECTRONICS II',134),(3285,'EEL2114',NULL,0,1,'EEL2114','ELECTRONICS II',134),(3286,'EEL3113',NULL,0,2,'EEL3113','ELECTRONICS III',134),(3287,'ETRA3_0',NULL,0,2,'ETRA3_0','ELECTRONICS III',134),(3288,'EEL3114',NULL,0,2,'EEL3114','ELECTRONICS III',134),(3289,'ELTC1_0',NULL,0,3,'ELTC1_0','ELECTROTECHNOLOGY I',134),(3290,'EDU4217',NULL,0,1,'EDU4217','ELEMENTS OF TECHNOLOGY EDUCATION(EDUC TECHN)',134),(3291,'ELS2105',NULL,0,2,'ELS2105','ELIZABETHAN DRAMA',134),(3292,'ELS2204',NULL,0,2,'ELS2204','ELIZABETHAN DRAMA',134),(3293,'EUCO1_0',NULL,1,1,'EUCO1_0','END USER COMPUTING',134),(3294,'END1009',NULL,1,1,'END1009','\"ENDOCRINE SYSTEM, SKIN AND RETICULO-ENDOTHELI\"',134),(3295,'END2009',NULL,1,2,'END2009','\"ENDOCRINE SYSTEM, SKIN AND RETICULO-ENDOTHELI\"',134),(3296,'CEC4005',NULL,1,1,'CEC4005','ENDOCRINOLOGY AND CENTRAL NERVOUS SYSTEM PATH',134),(3297,'EUC1100',NULL,1,1,'EUC1100','END-USER COMPUTING I',134),(3298,'EUC1110',NULL,1,1,'EUC1110','END-USER COMPUTING I',134),(3299,'MEDC4_0',NULL,0,4,'MEDC4_0','ENGINEERING DESIGN PROJECT IV',134),(3300,'EDU2050',NULL,1,2,'EDU2050','ENGINEERING GRAPHICS & DESIGN I',134),(3301,'EDM3027',NULL,1,3,'EDM3027','ENGINEERING GRAPHICS &DESIGN II',134),(3302,'EDU2027',NULL,1,2,'EDU2027','ENGINEERING GRAPHICS AND DESIGN',134),(3303,'ELS2102',NULL,0,2,'ELS2102','ENGLISH EXPOSITORY AND ARGUMENTATIVE WRITI',134),(3304,'ELS1105',NULL,0,1,'ELS1105','ENGLISH FOR ACADEMIC PURPOSES (EAP) I',134),(3305,'ELS1205',NULL,0,1,'ELS1205','ENGLISH FOR ACADEMIC PURSPOSES (EAP) II',134),(3306,'ELS3102',NULL,0,3,'ELS3102','ENGLISH FOR BUSINESS COMMUNICATION',134),(3307,'ELS3202',NULL,0,3,'ELS3202','ENGLISH FOR MASS COMMUNICATIONS',134),(3308,'ELS1201',NULL,0,1,'ELS1201','ENGLISH GRAMMAR & USAGE I',134),(3309,'ELS2201',NULL,0,2,'ELS2201','ENGLISH GRAMMAR AND USAGE II',134),(3310,'ENLM_1',NULL,0,1,'ENLM_1','ENGLISH MODULE I',134),(3311,'ELS1102',NULL,0,1,'ELS1102','ENGLISH NARRATIVE AND DESCRIPTIVE WRITING',134),(3312,'ELS3204',NULL,0,3,'ELS3204','ENGLISH ROMANTIC POETRY',134),(3313,'EDU4218',NULL,0,1,'EDU4218','ENRICHMENT MATHEMATICS',134),(3314,'ENSK1_0',NULL,0,1,'ENSK1_0','ENTREPRENEURIAL SKILLS I',134),(3315,'ENT1001',NULL,0,1,'ENT1001','ENTREPRENEURIAL SKILLS I',134),(3316,'ENT1002',NULL,0,1,'ENT1002','ENTREPRENEURIAL SKILLS I',134),(3317,'ENS1113',NULL,0,5,'ENS1113','ENTREPRENEURIAL SKILLS I',134),(3318,'EDU1270',NULL,0,1,'EDU1270','ENTREPRENEURSHIP EDUCATION',134),(3319,'EDU2270',NULL,0,2,'EDU2270','ENTREPRENEURSHIP EDUCATION',134),(3320,'ENTR1_0',NULL,1,2,'ENTR1_0','ENTREPRENEURSHIP I',134),(3321,'ENTR2_0',NULL,1,2,'ENTR2_0','ENTREPRENEURSHIP II',134),(3322,'ETRP2_0',NULL,1,2,'ETRP2_0','ENTREPRENEURSHIP II',134),(3323,'ETPR3_0',NULL,1,3,'ETPR3_0','ENTREPRENEURSHIP III',134),(3324,'GEO2203',NULL,0,2,'GEO2203','ENVIRONMENT AND DEVELOP 2203',134),(3325,'GEO2201',NULL,0,2,'GEO2201','ENVIRONMENT SURVEY TECHN 2201',134),(3326,'GEO2101',NULL,0,2,'GEO2101','ENVIRONMENT SURVEY TECHNIQUES 2101',134),(3327,'ECO2213',NULL,0,2,'ECO2213','ENVIRONMENTAL ECONOMICS',134),(3328,'ENL4222',NULL,0,2,'ENL4222','ENVIRONMENTAL LAW',134),(3329,'BMC3003',NULL,1,3,'BMC3003','ENZYMOLOGY',134),(3330,'EBR5101',NULL,1,1,'EBR5101','EPIDEMIOLOGY BIOSTATICS AND RESEARCH',134),(3331,'EBR4101',NULL,1,1,'EBR4101','EPIDEMIOLOGY BIOSTATICS RESEARCH',134),(3332,'EIF5008',NULL,1,1,'EIF5008','ETHICAL ISSUES',134),(3333,'ETC4202',NULL,0,4,'ETC4202','ETHICS',134),(3334,'PAD3205',NULL,0,3,'PAD3205','ETHICS IN PUBLIC ADMIN 3205',134),(3335,'BSY4105',NULL,0,4,'BSY4105','\"ETHICS, MANAGEMENT AND PROFESSIONALISM\"',134),(3336,'BOT4104',NULL,0,1,'BOT4104','ETHNOBOTANY',134),(3337,'ANT3102',NULL,0,3,'ANT3102','ETHNOGRAPHY ETHNICITY',134),(3338,'EDU1208',NULL,0,1,'EDU1208','ETHNOGRAPHY OF SA MUSIC & DANCE',134),(3339,'EDU3210',NULL,0,3,'EDU3210','ETHNOGRAPHY OF SOUTHERN & CTRL AFRICAN MUS',134),(3340,'EDU2213',NULL,0,2,'EDU2213','ETHNOGRAPHY OF SOUTHERN AND CENTRAL AFRICA',134),(3341,'ANT2102',NULL,0,2,'ANT2102','ETHNOGRAPHY OF TWO AFRICAN GROUPS (NON SOUTH)',134),(3342,'EDU2104',NULL,0,2,'EDU2104','ETHNOMUSICOLOGY THEORIES II',134),(3343,'EDU3124',NULL,0,3,'EDU3124','ETHNOMUSICOLOGY THEORIES III',134),(3344,'EDU1104',NULL,0,1,'EDU1104','ETHNOMUSICOLOGY THEORIES ONE',134),(3345,'EDU4120',NULL,0,1,'EDU4120','EUCLIDEAN AND ANALYTIC GEOMENTRY',134),(3346,'TTP3D10',NULL,1,3,'TTP3D10','EVENT MANAGEMENT',134),(3347,'TTP2F10',NULL,1,2,'TTP2F10','EVENT MANAGEMENT I MODULE',134),(3348,'EVS3113',NULL,0,3,'EVS3113','EVENTS MANAGEMENT III',134),(3349,'MAD4002',NULL,1,1,'MAD4002','EXECUTIVE MUNICIPAL MANAGEMENT',134),(3350,'ETBUI_0',NULL,1,2,'ETBUI_0','EXPERIENTIAL TRAINING (BUILDING)',134),(3351,'ETOMT_0',NULL,1,3,'ETOMT_0','EXPERIENTIAL TRAINING (OFFICE MANAGEMENT)',134),(3352,'BSP1216',NULL,0,1,'BSP1216','EXTENDED ANIMAL DIVERSITY',134),(3353,'BSP1115',NULL,0,1,'BSP1115','EXTENDED ANIMAL FORM AND FUNCTION',134),(3354,'BSP1111',NULL,0,1,'BSP1111','EXTENDED CELL BIOLOGY GENETICS I',134),(3355,'BSP1212',NULL,0,1,'BSP1212','EXTENDED CELL BIOLOGY GENETICS II',134),(3356,'EEEN1_0',NULL,1,1,'EEEN1_0','EXTENDED ELECTRICAL ENGINEERING I',134),(3357,'CHE1111',NULL,0,1,'CHE1111','EXTENDED GENERAL CHEMISTRY I',134),(3358,'CHE1113',NULL,0,1,'CHE1113','EXTENDED GENERAL CHEMISTRY II',134),(3359,'PHY1111',NULL,0,1,'PHY1111','EXTENDED GENERAL PHYSICS I',134),(3360,'PHY1212',NULL,0,1,'PHY1212','EXTENDED GENERAL PHYSICS II',134),(3361,'PHY1113',NULL,0,1,'PHY1113','EXTENDED GENERAL PHYSICS III',134),(3362,'PHY1214',NULL,0,1,'PHY1214','EXTENDED GENERAL PHYSICS IV',134),(3363,'CHE1212',NULL,0,1,'CHE1212','EXTENDED ORGANIC & PHYSICAL CHEMISTRY II',134),(3364,'CHE1214',NULL,0,1,'CHE1214','EXTENDED ORGANIC & PHYSICAL CHEMISTRY II',134),(3365,'BSP1214',NULL,0,1,'BSP1214','EXTENDED PLANT DIVERSITY',134),(3366,'BSP1113',NULL,0,1,'BSP1113','EXTENDED PLANT FORM AND FUNCTION',134),(3367,'EDU3098',NULL,1,3,'EDU3098','FACILITATION LEARNING IN THE FOUNDATION PHASE',134),(3368,'FML2201',NULL,0,2,'FML2201','FAMILY LAW',134),(3369,'FAE6006',NULL,1,1,'FAE6006','FAMILY MEDICINE (EFR)',134),(3370,'FME4001',NULL,1,4,'FME4001','FAMILY MEDICINE 4',134),(3371,'FME5001',NULL,1,5,'FME5001','FAMILY MEDICINE 5',134),(3372,'FOC5007',NULL,1,1,'FOC5007','FAMILY ORIENTED PRIMARY CARE',134),(3373,'SOW2102',NULL,0,2,'SOW2102','FAMILY THEORY',134),(3374,'GDS4004',NULL,1,1,'GDS4004','FEMINIST ETHICS PAPER 4',134),(3375,'SOW1001',NULL,1,1,'SOW1001','FIELD WORK',134),(3376,'SOW2002',NULL,1,2,'SOW2002','FIELD WORK',134),(3377,'SOW3003',NULL,1,3,'SOW3003','FIELD WORK',134),(3378,'SOW4004',NULL,1,4,'SOW4004','FIELD WORK',134),(3379,'ACC1000',NULL,1,1,'ACC1000','FINANCIAL ACCOUNTING 1',134),(3380,'ACC2000',NULL,1,2,'ACC2000','FINANCIAL ACCOUNTING 2',134),(3381,'ACC3000',NULL,1,3,'ACC3000','FINANCIAL ACCOUNTING 3',134),(3382,'FAA4001',NULL,0,4,'FAA4001','FINANCIAL ACCOUNTING ASPECTS IV',134),(3383,'FAC1120',NULL,1,1,'FAC1120','FINANCIAL ACCOUNTING I',134),(3384,'FACM1_0',NULL,1,1,'FACM1_0','FINANCIAL ACCOUNTING I',134),(3385,'FAC1011',NULL,1,1,'FAC1011','FINANCIAL ACCOUNTING I- MODULE I',134),(3386,'FAC1022',NULL,1,1,'FAC1022','FINANCIAL ACCOUNTING I- MODULE II',134),(3387,'FACC1_0',NULL,0,1,'FACC1_0','FINANCIAL ACCOUNTING I(MODULE 1)',134),(3388,'FACG1_0',NULL,0,1,'FACG1_0','FINANCIAL ACCOUNTING I(MODULE 2)',134),(3389,'FAC2011',NULL,0,2,'FAC2011','FINANCIAL ACCOUNTING II MODULE I',134),(3390,'FAC2022',NULL,0,2,'FAC2022','FINANCIAL ACCOUNTING II MODULE II',134),(3391,'FACC2_0',NULL,0,2,'FACC2_0','FINANCIAL ACCOUNTING II(MODULE I)',134),(3392,'FACG2_0',NULL,0,2,'FACG2_0','FINANCIAL ACCOUNTING II(MODULE II)',134),(3393,'FAC3011',NULL,0,1,'FAC3011','FINANCIAL ACCOUNTING III MODULE I',134),(3394,'FAC3022',NULL,0,1,'FAC3022','FINANCIAL ACCOUNTING III MODULE II',134),(3395,'FACC3_0',NULL,0,1,'FACC3_0','FINANCIAL ACCOUNTING III(MODULE I)',134),(3396,'FACC3_1',NULL,0,1,'FACC3_1','FINANCIAL ACCOUNTING III(MODULE I)',134),(3397,'FACC3_2',NULL,0,1,'FACC3_2','FINANCIAL ACCOUNTING III(MODULE II)',134),(3398,'FACG3_0',NULL,0,3,'FACG3_0','FINANCIAL ACCOUNTING III(MODULE II)',134),(3399,'FACC4_1',NULL,0,1,'FACC4_1','FINANCIAL ACCOUNTING IV (MODULE I)',134),(3400,'FACC4_2',NULL,0,1,'FACC4_2','FINANCIAL ACCOUNTING IV (MODULE II)',134),(3401,'FPM3113',NULL,0,3,'FPM3113','FINANCIAL AND PROCUREMENT MANAGEMENT III',134),(3402,'FAT1000',NULL,1,2,'FAT1000','FINANCIAL ASPECTS OF TRAINING',134),(3403,'FISY1_0',NULL,0,1,'FISY1_0','FINANCIAL INFORMATION SYSTEMS I(MODULE 1)',134),(3404,'FISS1_0',NULL,0,1,'FISS1_0','FINANCIAL INFORMATION SYSTEMS I(MODULE 2)',134),(3405,'FISY2_0',NULL,0,2,'FISY2_0','FINANCIAL INFORMATION SYSTEMS II',134),(3406,'FIS2022',NULL,0,2,'FIS2022','FINANCIAL INFORMATION SYSTEMS II -MODULE II',134),(3407,'FISS2_0',NULL,0,2,'FISS2_0','FINANCIAL INFORMATION SYSTEMS II(MODULE2)',134),(3408,'FISY3_0',NULL,1,3,'FISY3_0','FINANCIAL INFORMATION SYSTEMS III',134),(3409,'FIS3022',NULL,0,3,'FIS3022','FINANCIAL INFORMATION SYSTEMS III - madoleII',134),(3410,'FIS3011',NULL,0,3,'FIS3011','FINANCIAL INFORMATION SYSTEMS III - module I',134),(3411,'FISY3_1',NULL,0,1,'FISY3_1','FINANCIAL INFORMATION SYSTEMS III(MODULE 1)',134),(3412,'FISY3_2',NULL,0,1,'FISY3_2','FINANCIAL INFORMATION SYSTEMS III(MODULE 2)',134),(3413,'FIS2011',NULL,0,2,'FIS2011','FINANCIAL INFORMATION SYSTEMS II-MODULE I',134),(3414,'FIS1011',NULL,0,1,'FIS1011','FINANCIAL INFORMATION SYSTEMS I-MODULE I',134),(3415,'FIS1022',NULL,0,1,'FIS1022','FINANCIAL INFORMATION SYSTEMS I-MODULE II',134),(3416,'TTM2B10',NULL,1,2,'TTM2B10','FINANCIAL MANAGEMENT',134),(3417,'FIMH110',NULL,1,1,'FIMH110','FINANCIAL MANAGEMENT I',134),(3418,'FIMH213',NULL,0,2,'FIMH213','FINANCIAL MANAGEMENT II',134),(3419,'FIMH214',NULL,0,2,'FIMH214','FINANCIAL MANAGEMENT II',134),(3420,'FIM2011',NULL,0,2,'FIM2011','FINANCIAL MANAGEMENT II - MODULE I',134),(3421,'FIM2022',NULL,0,2,'FIM2022','FINANCIAL MANAGEMENT II - MODULE II',134),(3422,'FINM2_0',NULL,1,2,'FINM2_0','FINANCIAL MANAGEMENT II(MODULE I)',134),(3423,'FIMN2_0',NULL,0,2,'FIMN2_0','FINANCIAL MANAGEMENT II(MODULE II)',134),(3424,'FIMH313',NULL,0,3,'FIMH313','FINANCIAL MANAGEMENT III',134),(3425,'FIM3011',NULL,0,3,'FIM3011','FINANCIAL MANAGEMENT III - MODULE I',134),(3426,'FIM3022',NULL,0,3,'FIM3022','FINANCIAL MANAGEMENT III - MODULE II',134),(3427,'FINM3_0',NULL,1,3,'FINM3_0','FINANCIAL MANAGEMENT III(MODULE I)',134),(3428,'FIMN3_0',NULL,0,3,'FIMN3_0','FINANCIAL MANAGEMENT III(MODULE II)',134),(3429,'FIMM4_0',NULL,1,1,'FIMM4_0','FINANCIAL MANAGEMENT IV',134),(3430,'FIM4002',NULL,0,4,'FIM4002','FINANCIAL MANAGEMENT IV',134),(3431,'FIMA4_1',NULL,0,1,'FIMA4_1','FINANCIAL MANAGEMENT IV (MODULE 1)',134),(3432,'FIMA4_2',NULL,0,1,'FIMA4_2','FINANCIAL MANAGEMENT IV (MODULE 2)',134),(3433,'BMA3202',NULL,0,3,'BMA3202','FINANCIAL MGT 3202',134),(3434,'FINR4_1',NULL,0,1,'FINR4_1','FINANCIAL REPORTING IV (MODULE 1)',134),(3435,'FINR4_2',NULL,0,1,'FINR4_2','FINANCIAL REPORTING IV (MODULE 2)',134),(3436,'FMEC2_0',NULL,0,1,'FMEC2_0','FLUID MECHANICS II',134),(3437,'EFME2_0',NULL,1,2,'EFME2_0','FLUID MECHANICS II',134),(3438,'FMEC3_0',NULL,0,4,'FMEC3_0','FLUID MECHANICS III',134),(3439,'FMEA3_0',NULL,0,2,'FMEA3_0','FLUID MECHANICS IIIA',134),(3440,'FMEB3_0',NULL,0,3,'FMEB3_0','FLUID MECHANICS IIIB(HYDRAULIC MACHINE III)',134),(3441,'FMEC4_0',NULL,0,4,'FMEC4_0','FLUID MECHANICS IV',134),(3442,'FBS11P0',NULL,1,1,'FBS11P0','FOOD & BEVERAGE STUDIES I (PRACTICAL)',134),(3443,'FBS11T0',NULL,1,1,'FBS11T0','FOOD & BEVERAGE STUDIES I (THEORY)',134),(3444,'FBO2113',NULL,0,2,'FBO2113','FOOD AND BEVERAGE OPERATIONS II',134),(3445,'FBO2114',NULL,0,2,'FBO2114','FOOD AND BEVERAGE OPERATIONS II',134),(3446,'FBO3113',NULL,0,3,'FBO3113','FOOD AND BEVERAGE OPERATIONS III',134),(3447,'FBS21P3',NULL,0,2,'FBS21P3','FOOD AND BEVERAGE STUDIES II (PRACTICAL)',134),(3448,'FBS21P4',NULL,0,2,'FBS21P4','FOOD AND BEVERAGE STUDIES II (PRACTICAL)',134),(3449,'FBS21T3',NULL,0,2,'FBS21T3','FOOD AND BEVERAGE STUDIES II (THEORY)',134),(3450,'FBS21T4',NULL,0,2,'FBS21T4','FOOD AND BEVERAGE STUDIES II (THEORY)',134),(3451,'FBS31T3',NULL,0,3,'FBS31T3','FOOD AND BEVERAGE STUDIES III (THEORY)',134),(3452,'FOB1110',NULL,1,2,'FOB1110','FOOD AND BEVERAGES STUDIES I',134),(3453,'FFS1110',NULL,1,1,'FFS1110','FOOD AND FOOD SCIENCE I',134),(3454,'FFS2110',NULL,1,2,'FFS2110','FOOD AND FOOD SCIENCE II',134),(3455,'FFS3113',NULL,0,3,'FFS3113','FOOD AND FOOD SCIENCE III',134),(3456,'FONU2_0',NULL,1,2,'FONU2_0','FOOD AND NUTRITION II',134),(3457,'FONU3_0',NULL,1,3,'FONU3_0','FOOD AND NUTRITION III',134),(3458,'FOC2110',NULL,1,2,'FOC2110','FOOD COMMUNICATION II',134),(3459,'FOC3113',NULL,0,3,'FOC3113','FOOD COMMUNICATION III',134),(3460,'FMI1110',NULL,1,2,'FMI1110','FOOD MICROBIOLOGY I',134),(3461,'FOM1110',NULL,1,2,'FOM1110','FOOD MICROBIOLOGY I',134),(3462,'FEXPR13',NULL,0,3,'FEXPR13','FOOD: EXPERIENTIAL TRAINING',134),(3463,'FEXPR14',NULL,0,3,'FEXPR14','FOOD: EXPERIENTIAL TRAINING',134),(3464,'POL2202',NULL,0,2,'POL2202','FOREIGN POLICY ANALYSIS',134),(3465,'FRM3006',NULL,1,3,'FRM3006','FORENCIC MEDICINE 3',134),(3466,'FRM4008',NULL,1,4,'FRM4008','FORENSIC MEDICINE',134),(3467,'FOR4222',NULL,0,4,'FOR4222','FORENSIC MEDICINE',134),(3468,'PSY1101',NULL,0,2,'PSY1101','FOUNDATION OF MODERN PSYCHOLOGY',134),(3469,'EDU6204',NULL,0,1,'EDU6204','FOUNDATIONS OF EDUC RESEARCH (M EDEM)',134),(3470,'FFM5001',NULL,1,1,'FFM5001','FOUNDATIONS OF FAMILY MEDICINE',134),(3471,'EDU2110',NULL,0,2,'EDU2110','FOUNDATIONS OF MUSIC EDUCATION',134),(3472,'ZOO4203',NULL,0,1,'ZOO4203','FRESHWATER ECOLOGY',134),(3473,'MAT4103',NULL,1,1,'MAT4103','FUNCTIONAL ANALYSIS',134),(3474,'FUMA4_0',NULL,0,1,'FUMA4_0','FUNCTIONAL MANAGEMENT IV',134),(3475,'CRY2207',NULL,0,2,'CRY2207','FUNDAMENTAL PENOLOGY',134),(3476,'SOW2013',NULL,0,2,'SOW2013','FUNDAMENTAL PENOLOGY',134),(3477,'GEO1113',NULL,0,1,'GEO1113','FUNDAMENTALS OF ENVIRONMENT SURVEY TECHNIQUES',134),(3478,'GEO1111',NULL,0,1,'GEO1111','FUNDAMENTALS OF ENVIRONMENTAL TECHNIQUES',134),(3479,'IPY1214',NULL,0,1,'IPY1214','FUNDAMENTALS OF HR MANAGEMENT',134),(3480,'PSY1214',NULL,0,1,'PSY1214','FUNDAMENTALS OF HR MANAGEMENT',134),(3481,'GEO1214',NULL,0,1,'GEO1214','FUNDAMENTALS OF HUMAN ENVIRONMENT',134),(3482,'EDU1205',NULL,0,1,'EDU1205','FUNDAMENTALS OF MUSIC',134),(3483,'GEO1212',NULL,0,1,'GEO1212','FUNDAMENTALS OF PHYSICAL ENVIRONMENT',134),(3484,'FUR2114',NULL,0,2,'FUR2114','FUNDEMENTALS OF RESEARCH II',134),(3485,'GAL1113',NULL,0,2,'GAL1113','GALILEO',134),(3486,'GART1_0',NULL,1,1,'GART1_0','GARMENT TECHNOLOGY I',134),(3487,'GART2_0',NULL,1,2,'GART2_0','GARMENT TECHNOLOGY II',134),(3488,'GART3_0',NULL,1,3,'GART3_0','GARMENT TECHNOLOGY III',134),(3489,'GIT1005',NULL,1,1,'GIT1005','GASTRO-INTESTINAL SYSTEM',134),(3490,'GIT2005',NULL,1,2,'GIT2005','GASTRO-INTESTINAL SYSTEM',134),(3491,'GDS4011',NULL,1,1,'GDS4011','GENDER AND POLITICS PAPER 11',134),(3492,'GDS4009',NULL,1,1,'GDS4009','GENDER AND RURAL DEVELOPMENT PAPER 9',134),(3493,'GAL4122',NULL,0,4,'GAL4122','GENDER AND THE LAW',134),(3494,'POL2204',NULL,0,2,'POL2204','GENDER POLITICS AND DEVELOPMENT',134),(3495,'GDS4001',NULL,1,1,'GDS4001','GENDER THEORIES PAPER 1',134),(3496,'CHE1101',NULL,0,1,'CHE1101','GENERAL CHEMISTRY 101',134),(3497,'CHE1201',NULL,0,1,'CHE1201','GENERAL CHEMISTRY 102',134),(3498,'GDID1_0',NULL,1,1,'GDID1_0','GENERAL DIDACTICS I',134),(3499,'GDID3_0',NULL,1,3,'GDID3_0','GENERAL DIDACTICS III',134),(3500,'GDID4_0',NULL,1,4,'GDID4_0','GENERAL DIDACTICS IV',134),(3501,'NUN1201',NULL,0,1,'NUN1201','GENERAL NURSING SCIENCE',134),(3502,'NUN2201',NULL,0,2,'NUN2201','GENERAL NURSING SCIENCE',134),(3503,'NUN2101',NULL,0,2,'NUN2101','GENERAL NURSING SCIENCE II',134),(3504,'NUN3201',NULL,0,3,'NUN3201','GENERAL NURSING SCIENCE III',134),(3505,'PHY1101',NULL,0,1,'PHY1101','GENERAL PHYSICS  I',134),(3506,'PHY1202',NULL,0,1,'PHY1202','GENERAL PHYSICS II',134),(3507,'SUR4006',NULL,1,4,'SUR4006','GENERAL SURGERY',134),(3508,'SRG5001',NULL,1,1,'SRG5001','GENERAL SURGERY YEAR 1',134),(3509,'SRG5003',NULL,1,1,'SRG5003','GENERAL SURGERY YEAR 3',134),(3510,'SRG5004',NULL,1,1,'SRG5004','GENERAL SURGERY YEAR 4',134),(3511,'SUR5005',NULL,1,5,'SUR5005','GENERAL SURGERY YEAR 5',134),(3512,'SKI1001',NULL,1,1,'SKI1001','GENERIC SKILLS',134),(3513,'PSY2111',NULL,0,2,'PSY2111','GENESIS OF HUMAN BEHAVIOUR I',134),(3514,'SOW2011',NULL,0,2,'SOW2011','GENESIS OF HUMAN BEHAVIOUR I',134),(3515,'PSY2112',NULL,0,2,'PSY2112','GENESIS OF HUMAN BEHAVIOUR II',134),(3516,'SOW2012',NULL,0,2,'SOW2012','GENESIS OF HUMAN BEHAVIOUR II',134),(3517,'GUT1006',NULL,1,1,'GUT1006','GENITO-URINARY TRACT SYSTEM',134),(3518,'GUT2006',NULL,1,2,'GUT2006','GENITO-URINARY TRACT SYSTEM',134),(3519,'GEO3101',NULL,0,2,'GEO3101','GEOGRAPHICAL INFO SYSTEMS 3101',134),(3520,'GEO3201',NULL,0,3,'GEO3201','GEOGRAPHICAL INFO SYSTEMS 3201',134),(3521,'GEOG1_0',NULL,1,1,'GEOG1_0','GEOGRAPHY I',134),(3522,'CGE2313',NULL,0,2,'CGE2313','GEOTECHNICAL ENGINEERING II',134),(3523,'GENG2_0',NULL,0,2,'GENG2_0','GEOTECHNICAL ENGINEERING II',134),(3524,'CGE2314',NULL,0,2,'CGE2314','GEOTECHNICAL ENGINEERING II',134),(3525,'CGE3413',NULL,0,3,'CGE3413','GEOTECHNICAL ENGINEERING III',134),(3526,'CGE3414',NULL,0,3,'CGE3414','GEOTECHNICAL ENGINEERING III',134),(3527,'GENG3_0',NULL,0,3,'GENG3_0','GEOTECHNICAL ENGINEERING III',134),(3528,'AFR3101',NULL,0,3,'AFR3101','GEVORDERDE GRAMMATIKA EN TEORIE',134),(3529,'AFR3102',NULL,0,3,'AFR3102','GEVORDERDE SEMANTIEK EN TEORIE',134),(3530,'BOT4109',NULL,0,1,'BOT4109','GIS AND COMPUTER LITERACY',134),(3531,'EDU1127',NULL,0,1,'EDU1127','GOSPEL ENSEMBLE ONE',134),(3532,'EDU1228',NULL,0,1,'EDU1228','GOSPEL ENSEMBLE TWO',134),(3533,'EDU6102',NULL,0,1,'EDU6102','GOVERNANCE AND EDUC POLICY (M EDEM)',134),(3534,'POL1102',NULL,0,1,'POL1102','GOVERNMENT & POLITICS IN SOUTH AFRICA',134),(3535,'GVRT4_0',NULL,0,1,'GVRT4_0','GOVERNMENT RELATIONS IV',134),(3536,'GUD1110',NULL,1,2,'GUD1110','GRAPHICAL USER INTERFACE DESIGN I',134),(3537,'GUID1_0',NULL,1,2,'GUID1_0','GRAPHICAL USER INTERFACE DESIGN I',134),(3538,'GRAP2_0',NULL,1,2,'GRAP2_0','GRAPHICS II',134),(3539,'GRAP3_0',NULL,1,3,'GRAP3_0','GRAPHICS III',134),(3540,'HST3202',NULL,0,3,'HST3202','GREAT POWER RIVALRIES IN 20TH CENTURY',134),(3541,'SOW2008',NULL,1,2,'SOW2008','GROUP WORK',134),(3542,'GUDC1_0',NULL,1,1,'GUDC1_0','GUIDANCE AND COUNSELLING I',134),(3543,'BSY4201',NULL,0,4,'BSY4201','HEALTH CARE AND COMMUNITY PSYCHOLOGY',134),(3544,'HCS3010',NULL,1,3,'HCS3010','HEALTH CARE SYSTEM',134),(3545,'ECO2211',NULL,0,2,'ECO2211','HEALTH ECONOMICS',134),(3546,'HIS5001',NULL,1,1,'HIS5001','HEALTH INFORMATION SYSTEM I',134),(3547,'BSY3111',NULL,0,3,'BSY3111','HEALTH ISSUES IN PSYCHOLOGY',134),(3548,'MHQ3014',NULL,1,3,'MHQ3014','HEALTH MAN AND QUALITY IMPROVEMENT',134),(3549,'HMS5001',NULL,1,1,'HMS5001','HEALTH MEASUREMENTS 1',134),(3550,'HPS4207',NULL,1,1,'HPS4207','HEALTH PROMOTING SCHOOLS',134),(3551,'HEP5001',NULL,1,1,'HEP5001','HEALTH PROMOTION 1',134),(3552,'HEP1101',NULL,0,1,'HEP1101','HEALTH PROMOTION 1 101',134),(3553,'HEP1201',NULL,1,1,'HEP1201','HEALTH PROMOTION 1 201',134),(3554,'HEP2101',NULL,0,2,'HEP2101','HEALTH PROMOTION 2 101',134),(3555,'HEP2201',NULL,0,2,'HEP2201','HEALTH PROMOTION 2 201',134),(3556,'HEP3101',NULL,0,3,'HEP3101','HEALTH PROMOTION 3 101',134),(3557,'HEP3201',NULL,0,3,'HEP3201','HEALTH PROMOTION 3 201',134),(3558,'HEP5002',NULL,1,1,'HEP5002','HEALTH PROMOTION II',134),(3559,'HPS5207',NULL,0,1,'HPS5207','HEALTH PROMOTION IN SCHOOLS',134),(3560,'HPC5208',NULL,1,1,'HPC5208','HEALTH PROMOTION IN THE COMMUNITY',134),(3561,'HPW5209',NULL,1,1,'HPW5209','HEALTH PROMOTION IN THE WORK PLACE',134),(3562,'HPP4205',NULL,1,1,'HPP4205','HEALTH PROMOTION PROJECT',134),(3563,'BSY4106',NULL,0,4,'BSY4106','HEALTH PSYCHOLOGY',134),(3564,'HSM5001',NULL,1,1,'HSM5001','HEALTH SYSTEMS MANAGEMENT I',134),(3565,'BSY4107',NULL,0,4,'BSY4107','HEALTHCARE AND COMMUNITY PSYCHOLOGY',134),(3566,'PMP3201',NULL,0,3,'PMP3201','HELMINTHOLOGY',134),(3567,'BSP2101',NULL,0,2,'BSP2101','HIGHER PLANT SYSTEMATICS',134),(3568,'BSP2103',NULL,0,2,'BSP2103','HIGHER PLANT SYSTEMATICS 2103',134),(3569,'HST1202',NULL,0,1,'HST1202','HIS OF SOUTHERN AFRICA FROM MFECANE TO SA WAR',134),(3570,'HOCD1_0',NULL,1,1,'HOCD1_0','HISTORY OF CLOTHING DESIGN I',134),(3571,'HOCD2_0',NULL,1,2,'HOCD2_0','HISTORY OF CLOTHING DESIGN II',134),(3572,'HOCD3_0',NULL,1,3,'HOCD3_0','HISTORY OF CLOTHING DESIGN III',134),(3573,'HST3101',NULL,0,3,'HST3101','HISTORY OF GENDER RELATIONS IN SOUTHERN AFRIC',134),(3574,'PHL3101',NULL,0,3,'PHL3101','HISTORY OF IDEAS',134),(3575,'EDU4130',NULL,0,3,'EDU4130','HISTORY OF THE BAROQUE PERIOD',134),(3576,'EDU2103',NULL,0,2,'EDU2103','HISTORY OF THE CLASSICAL ERA',134),(3577,'HST3104',NULL,0,3,'HST3104','HISTORY OF THE EASTERN CAPE',134),(3578,'EDU2214',NULL,0,2,'EDU2214','HISTORY OF THE ROMANTIC PERIOD',134),(3579,'EDU4227',NULL,0,3,'EDU4227','HISTORY OF THE TWENTIETH CENTURY',134),(3580,'HIVA1_0',NULL,1,3,'HIVA1_0','HIV/AIDS AND THE TEACHER',134),(3581,'EDU3291',NULL,0,3,'EDU3291','HIV/AIDS AND THE TEACHER',134),(3582,'EDU1269',NULL,0,1,'EDU1269','HIV/AIDS EDUCATION',134),(3583,'HESC2_0',NULL,1,2,'HESC2_0','HOME ECONOMICS II',134),(3584,'HESC3_0',NULL,1,3,'HESC3_0','HOME ECONOMICS III',134),(3585,'LIS5011',NULL,1,1,'LIS5011','HONOURS PROJECT',134),(3586,'STA4010',NULL,1,1,'STA4010','HONOURS PROJECT',134),(3587,'CHE4208',NULL,0,1,'CHE4208','HONOURS THESIS AND RESEARCH',134),(3588,'HOC1110',NULL,1,1,'HOC1110','HOSPITALITY COMMUNICATION I',134),(3589,'HOC2113',NULL,0,2,'HOC2113','HOSPITALITY COMMUNICATION II',134),(3590,'HOC2114',NULL,0,2,'HOC2114','HOSPITALITY COMMUNICATION II',134),(3591,'HHS1113',NULL,0,1,'HHS1113','HOSPITALITY HEALTH AND SAFETY',134),(3592,'HIL1113',NULL,0,2,'HIL1113','HOSPITALITY INDUSTRY LAW I',134),(3593,'HIL1114',NULL,0,2,'HIL1114','HOSPITALITY INDUSTRY LAW I',134),(3594,'HIL2113',NULL,0,3,'HIL2113','HOSPITALITY INDUSTRY LAW II',134),(3595,'HINS110',NULL,1,1,'HINS110','HOSPITALITY INFORMATION SYSTEMS I',134),(3596,'HINS213',NULL,0,2,'HINS213','HOSPITALITY INFORMATION SYSTEMS II',134),(3597,'HINS214',NULL,0,2,'HINS214','HOSPITALITY INFORMATION SYSTEMS II',134),(3598,'HINS313',NULL,0,3,'HINS313','HOSPITALITY INFORMATION SYSTEMS III',134),(3599,'HOM1110',NULL,1,1,'HOM1110','HOSPITALITY MANAGEMENT I',134),(3600,'HOM2113',NULL,0,2,'HOM2113','HOSPITALITY MANAGEMENT II',134),(3601,'HOM2114',NULL,0,2,'HOM2114','HOSPITALITY MANAGEMENT II',134),(3602,'HOM3113',NULL,0,3,'HOM3113','HOSPITALITY MANAGEMENT III',134),(3603,'TTP2D10',NULL,1,2,'TTP2D10','HOSPITALITY OPERATIONS',134),(3604,'TTP3E10',NULL,1,3,'TTP3E10','HOSPITALITY OPERATIONS II',134),(3605,'HSE1113',NULL,0,1,'HSE1113','HOSPITALITY SERVICE EXCELLENCE I',134),(3606,'EDU2054',NULL,1,2,'EDU2054','HOSPITALITY STUDIES',134),(3607,'EDI3054',NULL,1,3,'EDI3054','HOSPITALITY STUDIES II',134),(3608,'HKCA2_0',NULL,1,2,'HKCA2_0','HOTELKEEPING AND CATERING II',134),(3609,'HKCA3_0',NULL,1,3,'HKCA3_0','HOTELKEEPING AND CATERING III',134),(3610,'EDU6203',NULL,0,1,'EDU6203','HRM AND PROF DEV (M EDEM)',134),(3611,'BMA2003',NULL,1,2,'BMA2003','HUMAN ANATOMY',134),(3612,'EDU3006',NULL,1,1,'EDU3006','HUMAN AND SOCIAL SCIENCES',134),(3613,'BEH1001',NULL,1,1,'BEH1001','HUMAN BEHAVIOURAL SC & MEDICAL ETHICS',134),(3614,'BIO1002',NULL,1,1,'BIO1002','HUMAN BIOLOGY I',134),(3615,'BIO2002',NULL,1,2,'BIO2002','HUMAN BIOLOGY II',134),(3616,'BIO3002',NULL,1,3,'BIO3002','HUMAN BIOLOGY III',134),(3617,'BSY2111',NULL,0,2,'BSY2111','HUMAN DEVELOPMENT ISSUES',134),(3618,'HRMPD_3',NULL,1,1,'HRMPD_3','HUMAN RES MAN & PROFESSIONAL DEV',134),(3619,'IPY2111',NULL,0,2,'IPY2111','HUMAN RESOURCE DEVELOPMENT',134),(3620,'EDU4113',NULL,0,1,'EDU4113','HUMAN RESOURCE MANAGEMENT (FDE)',134),(3621,'HRM2114',NULL,0,4,'HRM2114','HUMAN RESOURCE MANAGEMENT II',134),(3622,'EHRM1_0',NULL,1,2,'EHRM1_0','HUMAN RESOURCE MANAGEMENT IN EDUCATION',134),(3623,'EDU5210',NULL,0,1,'EDU5210','HUMAN RESOURCE MANAGEMENT IN EDUCATION',134),(3624,'IPY4001',NULL,1,1,'IPY4001','HUMAN RESOURCES MANAGEMENT',134),(3625,'HUM1110',NULL,1,2,'HUM1110','HUMAN RIGHTS',134),(3626,'CRY3203',NULL,0,3,'CRY3203','HUMAN RIGHTS IN THE CRIMINAL JUSTICE SYSTEM',134),(3627,'CWE2114',NULL,0,2,'CWE2114','HYDRAULICS - MODULE II',134),(3628,'HYDR4_0',NULL,0,1,'HYDR4_0','HYDRAULICS IV',134),(3629,'EDU1087',NULL,1,1,'EDU1087','ICT IN TEACHING AND LEARNING',134),(3630,'ITW3322',NULL,0,3,'ITW3322','INCOME TAX LAW',134),(3631,'SOW1106',NULL,0,1,'SOW1106','INDIGENIZATION',134),(3632,'SOW2101',NULL,0,2,'SOW2101','INDIGENIZATION II',134),(3633,'EDU1121',NULL,0,1,'EDU1121','INDLAM ONE',134),(3634,'EDU1223',NULL,0,1,'EDU1223','INDLAM TWO',134),(3635,'SOC2205',NULL,0,2,'SOC2205','INDUSTRIAL AND LABOUR RELATIONS STUDIES',134),(3636,'INDE2_0',NULL,0,2,'INDE2_0','INDUSTRIAL ELECTRONICS 2',134),(3637,'EIE2113',NULL,0,2,'EIE2113','INDUSTRIAL ELECTRONICS II',134),(3638,'EIE2114',NULL,0,2,'EIE2114','INDUSTRIAL ELECTRONICS II',134),(3639,'IPY4002',NULL,1,1,'IPY4002','INDUSTRIAL RELATIONS',134),(3640,'INR1110',NULL,1,2,'INR1110','INDUSTRIAL RELATIONS I',134),(3641,'IREL1_0',NULL,1,2,'IREL1_0','INDUSTRIAL RELATIONS I',134),(3642,'INR2110',NULL,1,3,'INR2110','INDUSTRIAL RELATIONS II',134),(3643,'IREL2_0',NULL,1,3,'IREL2_0','INDUSTRIAL RELATIONS II',134),(3644,'INF3006',NULL,1,3,'INF3006','INFECTIOUS DISEASES',134),(3645,'CSI1101',NULL,0,1,'CSI1101','INFO SYSTEM & APPLICATIONS',134),(3646,'INS2202',NULL,0,2,'INS2202','INFORM SYSTEMS APPLICATIONS',134),(3647,'IAD1110',NULL,1,1,'IAD1110','INFORMATION ADMINISTRATION I',134),(3648,'INAD1_0',NULL,1,1,'INAD1_0','INFORMATION ADMINISTRATION I',134),(3649,'IAD2110',NULL,1,2,'IAD2110','INFORMATION ADMINISTRATION II',134),(3650,'INAD2_0',NULL,1,2,'INAD2_0','INFORMATION ADMINISTRATION II',134),(3651,'IAD3110',NULL,1,3,'IAD3110','INFORMATION ADMINISTRATION III',134),(3652,'INAD3_0',NULL,1,3,'INAD3_0','INFORMATION ADMINISTRATION III',134),(3653,'EDU1167',NULL,0,1,'EDU1167','INFORMATION LITERACY',134),(3654,'INSA4_2',NULL,0,1,'INSA4_2','INFORMATION SYSTEM AUDITING IV',134),(3655,'INF12E0',NULL,1,2,'INF12E0','INFORMATION SYSTEMS (ext)',134),(3656,'IFAU4_0',NULL,0,1,'IFAU4_0','INFORMATION SYSTEMS AUDITING IV',134),(3657,'EINS110',NULL,1,1,'EINS110','INFORMATION SYSTEMS I',134),(3658,'INF1120',NULL,1,1,'INF1120','INFORMATION SYSTEMS I',134),(3659,'INSY1_0',NULL,1,1,'INSY1_0','INFORMATION SYSTEMS I',134),(3660,'EINS120',NULL,1,2,'EINS120','INFORMATION SYSTEMS I',134),(3661,'INF11E0',NULL,1,1,'INF11E0','INFORMATION SYSTEMS I (ext)',134),(3662,'INF2120',NULL,1,2,'INF2120','INFORMATION SYSTEMS II',134),(3663,'INSY2_0',NULL,1,2,'INSY2_0','INFORMATION SYSTEMS II',134),(3664,'INF3120',NULL,1,3,'INF3120','INFORMATION SYSTEMS III',134),(3665,'INSY3_0',NULL,1,3,'INSY3_0','INFORMATION SYSTEMS III',134),(3666,'LIS5104',NULL,0,1,'LIS5104','INFORMATION TECHNOLOGY',134),(3667,'EDU5211',NULL,1,2,'EDU5211','INFORMATION TECHNOLOGY FOR EDUCATION',134),(3668,'ITMA4_0',NULL,0,1,'ITMA4_0','INFORMATION TECHNOLOGY MANAGEMENT IV',134),(3669,'ITSE_0',NULL,1,1,'ITSE_0','INFORMATION TECHNOLOGY SKILLS',134),(3670,'EITS110',NULL,1,1,'EITS110','INFORMATION TECHNOLOGY SKILLS I',134),(3671,'ITB1120',NULL,1,1,'ITB1120','INFORMATION TECHNOLOGY SKILLS I',134),(3672,'SITH1_0',NULL,1,1,'SITH1_0','INFORMATION TECHNOLOGY SKILLS I',134),(3673,'EITS120',NULL,1,2,'EITS120','INFORMATION TECHNOLOGY SKILLS I',134),(3674,'ITB12E0',NULL,1,2,'ITB12E0','INFORMATION TECHNOLOGY SKILLS I',134),(3675,'ITB11E0',NULL,1,1,'ITB11E0','INFORMATION TECHNOLOGY SKILLS I (ext)',134),(3676,'AFR1102',NULL,0,2,'AFR1102','INLEIDING TOT AFRIKAANSE GRAMMATIKA',134),(3677,'INC21E0',NULL,1,2,'INC21E0','INORGANIC CHEMISTRY II',134),(3678,'INC21E3',NULL,0,2,'INC21E3','INORGANIC CHEMISTRY II',134),(3679,'CHE2203',NULL,0,2,'CHE2203','INORGANIC CHEMISTRY II',134),(3680,'INC2114',NULL,0,2,'INC2114','INORGANIC CHEMISTRY II',134),(3681,'INC21E4',NULL,0,2,'INC21E4','INORGANIC CHEMISTRY II',134),(3682,'CHE3103',NULL,0,3,'CHE3103','INORGANIC CHEMISTRY III',134),(3683,'INC3113',NULL,0,3,'INC3113','INORGANIC CHEMISTRY III',134),(3684,'INC4114',NULL,0,4,'INC4114','INORGANIC CHEMISTRY IV',134),(3685,'CHE4103',NULL,0,1,'CHE4103','INORGANIC CHEMISTRY IV',134),(3686,'PMP1101',NULL,0,1,'PMP1101','INSECT STRUCTURE & FUNCTION 1101',134),(3687,'PMP3202',NULL,0,3,'PMP3202','INSECT TAXONOMY',134),(3688,'PMP1201',NULL,0,1,'PMP1201','INSECTS & ENVIRONMENT',134),(3689,'PMP1102',NULL,0,1,'PMP1102','INSECTS AND MAN 1102',134),(3690,'PIO4001',NULL,1,1,'PIO4001','INSTRUMENTATION AND RESEARCH TECHNIQUES',134),(3691,'MAT1111',NULL,0,1,'MAT1111','INTEGRATED MATHEMATICS I',134),(3692,'MAT1212',NULL,0,1,'MAT1212','INTEGRATED MATHEMATICS II',134),(3693,'MAT1113',NULL,0,1,'MAT1113','INTEGRATED MATHEMATICS III',134),(3694,'MAT1214',NULL,0,1,'MAT1214','INTEGRATED MATHEMATICS IV',134),(3695,'PMP3203',NULL,0,3,'PMP3203','INTEGRATED PEST MANAGEMENT',134),(3696,'EDU1216',NULL,0,1,'EDU1216','INTEGRATED RURAL DEVELOPMENT (DAETD)',134),(3697,'ILL3322',NULL,0,3,'ILL3322','INTELLECTUAL PROPERTY LAW',134),(3698,'STA1111',NULL,0,1,'STA1111','INTERGRATED STATISTICS I',134),(3699,'STA1212',NULL,0,1,'STA1212','INTERGRATED STATISTICS II',134),(3700,'INA1011',NULL,0,2,'INA1011','INTERNAL AUDITING I Module I',134),(3701,'INA1022',NULL,0,2,'INA1022','INTERNAL AUDITING I Module I',134),(3702,'INA3011',NULL,0,3,'INA3011','INTERNAL AUDITING III - MODULE I',134),(3703,'INA3022',NULL,0,3,'INA3022','INTERNAL AUDITING III - MODULE II',134),(3704,'IAUD3_2',NULL,0,1,'IAUD3_2','INTERNAL AUDITING III(MODULE 2)',134),(3705,'IAUD3_1',NULL,0,1,'IAUD3_1','INTERNAL AUDITING III(MODULE I)',134),(3706,'IAUD3_0',NULL,0,3,'IAUD3_0','INTERNAL AUDITING III(MODULE I)',134),(3707,'INA4011',NULL,0,4,'INA4011','INTERNAL AUDITING IV - MODULE I',134),(3708,'IAUD4_1',NULL,0,1,'IAUD4_1','INTERNAL AUDITING IV (MODULE 1)',134),(3709,'IAUD4_2',NULL,0,1,'IAUD4_2','INTERNAL AUDITING IV (MODULE 2)',134),(3710,'INA4022',NULL,0,4,'INA4022','INTERNAL AUDITING IV- MODULE II',134),(3711,'ITE6001',NULL,1,1,'ITE6001','INTERNAL MEDICINE (EFR)',134),(3712,'ITM4002',NULL,1,4,'ITM4002','INTERNAL MEDICINE 4',134),(3713,'ITM5002',NULL,1,5,'ITM5002','INTERNAL MEDICINE 5',134),(3714,'MED5001',NULL,1,1,'MED5001','INTERNAL MEDICINE YEAR 1',134),(3715,'MED5002',NULL,1,1,'MED5002','INTERNAL MEDICINE YEAR 2',134),(3716,'MED5003',NULL,1,1,'MED5003','INTERNAL MEDICINE YEAR 3',134),(3717,'MED5004',NULL,1,1,'MED5004','INTERNAL MEDICINE YEAR 4',134),(3718,'LIS6220',NULL,0,1,'LIS6220','INTERNATIONAL ISSUES IN INFORMATION SCIENCE',134),(3719,'INTL4_0',NULL,0,1,'INTL4_0','INTERNATIONAL LAW',134),(3720,'POL3201',NULL,0,3,'POL3201','INTERNATIONAL POLITICAL ECONOMY',134),(3721,'POL4201',NULL,0,1,'POL4201','INTERNATIONAL POLITICAL ECONOMY',134),(3722,'POL5201',NULL,0,1,'POL5201','INTERNATIONAL POLITICAL ECONOMY',134),(3723,'POL3101',NULL,0,3,'POL3101','INTERNATIONAL POLITICS',134),(3724,'POL4102',NULL,1,1,'POL4102','INTERNATIONAL RELATIONS THEORY',134),(3725,'POL5102',NULL,0,1,'POL5102','INTERNATIONAL RELATIONS THEORY',134),(3726,'ECO3103',NULL,0,3,'ECO3103','INTERNATIONAL TRADE 3103',134),(3727,'ITL4222',NULL,0,4,'ITL4222','INTERNATIONAL TRADE LAW',134),(3728,'INT2110',NULL,1,2,'INT2110','INTERNET PROGRAMMING II',134),(3729,'INT3110',NULL,1,3,'INT3110','INTERNET PROGRAMMING III',134),(3730,'BSY4206',NULL,0,4,'BSY4206','INTERNSHIP',134),(3731,'IOS1201',NULL,0,1,'IOS1201','INTERPRETATION OF STATUTES',134),(3732,'INT3113',NULL,0,3,'INT3113','INTERSECTORAL COLLABORATION III',134),(3733,'BMA1101',NULL,0,1,'BMA1101','INTR TO BUS MANAGEMENT 1101',134),(3734,'INS2101',NULL,0,2,'INS2101','INTR TO INFORM SYSTEMS',134),(3735,'ECO1202',NULL,0,1,'ECO1202','INTR TO MACRO-ECONOMICS',134),(3736,'PAD1101',NULL,0,1,'PAD1101','INTR TO PUBLIC ADMIN 1101',134),(3737,'HST1203',NULL,0,1,'HST1203','INTR TO SA HISTORY: EUROPEAN MISSIONISATION',134),(3738,'SOC1111',NULL,0,1,'SOC1111','\"INTR TO SOC CONCEPTS,PERSPECTIVES & SOC INST\"',134),(3739,'SOW1201',NULL,0,1,'SOW1201','\"INTR TO SOC WORK THEORY PRAC, CODE OF CONDUCT\"',134),(3740,'BSP1102',NULL,0,1,'BSP1102','INTRO ANIMAL FORM & FUNCTION 1102',134),(3741,'APM1101',NULL,0,1,'APM1101','INTRO LINEAR & VECT ALG 101',134),(3742,'BSP1101',NULL,0,1,'BSP1101','INTRO PLANT FORM & FUNCTION 1101',134),(3743,'BMC2001',NULL,1,2,'BMC2001','INTRO TO BIOCHEMISTRY',134),(3744,'ANT1201',NULL,0,1,'ANT1201','INTRO TO BIOLOGICAL/PHYSICAL ANTHROPOLOGY',134),(3745,'CSI1113',NULL,0,1,'CSI1113','INTRO TO COMPUTER ARCHITECTURE',134),(3746,'BSY2112',NULL,0,2,'BSY2112','INTRO TO COUNSELLING PSYCHOLOGY',134),(3747,'EDU1024',NULL,1,1,'EDU1024','INTRO TO CURR STUDIES: CIVIL TECHNOLOGY',134),(3748,'EDU1018',NULL,1,1,'EDU1018','INTRO TO CURR STUDIES: COMPUTER APPLICATIONS',134),(3749,'EDU1019',NULL,1,1,'EDU1019','INTRO TO CURR STUDIES: CONSUMER STUDIES I',134),(3750,'EDU1026',NULL,1,1,'EDU1026','INTRO TO CURR STUDIES: ELECTRICAL TECHNOLOGY',134),(3751,'EDU1027',NULL,1,1,'EDU1027','INTRO TO CURR STUDIES: ENGINEE GRAPHIC & DESI',134),(3752,'EDU1022',NULL,1,1,'EDU1022','INTRO TO CURR STUDIES: HOSPITALITY STUDIES',134),(3753,'EDU1023',NULL,1,1,'EDU1023','INTRO TO CURR STUDIES: MATHEMATICAL LITERACY',134),(3754,'EDU1025',NULL,1,1,'EDU1025','INTRO TO CURR STUDIES: MECHANICAL TECHNOLOGY',134),(3755,'EDU1017',NULL,1,1,'EDU1017','INTRO TO CURR STUDIES: MUSIC',134),(3756,'EDU1021',NULL,1,1,'EDU1021','INTRO TO CURR STUDIES: NEEDLEWORK AND CLOTH I',134),(3757,'EDU1006',NULL,1,1,'EDU1006','INTRO TO CURR STUDIES: PHYSICAL SCIENCES',134),(3758,'EDU1020',NULL,1,1,'EDU1020','INTRO TO CURR STUDIES: TOURISM',134),(3759,'EDU1014',NULL,1,1,'EDU1014','INTRO TO CURRICULUM STUDIES: ACCOUNTING',134),(3760,'EDU1012',NULL,1,1,'EDU1012','INTRO TO CURRICULUM STUDIES: AFRIKAANS',134),(3761,'EDU1016',NULL,1,1,'EDU1016','INTRO TO CURRICULUM STUDIES: BUSINESS STUDIES',134),(3762,'EDU1015',NULL,1,1,'EDU1015','INTRO TO CURRICULUM STUDIES: ECONOMICS',134),(3763,'EDU1010',NULL,1,1,'EDU1010','INTRO TO CURRICULUM STUDIES: ENGLISH',134),(3764,'EDU1002',NULL,1,1,'EDU1002','INTRO TO CURRICULUM STUDIES: GEOGRAPHY',134),(3765,'EDU1003',NULL,1,1,'EDU1003','INTRO TO CURRICULUM STUDIES: HISTORY',134),(3766,'EDU1005',NULL,1,1,'EDU1005','INTRO TO CURRICULUM STUDIES: LIFE SCIENCES',134),(3767,'EDU1004',NULL,1,1,'EDU1004','INTRO TO CURRICULUM STUDIES: MATHEMATICS',134),(3768,'EDU1009',NULL,1,1,'EDU1009','INTRO TO CURRICULUM STUDIES: SESOTHO',134),(3769,'EDU1008',NULL,1,1,'EDU1008','INTRO TO CURRICULUM STUDIES: XHOSA',134),(3770,'GEO1101',NULL,0,1,'GEO1101','INTRO TO ENVIRONMENTAL TECHNIQUES 1101',134),(3771,'GEO1201',NULL,0,1,'GEO1201','INTRO TO ENVIRONMENTAL TECHNIQUES 1201',134),(3772,'ANT1202',NULL,0,1,'ANT1202','INTRO TO ETHNOGRAPHY OF THE KOI SAN & 2 SA GR',134),(3773,'SEF1102',NULL,0,1,'SEF1102','INTRO TO FICTION STUDIES 1A (NOVELS & DRAMA)',134),(3774,'XHF1102',NULL,0,1,'XHF1102','INTRO TO FICTION STUDIES 1A (NOVELS & DRAMA)',134),(3775,'SEF1202',NULL,0,1,'SEF1202','INTRO TO FICTION STUDIES 1B (POETRY SHRT STO)',134),(3776,'XHF1202',NULL,0,1,'XHF1202','INTRO TO FICTION STUDIES 1B (POETRY SHRT STO)',134),(3777,'GEO1203',NULL,0,1,'GEO1203','INTRO TO HUMAN ENVIRONMENT 1203',134),(3778,'BMP2102',NULL,1,2,'BMP2102','INTRO TO HUMAN PHYSIOLOGY',134),(3779,'MAD2102',NULL,0,2,'MAD2102','INTRO TO LOCAL GOVERNMENT SECTOR 2102',134),(3780,'ECO1101',NULL,0,1,'ECO1101','INTRO TO MICROECONOMICS',134),(3781,'BMC2102',NULL,1,2,'BMC2102','INTRO TO ORGANIC MOLECULES',134),(3782,'PMP2202',NULL,0,2,'PMP2202','INTRO TO PARASITOLOGY 2202',134),(3783,'GEO1102',NULL,0,1,'GEO1102','INTRO TO PHYSICAL ENVIROMENT 1102',134),(3784,'CSI1212',NULL,0,1,'CSI1212','INTRO TO PROGRAMMING I',134),(3785,'CSI1214',NULL,0,1,'CSI1214','INTRO TO PROGRAMMING II',134),(3786,'SOC1112',NULL,0,1,'SOC1112','INTRO TO RESEARCH METHODS AND STATISTICS',134),(3787,'SOC1205',NULL,0,1,'SOC1205','INTRO TO RURAL URBAN DEVELOPMENT STUDIES',134),(3788,'XHF1101',NULL,0,1,'XHF1101','INTRO TO SCIENTIFIC STUDY OF LANGUAGE',134),(3789,'XHL1101',NULL,0,1,'XHL1101','INTRO TO SCIENTIFIC STUDY OF LANGUAGE 1A',134),(3790,'XHL1201',NULL,0,1,'XHL1201','INTRO TO SCIENTIFIC STUDY OF THE LANGUAGE 1B',134),(3791,'SEL1201',NULL,0,2,'SEL1201','INTRO TO SCIENTIFIC STUDY OF THE LANGUAGE 1B',134),(3792,'SEL1101',NULL,0,2,'SEL1101','INTRO TO THE SCIENTIFIC STUDY OF LANGUAGE 1A',134),(3793,'ELS1206',NULL,0,1,'ELS1206','INTRO TO THE STUDY OF LANGUAGE II',134),(3794,'CSI1201',NULL,0,1,'CSI1201','INTRO. TO OBJECT-ORIENTED PROGRAMMING',134),(3795,'WORP1_0',NULL,1,1,'WORP1_0','INTRO.TO WORDPROCESSING I',134),(3796,'CSI3101',NULL,0,3,'CSI3101','INTRODUCTION TO ARTIFICIAL INTELLIGENCE',134),(3797,'IAU1002',NULL,0,1,'IAU1002','INTRODUCTION TO AUDITING',134),(3798,'IAU1114',NULL,0,1,'IAU1114','INTRODUCTION TO AUDITING',134),(3799,'INRA_0',NULL,0,1,'INRA_0','INTRODUCTION TO AUDITING',134),(3800,'CRY1101',NULL,0,1,'CRY1101','INTRODUCTION TO CRIMINAL JUSTICE',134),(3801,'EDU4111',NULL,1,1,'EDU4111','INTRODUCTION TO CURRICULUM 2005 2108',134),(3802,'IENT1_0',NULL,1,1,'IENT1_0','INTRODUCTION TO ENTREPRENEUSHIP I',134),(3803,'HST2202',NULL,0,2,'HST2202','INTRODUCTION TO HISTORY AND GENDER',134),(3804,'EDU1107',NULL,0,1,'EDU1107','INTRODUCTION TO HISTORY OF MUSIC',134),(3805,'POL1202',NULL,0,1,'POL1202','INTRODUCTION TO INTERNATIONAL RELATIONS',134),(3806,'ELS1107',NULL,0,1,'ELS1107','INTRODUCTION TO LITERARY STUDIES I',134),(3807,'ELS1208',NULL,0,1,'ELS1208','INTRODUCTION TO LITERARY STUDIES II',134),(3808,'TTM1A13',NULL,0,1,'TTM1A13','INTRODUCTION TO MANAGEMENT',134),(3809,'INMK1_0',NULL,1,1,'INMK1_0','INTRODUCTION TO MARKETING',134),(3810,'INMS1_0',NULL,1,1,'INMS1_0','INTRODUCTION TO MEDIA STUDIES',134),(3811,'EDU1102',NULL,0,1,'EDU1102','INTRODUCTION TO PIANO',134),(3812,'POL1101',NULL,0,1,'POL1101','INTRODUCTION TO POLITICAL SCIENCE',134),(3813,'INPR1_0',NULL,1,1,'INPR1_0','INTRODUCTION TO PUBLIC RELATIONS PRACTICE',134),(3814,'IRM2101',NULL,0,1,'IRM2101','INTRODUCTION TO RESEARCH',134),(3815,'EDU4108',NULL,0,1,'EDU4108','INTRODUCTION TO RESEARCH IN EDUCATION',134),(3816,'CRY2208',NULL,0,2,'CRY2208','INTRODUCTION TO RESEARCH METHODOLOGY',134),(3817,'ECO1103',NULL,0,1,'ECO1103','INTRODUCTION TO SA ECONOMY',134),(3818,'EDU1111',NULL,0,1,'EDU1111','INTRODUCTION TO SINGING',134),(3819,'ANT1101',NULL,0,1,'ANT1101','INTRODUCTION TO SOCIAL & CULTURAL ANTHROPOLOY',134),(3820,'SOC1201',NULL,0,1,'SOC1201','INTRODUCTION TO SOCIAL INSTITUTIONS',134),(3821,'HST1200',NULL,0,2,'HST1200','INTRODUCTION TO SOUTHERN AFRICAN HISTORY',134),(3822,'EDU1112',NULL,0,1,'EDU1112','INTRODUCTION TO THE RECORDER',134),(3823,'ELS1108',NULL,0,1,'ELS1108','INTRODUCTION TO THE STUDY OF LANGUAGE I',134),(3824,'TOD1A13',NULL,0,1,'TOD1A13','INTRODUCTION TO TOURISM DEVELOPMENT MODULE I',134),(3825,'TOD1B14',NULL,0,1,'TOD1B14','INTRODUCTION TO TOURISM DEVELOPMENT MODULE II',134),(3826,'BSP2205',NULL,0,2,'BSP2205','INVERTEBRATE FORM & FUNCTION',134),(3827,'IVC1110',NULL,1,1,'IVC1110','INVESTIGATION OF CRIME I',134),(3828,'IRIG4_0',NULL,0,1,'IRIG4_0','IRRIGATION IV',134),(3829,'EDU1124',NULL,0,1,'EDU1124','ISICASULO ONE',134),(3830,'EDU1226',NULL,0,1,'EDU1226','ISICASULO TWO',134),(3831,'EDU1123',NULL,0,1,'EDU1123','ISICATAMIYA',134),(3832,'EDU1225',NULL,0,1,'EDU1225','ISICATAMIYA TWO',134),(3833,'ITEL2_0',NULL,1,2,'ITEL2_0','IT ELECTRONICS II',134),(3834,'ITEL3_0',NULL,1,3,'ITEL3_0','IT ELECTRONICS III',134),(3835,'MTHS1_0',NULL,1,3,'MTHS1_0','IT MATHEMATICS',134),(3836,'EDU1113',NULL,0,1,'EDU1113','JAZZ COMBO ONE',134),(3837,'EDU1217',NULL,0,1,'EDU1217','JAZZ COMBO TWO',134),(3838,'EDU4226',NULL,0,4,'EDU4226','JAZZ THEORY',134),(3839,'JUR4101',NULL,0,4,'JUR4101','JURISPRUDENCE',134),(3840,'CRY1202',NULL,0,1,'CRY1202','JUVENILE ADJUDICATION',134),(3841,'CRY1201',NULL,0,1,'CRY1201','JUVENILE DELINQUENCY',134),(3842,'JUD4201',NULL,0,1,'JUD4201','JUVENILE DELIQUENCY',134),(3843,'EDU3118',NULL,0,3,'EDU3118','KEYBOARD HARMONY',134),(3844,'ANT4104',NULL,0,1,'ANT4104','KINSHIP & MARRIAGE',134),(3845,'ANT2201',NULL,0,2,'ANT2201','KINSHIP MARRIAGE & RITUAL ANALYSIS',134),(3846,'AFR1101',NULL,0,2,'AFR1101','KOMMUNIKATIEWE AFRIKAANS',134),(3847,'PIO3100',NULL,1,3,'PIO3100','LABORATORY PHYSIOLOGY',134),(3848,'ECO2108',NULL,0,2,'ECO2108','LABOUR ECONOMICS',134),(3849,'LLW1110',NULL,1,1,'LLW1110','LABOUR LAW',134),(3850,'LBL3104',NULL,0,3,'LBL3104','LABOUR LAW',134),(3851,'LLAW1_0',NULL,1,2,'LLAW1_0','LABOUR LAW I',134),(3852,'LRL2110',NULL,1,2,'LRL2110','LABOUR RELATIONS AND LAW II',134),(3853,'LRL2113',NULL,0,4,'LRL2113','LABOUR RELATIONS AND LAW II',134),(3854,'ELS5102',NULL,0,1,'ELS5102','LANGUAGE & LITERATURE TEACHING METHODOLOGY',134),(3855,'ALGS1_0',NULL,1,1,'ALGS1_0','LANGUAGE (AFRIKAANS I)',134),(3856,'ELGS1_0',NULL,1,1,'ELGS1_0','LANGUAGE (ENGLISH I)',134),(3857,'XLGS1_0',NULL,1,1,'XLGS1_0','LANGUAGE (XHOSA I)',134),(3858,'LCOM110',NULL,1,1,'LCOM110','LANGUAGE AND COMMUNICATION I',134),(3859,'EDU4151',NULL,0,1,'EDU4151','Language Competence',134),(3860,'NPLA1_0',NULL,1,1,'NPLA1_0','LANGUAGE I',134),(3861,'NPLA2_0',NULL,1,2,'NPLA2_0','LANGUAGE II',134),(3862,'NPLA3_0',NULL,1,3,'NPLA3_0','LANGUAGE III',134),(3863,'ELS5101',NULL,0,1,'ELS5101','LANGUAGE POLICIES & WORLD ENGLISHES',134),(3864,'EDU2081',NULL,1,2,'EDU2081','LANGUAGES',134),(3865,'EDU3004',NULL,1,1,'EDU3004','LANGUAGES',134),(3866,'EDU3081',NULL,1,3,'EDU3081','LANGUAGES METHOD',134),(3867,'LWT1110',NULL,1,2,'LWT1110','LAW FOR TOURISM I',134),(3868,'LCA3101',NULL,0,3,'LCA3101','LAW OF CONTRACT A',134),(3869,'LCA3205',NULL,0,3,'LCA3205','LAW OF CONTRACT B',134),(3870,'LWD4103',NULL,0,4,'LWD4103','LAW OF DELICT A',134),(3871,'LWD4203',NULL,0,4,'LWD4203','LAW OF DELICT B',134),(3872,'LAWE110',NULL,1,4,'LAWE110','LAW OF EVIDENCE',134),(3873,'LOE3103',NULL,0,3,'LOE3103','LAW OF EVIDENCE A',134),(3874,'LOE3202',NULL,0,3,'LOE3202','LAW OF EVIDENCE B',134),(3875,'LOI2205',NULL,0,2,'LOI2205','LAW OF INSOLVENCY',134),(3876,'LNI2203',NULL,0,2,'LNI2203','LAW OF NEGOTIABLE INSTRUMENTS',134),(3877,'LPR2104',NULL,0,2,'LPR2104','LAW OF PERSONS',134),(3878,'LOP2106',NULL,0,2,'LOP2106','LAW OF PROPERTY',134),(3879,'LAA2105',NULL,0,2,'LAA2105','LAW OF SUCCESSION & ADMIN OF ESTATES',134),(3880,'LAWP110',NULL,1,1,'LAWP110','LAW:  POLICING I',134),(3881,'LAWP210',NULL,1,3,'LAWP210','LAW:  POLICING II',134),(3882,'LAWP310',NULL,1,4,'LAWP310','LAW: POLICING III',134),(3883,'LAPR1_0',NULL,1,2,'LAPR1_0','LAW:PUBLIC RELATIONS I',134),(3884,'EDU4115',NULL,0,1,'EDU4115','LEARNERS CENTREDNESS IN ENG LANGUAGE CLASS',134),(3885,'LTM5010',NULL,1,1,'LTM5010','LEARNING AND TEACHING',134),(3886,'NPDL1_0',NULL,1,1,'NPDL1_0','LEARNING AREA:LANGUAGE I',134),(3887,'NPDM1_0',NULL,1,1,'NPDM1_0','LEARNING AREA:MATHEMATICS I',134),(3888,'NPDS1_0',NULL,1,1,'NPDS1_0','LEARNING AREA:NATURAL SCIENCE I',134),(3889,'LCA2204',NULL,0,2,'LCA2204','LEGAL ACCOUNTING',134),(3890,'LHR1103',NULL,0,1,'LHR1103','LEGAL HISTORY',134),(3891,'LPM1202',NULL,0,1,'LPM1202','LEGAL PLURALISM',134),(3892,'LPC4205',NULL,0,4,'LPC4205','LEGAL PRACTICE',134),(3893,'LEP1110',NULL,1,1,'LEP1110','LEGAL PRACTICE I',134),(3894,'LPRA1_0',NULL,1,3,'LPRA1_0','LEGAL PRACTICE I',134),(3895,'LEP2110',NULL,1,2,'LEP2110','LEGAL PRACTICE II',134),(3896,'LSS1204',NULL,0,3,'LSS1204','LEGAL SKILLS',134),(3897,'LSS1104',NULL,0,1,'LSS1104','LEGAL SKILLS I',134),(3898,'LFDR1_0',NULL,1,1,'LFDR1_0','LIFE DRAWING I',134),(3899,'EDU2082',NULL,1,2,'EDU2082','LIFE ORIENTATION',134),(3900,'LORI_0',NULL,1,2,'LORI_0','LIFE ORIENTATION',134),(3901,'EDU3005',NULL,1,1,'EDU3005','LIFE ORIENTATION',134),(3902,'EDU3082',NULL,1,3,'EDU3082','LIFE ORIENTATION METHOD',134),(3903,'EDU1068',NULL,1,1,'EDU1068','LIFE SKILLS',134),(3904,'LISK_0',NULL,1,1,'LISK_0','LIFE SKILLS',134),(3905,'EDU1168',NULL,0,1,'EDU1168','LIFE SKILLS',134),(3906,'LIS1002',NULL,0,1,'LIS1002','LIFE SKILLS',134),(3907,'EDU2089',NULL,1,2,'EDU2089','LIFE SKILLS',134),(3908,'EDU3013',NULL,1,1,'EDU3013','LIFE SKILLS',134),(3909,'LIFES_0',NULL,1,1,'LIFES_0','LIFE SKILLS (FOUNDATION PROGRAMME)',134),(3910,'LSK1111',NULL,0,1,'LSK1111','LIFE SKILLS I',134),(3911,'LSK1212',NULL,0,1,'LSK1212','LIFE SKILLS II',134),(3912,'MAT2202',NULL,0,2,'MAT2202','LINEAR ALGEBRA I',134),(3913,'MTE2202',NULL,0,2,'MTE2202','LINEAR ALGEBRA I',134),(3914,'MAT3102',NULL,0,3,'MAT3102','LINEAR ALGEBRA II',134),(3915,'MTE3102',NULL,0,3,'MTE3102','LINEAR ALGEBRA II',134),(3916,'STA3101',NULL,0,3,'STA3101','LINEAR MODELS & MULTI VARIABLE DISTR THEORY',134),(3917,'APM1201',NULL,0,1,'APM1201','LINEAR PROGRAMMING 102',134),(3918,'EDU2087',NULL,1,2,'EDU2087','LITERACY',134),(3919,'EDU3012',NULL,1,1,'EDU3012','LITERACY',134),(3920,'MAD2204',NULL,0,2,'MAD2204','LOCAL GOVERNANCE 2204',134),(3921,'LGA3000',NULL,1,3,'LGA3000','LOCAL GOVERNMENT ACCOUNTING III',134),(3922,'MAD3204',NULL,0,3,'MAD3204','LOCAL GOVERNMENT FINANCE 3204',134),(3923,'LGF1000',NULL,1,1,'LGF1000','LOCAL GOVERNMENT FINANCE I',134),(3924,'LGF2000',NULL,1,2,'LGF2000','LOCAL GOVERNMENT FINANCE II',134),(3925,'LGF2110',NULL,1,2,'LGF2110','LOCAL GOVERNMENT FINANCE II',134),(3926,'LGF3000',NULL,1,3,'LGF3000','LOCAL GOVERNMENT FINANCE III',134),(3927,'LGL4122',NULL,0,4,'LGL4122','LOCAL GOVERNMENT LAW',134),(3928,'LGM1000',NULL,1,1,'LGM1000','LOCAL GOVERNMENT MANAGEMENT I',134),(3929,'LGM2000',NULL,1,2,'LGM2000','LOCAL GOVERNMENT MANAGEMENT II',134),(3930,'LGM3000',NULL,1,3,'LGM3000','LOCAL GOVERNMENT MANAGEMENT III',134),(3931,'OBS5002',NULL,1,1,'OBS5002','M MED IN OBSTETRICS & GYNAE YEAR II',134),(3932,'OBS5001',NULL,1,1,'OBS5001','M MED IN OBSTETRICS & GYNAED YEAR I',134),(3933,'OPH5001',NULL,1,1,'OPH5001','M MED IN OPHTHALMOLOGY YEAR I',134),(3934,'OPH5002',NULL,1,1,'OPH5002','M MED IN OPHTHALMOLOGY YEAR II',134),(3935,'OTH5002',NULL,1,1,'OTH5002','M MED IN ORTHOPAEDIC SURGERY YEAR II',134),(3936,'PSY5001',NULL,1,1,'PSY5001','M MED IN PSYCHIATRY YEAR I',134),(3937,'PSY5002',NULL,1,1,'PSY5002','M MED IN PSYCHIATRY YEAR II',134),(3938,'PSY5003',NULL,1,1,'PSY5003','M MED IN PSYCHIATRY YEAR III',134),(3939,'MDD5005',NULL,1,1,'MDD5005','MA LIT: DISSERTATION',134),(3940,'ECO2203',NULL,0,2,'ECO2203','MACRO-ECONOMICS',134),(3941,'MEA3001',NULL,1,3,'MEA3001','\"MAN, ENVIRONMENT, STRESS ADAPTION & DISEASE\"',134),(3942,'MOT1110',NULL,1,1,'MOT1110','MANAGEMEMT OF TRAINING I',134),(3943,'CMC1210',NULL,1,1,'CMC1210','MANAGEMENT (CIVIL) I',134),(3944,'CMC2313',NULL,0,2,'CMC2313','MANAGEMENT (CIVIL) II',134),(3945,'CMC2314',NULL,0,2,'CMC2314','MANAGEMENT (CIVIL) II',134),(3946,'MAC3000',NULL,1,3,'MAC3000','MANAGEMENT ACCOUNTING & FINANCE',134),(3947,'MAA4114',NULL,0,4,'MAA4114','MANAGEMENT ACCOUNTING ASPECTS IV',134),(3948,'MAC3011',NULL,0,1,'MAC3011','MANAGEMENT ACCOUNTING III MODULE I',134),(3949,'MAC3022',NULL,0,1,'MAC3022','MANAGEMENT ACCOUNTING III MODULE II',134),(3950,'MACC3_1',NULL,0,1,'MACC3_1','MANAGEMENT ACCOUNTING III(MODULE 1)',134),(3951,'MACC3_2',NULL,0,1,'MACC3_2','MANAGEMENT ACCOUNTING III(MODULE 2)',134),(3952,'MAC4011',NULL,0,4,'MAC4011','MANAGEMENT ACCOUNTING IV - MODULE I',134),(3953,'MAC4022',NULL,0,4,'MAC4022','MANAGEMENT ACCOUNTING IV - MODULE II',134),(3954,'MACC4_1',NULL,0,1,'MACC4_1','MANAGEMENT ACCOUNTING IV (MODULE 1)',134),(3955,'MACC4_2',NULL,0,1,'MACC4_2','MANAGEMENT ACCOUNTING IV (MODULE 2)',134),(3956,'BSY4202',NULL,0,4,'BSY4202','MANAGEMENT AND PROFESSIONALISM',134),(3957,'MAE3113',NULL,0,4,'MAE3113','MANAGEMENT ECONOMICS III',134),(3958,'MANG1_0',NULL,1,1,'MANG1_0','MANAGEMENT I',134),(3959,'MGNT110',NULL,1,1,'MGNT110','MANAGEMENT I',134),(3960,'MCIV1_0',NULL,0,1,'MCIV1_0','MANAGEMENT I (CIVIL)',134),(3961,'EMCI1_0',NULL,1,2,'EMCI1_0','MANAGEMENT I (CIVIL)',134),(3962,'MANG2_0',NULL,1,2,'MANG2_0','MANAGEMENT II',134),(3963,'MGNT210',NULL,1,2,'MGNT210','MANAGEMENT II',134),(3964,'MCIV2_0',NULL,0,2,'MCIV2_0','MANAGEMENT II (CIVIL)',134),(3965,'MANG3_0',NULL,1,3,'MANG3_0','MANAGEMENT III',134),(3966,'MGNT310',NULL,1,3,'MGNT310','MANAGEMENT III',134),(3967,'LIS5110',NULL,0,1,'LIS5110','MANAGEMENT INFORMATION SYSTEM (MIS)',134),(3968,'EDU6106',NULL,0,1,'EDU6106','MANAGEMENT INFORMATION SYSTEMS (IT)',134),(3969,'MIS2113',NULL,0,4,'MIS2113','MANAGEMENT INFORMATION SYSTEMS II',134),(3970,'MANT4_0',NULL,1,1,'MANT4_0','MANAGEMENT IV',134),(3971,'MGNT410',NULL,1,4,'MGNT410','MANAGEMENT IV',134),(3972,'LIS5102',NULL,0,1,'LIS5102','MANAGEMENT OF A PARTICULAR TYPE OF INF SERVI',134),(3973,'EDU6205',NULL,0,1,'EDU6205','MANAGEMENT OF CHANGE (M EDEM)',134),(3974,'EMEO1_0',NULL,1,1,'EMEO1_0','MANAGEMENT OF EDUCATIONAL ORGANISATION',134),(3975,'EMER1_0',NULL,1,1,'EMER1_0','MANAGEMENT OF EDUCATIONAL RESOURCES',134),(3976,'MOI3113',NULL,0,3,'MOI3113','MANAGEMENT OF INFORMATION III',134),(3977,'EDU5112',NULL,0,1,'EDU5112','MANAGEMENT OF ORGANISATIONS',134),(3978,'MANT1_0',NULL,1,2,'MANT1_0','MANAGEMENT OF TRAINING I',134),(3979,'MOT2110',NULL,1,2,'MOT2110','MANAGEMENT OF TRAINING II',134),(3980,'MANT2_0',NULL,1,3,'MANT2_0','MANAGEMENT OF TRAINING II',134),(3981,'MOT3110',NULL,1,3,'MOT3110','MANAGEMENT OF TRAINING III',134),(3982,'MANP4_0',NULL,1,1,'MANP4_0','MANAGEMENT PRACTICE IV',134),(3983,'MAP4114',NULL,0,4,'MAP4114','MANAGEMENT PRACTICE IV',134),(3984,'MPP2110',NULL,1,2,'MPP2110','MANAGEMENT PRINCIPLES & PRACTICE II',134),(3985,'MPP3110',NULL,1,3,'MPP3110','MANAGEMENT PRINCIPLES & PRACTICE III',134),(3986,'BMA2101',NULL,0,2,'BMA2101','MANAGEMENT PRINCIPLES 2101',134),(3987,'MPP1110',NULL,1,1,'MPP1110','MANAGEMENT PRINCIPLES AND PRACTICE I',134),(3988,'MANM1_0',NULL,0,2,'MANM1_0','MANAGEMENT SKILLS I',134),(3989,'EDU4230',NULL,1,1,'EDU4230','MANAGEMENT TASKS',134),(3990,'CMC1213',NULL,0,1,'CMC1213','MANAGEMENT:CIVIL I',134),(3991,'CMC1214',NULL,0,1,'CMC1214','MANAGEMENT:CIVIL I',134),(3992,'MMEC4_0',NULL,0,4,'MMEC4_0','MANUFACTURING ENGINEERING IV',134),(3993,'MMED4_0',NULL,0,4,'MMED4_0','MANUFACTURING MANAGEMENT IV',134),(3994,'EDU1115',NULL,0,1,'EDU1115','MARIMBA ONE',134),(3995,'EDU1219',NULL,0,1,'EDU1219','MARIMBA TWO',134),(3996,'ZOO4202',NULL,0,1,'ZOO4202','MARINE & ESTUARINE ECOLOGY',134),(3997,'MAKT1_0',NULL,1,2,'MAKT1_0','MARKETING & ADVERTISING:PUBLIC RELATIONS I',134),(3998,'MFT1110',NULL,1,1,'MFT1110','MARKETING FOR TOURISM I',134),(3999,'MFT1113',NULL,1,1,'MFT1113','MARKETING FOR TOURISM I',134),(4000,'MFT2110',NULL,1,2,'MFT2110','MARKETING FOR TOURISM II',134),(4001,'MFT3114',NULL,0,4,'MFT3114','MARKETING FOR TOURISM III',134),(4002,'MAR1210',NULL,1,1,'MAR1210','MARKETING I',134),(4003,'MKNG1_0',NULL,1,3,'MKNG1_0','MARKETING I',134),(4004,'MKTG1_0',NULL,1,3,'MKTG1_0','MARKETING I',134),(4005,'MRKT1_0',NULL,1,3,'MRKT1_0','MARKETING I',134),(4006,'10_MAR',NULL,1,2,'10_MAR','MARKETING II',134),(4007,'13_MAR',NULL,0,3,'13_MAR','MARKETING III',134),(4008,'MMA3113',NULL,0,4,'MMA3113','MARKETING MANAGEMENT III',134),(4009,'BMA3101',NULL,0,3,'BMA3101','MARKETING MGT 3101',134),(4010,'MKR3110',NULL,1,3,'MKR3110','MARKETING RESEARCH III',134),(4011,'MAG_1',NULL,1,1,'MAG_1','MASTER OF GEOGRAPHY - DISSERTATION',134),(4012,'EDU6000',NULL,1,1,'EDU6000','MASTERS BY DISSERTATION',134),(4013,'LIS6211',NULL,1,1,'LIS6211','MASTERS DISSERTATION',134),(4014,'CHE5108',NULL,0,1,'CHE5108','MASTERS THESIS AND RESEARCH',134),(4015,'CHE5208',NULL,0,1,'CHE5208','MASTERS THESIS AND RESEARCH',134),(4016,'PHY5004',NULL,1,1,'PHY5004','MASTERS THESIS IN PHYSICS',134),(4017,'MCE5006',NULL,1,1,'MCE5006','MATERNAL CHILD AND ENVIROMENTAL HEALTH',134),(4018,'ECO2103',NULL,0,2,'ECO2103','MATHEMATICAL ECONOMICS',134),(4019,'MATHS10',NULL,1,1,'MATHS10','MATHEMATICAL LITERACY',134),(4020,'APM1111',NULL,0,1,'APM1111','MATHEMATICAL METHODS I',134),(4021,'APM1212',NULL,0,1,'APM1212','MATHEMATICAL METHODS II',134),(4022,'APM3201',NULL,0,3,'APM3201','MATHEMATICAL PROGRAMMING 302',134),(4023,'EDU2028',NULL,1,2,'EDU2028','MATHEMATICS',134),(4024,'EDU2083',NULL,1,2,'EDU2083','MATHEMATICS',134),(4025,'MTHM2_0',NULL,1,2,'MTHM2_0','MATHEMATICS',134),(4026,'EDM3028',NULL,1,3,'EDM3028','MATHEMATICS',134),(4027,'EDU3007',NULL,1,1,'EDU3007','MATHEMATICS',134),(4028,'MMLI4_0',NULL,1,2,'MMLI4_0','MATHEMATICS & MATHEMATICAL LITERACY',134),(4029,'EATH1_0',NULL,1,1,'EATH1_0','MATHEMATICS I',134),(4030,'EMAT0_0',NULL,1,1,'EMAT0_0','MATHEMATICS I',134),(4031,'MAT1020',NULL,1,1,'MAT1020','MATHEMATICS I',134),(4032,'MAT11E0',NULL,1,1,'MAT11E0','MATHEMATICS I',134),(4033,'MAT1013',NULL,0,1,'MAT1013','MATHEMATICS I',134),(4034,'MAT1023',NULL,0,1,'MAT1023','MATHEMATICS I',134),(4035,'MAT11E3',NULL,0,1,'MAT11E3','MATHEMATICS I',134),(4036,'MATH1_0',NULL,0,1,'MATH1_0','MATHEMATICS I',134),(4037,'MAT1024',NULL,0,1,'MAT1024','MATHEMATICS I',134),(4038,'MAT11E4',NULL,0,1,'MAT11E4','MATHEMATICS I',134),(4039,'EDU1085',NULL,1,1,'EDU1085','MATHEMATICS I - ACE',134),(4040,'MAT2200',NULL,1,1,'MAT2200','MATHEMATICS II',134),(4041,'MAT2023',NULL,0,1,'MAT2023','MATHEMATICS II',134),(4042,'MAT2203',NULL,0,1,'MAT2203','MATHEMATICS II',134),(4043,'MATH2_0',NULL,0,1,'MATH2_0','MATHEMATICS II',134),(4044,'MAT2024',NULL,0,1,'MAT2024','MATHEMATICS II',134),(4045,'MAT2204',NULL,0,1,'MAT2204','MATHEMATICS II',134),(4046,'EATH2_0',NULL,1,2,'EATH2_0','MATHEMATICS II',134),(4047,'EMHT2_0',NULL,1,2,'EMHT2_0','MATHEMATICS II',134),(4048,'MAT2113',NULL,0,5,'MAT2113','MATHEMATICS II',134),(4049,'MTED2_0',NULL,1,2,'MTED2_0','MATHEMATICS II(EDUCATION)',134),(4050,'MAT3023',NULL,0,2,'MAT3023','MATHEMATICS III',134),(4051,'MATH3_0',NULL,0,2,'MATH3_0','MATHEMATICS III',134),(4052,'MAT3024',NULL,0,2,'MAT3024','MATHEMATICS III',134),(4053,'MTED3_0',NULL,1,3,'MTED3_0','MATHEMATICS III(EDUCATION)',134),(4054,'EDU3083',NULL,1,3,'EDU3083','MATHEMATICS METHOD',134),(4055,'EDU4118',NULL,0,1,'EDU4118','MATHEMATICS METHODOLOGY',134),(4056,'MAT4106',NULL,1,1,'MAT4106','MEASURE THEORY',134),(4057,'PHY4102',NULL,0,1,'PHY4102','MECHANICAL BEHAVIOUR OF MATERIALS',134),(4058,'MEDS2_0',NULL,0,2,'MEDS2_0','MECHANICAL ENGINEERING DESIGN II',134),(4059,'MEDA3_0',NULL,0,3,'MEDA3_0','MECHANICAL ENGINEERING DESIGN III',134),(4060,'EMED1_0',NULL,1,1,'EMED1_0','MECHANICAL ENGINEERING DRAWING I',134),(4061,'MEDR1_0',NULL,0,1,'MEDR1_0','MECHANICAL ENGINEERING DRAWING I',134),(4062,'MEEP1_0',NULL,0,2,'MEEP1_0','MECHANICAL ENGINEERING PRACTICE I',134),(4063,'MEEP2_0',NULL,0,3,'MEEP2_0','MECHANICAL ENGINEERING PRACTICE II',134),(4064,'EMME1_0',NULL,1,1,'EMME1_0','MECHANICAL MANUFACTURING ENGINEERING I',134),(4065,'MMEN1_0',NULL,0,1,'MMEN1_0','MECHANICAL MANUFACTURING ENGINEERING I',134),(4066,'MMEN2_0',NULL,0,2,'MMEN2_0','MECHANICAL MANUFACTURING ENGINEERING II',134),(4067,'MMEA3_0',NULL,0,2,'MMEA3_0','MECHANICAL MANUFACTURING ENGINEERING III',134),(4068,'EDU2048',NULL,1,2,'EDU2048','MECHANICAL TECHNOLOGY I',134),(4069,'PHY2101',NULL,0,2,'PHY2101','MECHANICS AND WAVES',134),(4070,'EMEC0_0',NULL,1,1,'EMEC0_0','MECHANICS I',134),(4071,'MECH1_0',NULL,0,1,'MECH1_0','MECHANICS I',134),(4072,'APM2202',NULL,0,2,'APM2202','MECHANICS I',134),(4073,'MECM2_0',NULL,0,1,'MECM2_0','MECHANICS OF MACHINE II',134),(4074,'EMEC2_0',NULL,1,2,'EMEC2_0','MECHANICS OF MACHINE II',134),(4075,'MECA3_0',NULL,0,2,'MECA3_0','MECHANICS OF MACHINE III',134),(4076,'MPR1110',NULL,1,2,'MPR1110','MEDIA AND PUBLIC RELATIONS:  TOURISM I',134),(4077,'MEC1110',NULL,1,1,'MEC1110','MEDIA COMMUNICATION I',134),(4078,'MEC2110',NULL,1,2,'MEC2110','MEDIA COMMUNICATION II',134),(4079,'MIM1110',NULL,1,1,'MIM1110','MEDIA INFORMATION MANAGEMENT I',134),(4080,'MED3110',NULL,1,3,'MED3110','MEDIA PRACTICE III',134),(4081,'MEP1110',NULL,1,1,'MEP1110','MEDIA PRODUCTION I',134),(4082,'MEP2110',NULL,1,2,'MEP2110','MEDIA PRODUCTION II',134),(4083,'MEP3113',NULL,0,3,'MEP3113','MEDIA PRODUCTION III',134),(4084,'MSTU1_0',NULL,1,1,'MSTU1_0','MEDIA STUDIES I',134),(4085,'MSTU2_0',NULL,1,2,'MSTU2_0','MEDIA STUDIES II',134),(4086,'MSTU3_0',NULL,1,1,'MSTU3_0','MEDIA STUDIES III',134),(4087,'ANT3202',NULL,0,3,'ANT3202','MEDICAL ANTHROPOLOGY & SOCIAL CHANGE',134),(4088,'BIM1004',NULL,1,1,'BIM1004','MEDICAL BIOLOGY',134),(4089,'MCH1003',NULL,1,1,'MCH1003','MEDICAL CHEMSITRY',134),(4090,'MPH1002',NULL,1,1,'MPH1002','MEDICAL PHYSICS',134),(4091,'MCF3011',NULL,1,3,'MCF3011','MEDICO-LEGAL AND CLINICAL FORENSICS',134),(4092,'MNH3009',NULL,1,3,'MNH3009','MENTAL HEALTH',134),(4093,'MEL2102',NULL,0,2,'MEL2102','MERCANTILE LAW',134),(4094,'MLW1000',NULL,1,1,'MLW1000','MERCANTILE LAW I',134),(4095,'MLW1110',NULL,1,1,'MLW1110','MERCANTILE LAW I',134),(4096,'MLAW1_0',NULL,1,2,'MLAW1_0','MERCANTILE LAW I',134),(4097,'MLW2110',NULL,1,2,'MLW2110','MERCANTILE LAW II',134),(4098,'BMC2002',NULL,1,2,'BMC2002','METABOLIC BIOCHEMISTRY',134),(4099,'MET4101',NULL,1,1,'MET4101','METHODOLOGY PAPER 1',134),(4100,'HPM5211',NULL,1,1,'HPM5211','METHODS & STRATEGIES IN HEALTH PROMOTION',134),(4101,'EDU4114',NULL,0,1,'EDU4114','METHODS OF TEACHING ENGLISH LANGUAGE',134),(4102,'BMA1202',NULL,0,1,'BMA1202','MGT OF THE ENTERPRISE 1202',134),(4103,'PAD3202',NULL,0,3,'PAD3202','MGT STRATEGIES & DEV 3202',134),(4104,'EDU4060',NULL,1,2,'EDU4060','Micro Teaching',134),(4105,'MPN1101',NULL,0,1,'MPN1101','MICROBIO PATHOLOGY PARASITOLOGY PHARMAC 101',134),(4106,'ECO2102',NULL,0,2,'ECO2102','MICRO-ECONOMICS 2102',134),(4107,'MCC3113',NULL,0,3,'MCC3113','MICROWAVE COMMUNICATION III',134),(4108,'MCC3114',NULL,0,3,'MCC3114','MICROWAVE COMMUNICATION III',134),(4109,'MNS4101',NULL,0,4,'MNS4101','MIDWIFERY',134),(4110,'MNS3101',NULL,0,3,'MNS3101','MIDWIFERY I',134),(4111,'MNS3201',NULL,0,3,'MNS3201','MIDWIFERY II',134),(4112,'MNS4201',NULL,0,4,'MNS4201','MIDWIFERY II',134),(4113,'POL4005',NULL,1,1,'POL4005','MINI-DISSERTATION',134),(4114,'POL5005',NULL,1,1,'POL5005','MINI-DISSERTATION',134),(4115,'ELS2203',NULL,0,2,'ELS2203','MODERN AFRICAN LITERATURE',134),(4116,'ELS3103',NULL,0,3,'ELS3103','MODERN AFRICAN PROSE FICTION',134),(4117,'ANT4102',NULL,0,1,'ANT4102','MODERN ANTHROPOLOGICAL THOUGHT',134),(4118,'ELS5103',NULL,0,1,'ELS5103','MODERN CRITICAL THEORY & PRACTICE',134),(4119,'XHF4106',NULL,1,1,'XHF4106','Modern Drama and Poetry',134),(4120,'XHF4105',NULL,1,1,'XHF4105','Modern Prose',134),(4121,'XHL4005',NULL,1,1,'XHL4005','MODERN PROSE',134),(4122,'HST1103',NULL,0,1,'HST1103','MODERN WORLD: FROM HIGH TIDE OF IMP TO WW1',134),(4123,'HST1102',NULL,0,1,'HST1102','MODERN WORLD: WESTERN WORLD AND INDUSTRIAL AG',134),(4124,'BCH4005',NULL,1,1,'BCH4005','MOLECULAR BIOCHEMISTRY',134),(4125,'BMC2202',NULL,1,2,'BMC2202','MOLECULAR BIOLOGY',134),(4126,'MIC4002',NULL,1,1,'MIC4002','MOLECULAR MICROBIOLOGY',134),(4127,'ECO3206',NULL,0,3,'ECO3206','MONETARY ECONOMICS 3206',134),(4128,'PHL1204',NULL,0,1,'PHL1204','MORAL PHILOSOPHY',134),(4129,'PHL2102',NULL,0,2,'PHL2102','MORAL THEORY',134),(4130,'XHL4002',NULL,1,1,'XHL4002','MORPHOLOGY SYNTAX AND SEMANTICS',134),(4131,'BOT5000',NULL,1,1,'BOT5000','MSC (BOTANY - DISSERTATION)',134),(4132,'MMA_5',NULL,1,1,'MMA_5','MSC (MATHEMATICS)',134),(4133,'MZO_5',NULL,1,1,'MZO_5','MSC (ZOOLOGY)',134),(4134,'EDU5113',NULL,0,1,'EDU5113','MULTICULTURAL EDUCATION CURRICULUM',134),(4135,'MAT2101',NULL,0,2,'MAT2101','MULTIVARIATE CALCULUS',134),(4136,'MTE2101',NULL,0,2,'MTE2101','MULTIVARIATE CALCULUS',134),(4137,'MSK2002',NULL,1,2,'MSK2002','MUSCULOSKELETAL (PARATHYROID)',134),(4138,'MSS1008',NULL,1,1,'MSS1008','MUSCULOSKELETAL SYSTEM',134),(4139,'MSS2008',NULL,1,2,'MSS2008','MUSCULOSKELETAL SYSTEM',134),(4140,'EDU2007',NULL,1,2,'EDU2007','Music',134),(4141,'EDI3045',NULL,1,3,'EDI3045','Music',134),(4142,'EDU1201',NULL,0,1,'EDU1201','MUSIC APPRECIATION',134),(4143,'EDU2006',NULL,0,2,'EDU2006','Music Didatics',134),(4144,'EDU2216',NULL,0,2,'EDU2216','MUSIC DIDATICS',134),(4145,'EDU1272',NULL,0,1,'EDU1272','MUSIC EDUCATION',134),(4146,'EDU2272',NULL,0,2,'EDU2272','MUSIC EDUCATION',134),(4147,'EDU4004',NULL,1,4,'EDU4004','MUSIC EDUCATION',134),(4148,'EDU3224',NULL,0,3,'EDU3224','MUSIC IN AFRICA AND THE DIASPORA',134),(4149,'BSP2206',NULL,0,2,'BSP2206','MYCOLOGY & MICROBIOLOGY 2206',134),(4150,'EDU1089',NULL,1,1,'EDU1089','NATURAL SCIENCE I - ACE',134),(4151,'EDU2094',NULL,1,2,'EDU2094','NATURAL SCIENCE II - ACE',134),(4152,'EDU2201',NULL,0,2,'EDU2201','NEED FOR SUS ENVL CONSERVATION & MANAGEMENT',134),(4153,'NECL2_0',NULL,1,2,'NECL2_0','NEEDLEWORK AND CLOTHING II',134),(4154,'NECL3_0',NULL,1,3,'NECL3_0','NEEDLEWORK AND CLOTHING III',134),(4155,'NSYS2_0',NULL,0,2,'NSYS2_0','NETWORK SYSTEMS II',134),(4156,'NTS2113',NULL,0,2,'NTS2113','NETWORK SYSTEMS II',134),(4157,'NTS2114',NULL,0,2,'NTS2114','NETWORK SYSTEMS II',134),(4158,'NTS3113',NULL,0,3,'NTS3113','NETWORK SYSTEMS III',134),(4159,'NSYS3_0',NULL,0,3,'NSYS3_0','NETWORK SYSTEMS III',134),(4160,'NTS3114',NULL,0,3,'NTS3114','NETWORK SYSTEMS III',134),(4161,'DSM3008',NULL,1,3,'DSM3008','\"NEURO-ENDOCRINE, SKIN & MUSCULOSKELETAL DISOR\"',134),(4162,'BSY3211',NULL,0,3,'BSY3211','NEUROPHYCHOLOGY & LEGAL ISSUES',134),(4163,'PSY4105',NULL,0,1,'PSY4105','NEUROPSYCHOLOGY',134),(4164,'PSY1105',NULL,0,2,'PSY1105','NEUROPSYCHOLOGY I',134),(4165,'NHN2001',NULL,1,2,'NHN2001','\"NEUROSCIENCE,HEAD&NECK,EYE,EAR,NOSE&THROAT\"',134),(4166,'NER1110',NULL,1,1,'NER1110','NEWS REPORTING I',134),(4167,'PSY1112',NULL,0,1,'PSY1112','NORMAL & PATHO HUMAN BEHAVIOUR',134),(4168,'EDU2088',NULL,1,2,'EDU2088','NUMERACY',134),(4169,'EDU3011',NULL,1,1,'EDU3011','NUMERACY',134),(4170,'NPDN1_0',NULL,1,1,'NPDN1_0','NUMERACY I',134),(4171,'NPDN2_0',NULL,1,2,'NPDN2_0','NUMERACY II',134),(4172,'NPDN3_0',NULL,1,3,'NPDN3_0','NUMERACY III',134),(4173,'NMTE1_0',NULL,1,1,'NMTE1_0','NUMERACY/MATHEMATICS TEACHING I',134),(4174,'NMTE2_0',NULL,1,2,'NMTE2_0','NUMERACY/MATHEMATICS TEACHING II',134),(4175,'NMTE3_0',NULL,1,3,'NMTE3_0','NUMERACY/MATHEMATICS TEACHING III',134),(4176,'APM2101',NULL,0,2,'APM2101','NUMERICAL ANALYSIS 201',134),(4177,'APM3101',NULL,0,3,'APM3101','NUMERICAL METHODS 301',134),(4178,'NUD3101',NULL,0,3,'NUD3101','NURSING DYNAMICS',134),(4179,'NUD3201',NULL,0,3,'NUD3201','NURSING DYNAMICS',134),(4180,'NUD2101',NULL,0,1,'NUD2101','NURSING DYNAMICS 1',134),(4181,'NUD2201',NULL,0,1,'NUD2201','NURSING DYNAMICS 1',134),(4182,'EDN3101',NULL,0,3,'EDN3101','NURSING EDUCATION 3 101',134),(4183,'EDN3201',NULL,0,3,'EDN3201','NURSING EDUCATION 3 201',134),(4184,'EDN2101',NULL,0,1,'EDN2101','NURSING EDUCATION II',134),(4185,'EDN2201',NULL,0,1,'EDN2201','NURSING EDUCATION II',134),(4186,'NUM3201',NULL,0,3,'NUM3201','NURSING MANAGEMENT',134),(4187,'ADN3101',NULL,0,3,'ADN3101','NURSING MANAGEMENT 3 101',134),(4188,'ADN3201',NULL,0,3,'ADN3201','NURSING MANAGEMENT 3 201',134),(4189,'ADN2101',NULL,0,1,'ADN2101','NURSING MANAGEMENT II',134),(4190,'ADN2201',NULL,0,1,'ADN2201','NURSING MANAGEMENT II',134),(4191,'NPM3101',NULL,0,3,'NPM3101','NURSING PROJECT MANAGEMENT',134),(4192,'NUN1101',NULL,0,1,'NUN1101','NURSING SCIENCE 1101',134),(4193,'NUN3101',NULL,0,3,'NUN3101','NURSING SCIENCE 3101',134),(4194,'CNG4003',NULL,1,1,'CNG4003','NUTRITION',134),(4195,'NUT1110',NULL,1,1,'NUT1110','NUTRITION I',134),(4196,'NUT2110',NULL,1,2,'NUT2110','NUTRITION II',134),(4197,'NUT3113',NULL,0,3,'NUT3113','NUTRITION III',134),(4198,'NGT1007',NULL,1,1,'NGT1007','\"NUTRITION, GIT AND METABOLISM\"',134),(4199,'BCH4003',NULL,1,1,'BCH4003','NUTRITIONAL BIOCHEMISTRY',134),(4200,'EDU4211',NULL,0,1,'EDU4211','OBE AND LANGUAGE LEARNING',134),(4201,'OBE6002',NULL,1,1,'OBE6002','OBSTETRICS & GYNAECOLOGY (EFR)',134),(4202,'OBG4003',NULL,1,4,'OBG4003','OBSTETRICS & GYNAECOLOGY 4',134),(4203,'OBG5003',NULL,1,5,'OBG5003','OBSTETRICS & GYNAECOLOGY 5',134),(4204,'OEH5001',NULL,1,1,'OEH5001','OCCUPATIONAL AND ENVIRONMENTAL HEALTH',134),(4205,'OMT1110',NULL,1,3,'OMT1110','OFFICE MANAGEMENT & TECHNOLOGY PRACTICE',134),(4206,'CSI2201',NULL,0,2,'CSI2201','OPERATING SYSTEMS',134),(4207,'OPES4_0',NULL,0,1,'OPES4_0','OPERATING SYSTEMS IV',134),(4208,'BMA2202',NULL,0,2,'BMA2202','OPERATIONS MGT 2202',134),(4209,'XHF3202',NULL,0,3,'XHF3202','ORATURE (TRA RIDDLES PROV IDIOMS SONGS)',134),(4210,'SEF3102',NULL,0,3,'SEF3102','ORATURE 3A + ADVANCED FICTION STUDY',134),(4211,'SEF2104',NULL,0,2,'SEF2104','ORATURE AND ADVANCED FICTION 2A',134),(4212,'SEF2204',NULL,0,3,'SEF2204','ORATURE AND ADVANCED FICTION STUDIES 2B',134),(4213,'SEF3204',NULL,0,3,'SEF3204','ORATURE AND ADVANCED FICTION STUDIES 2B',134),(4214,'XHF3104',NULL,0,3,'XHF3104','ORATURE AND ADVANCED FICTION STUDIES 3A',134),(4215,'XHF2104',NULL,0,1,'XHF2104','ORATURE AND ADVANCED FICTION STUDIES A',134),(4216,'XHF2204',NULL,0,1,'XHF2204','ORATURE AND ADVANCED FICTION STUDIES B',134),(4217,'XHF3204',NULL,0,3,'XHF3204','ORATURE AND FICTION STUDIES 3B',134),(4218,'XHF2202',NULL,0,1,'XHF2202','ORATURE(NON NARRATIVE ASPECTS RIDDLES IDIOMS)',134),(4219,'XHF2102',NULL,0,2,'XHF2102','ORATURE(PROSE NARRATIVES FOLKTALES MYTHS)',134),(4220,'EDU4128',NULL,0,4,'EDU4128','ORCHESTRATION AND INSTRUMENTATION',134),(4221,'MTE2201',NULL,0,2,'MTE2201','ORDINARY DIFFERENTIAL EQUATION',134),(4222,'MAT2201',NULL,0,2,'MAT2201','ORDINARY DIFFERENTIAL EQUATIONS',134),(4223,'ORC21E0',NULL,1,2,'ORC21E0','ORGANIC CHEMISTRY II',134),(4224,'ORC21E3',NULL,0,2,'ORC21E3','ORGANIC CHEMISTRY II',134),(4225,'CHE2204',NULL,0,2,'CHE2204','ORGANIC CHEMISTRY II',134),(4226,'ORC2114',NULL,0,2,'ORC2114','ORGANIC CHEMISTRY II',134),(4227,'ORC21E4',NULL,0,2,'ORC21E4','ORGANIC CHEMISTRY II',134),(4228,'CHE3104',NULL,0,3,'CHE3104','ORGANIC CHEMISTRY III',134),(4229,'ORC3113',NULL,0,3,'ORC3113','ORGANIC CHEMISTRY III',134),(4230,'ORC4113',NULL,0,4,'ORC4113','ORGANIC CHEMISTRY IV',134),(4231,'CHE4204',NULL,0,1,'CHE4204','ORGANIC CHEMISTRY IV',134),(4232,'EORB1_0',NULL,1,1,'EORB1_0','ORGANISATIONAL BEHAVIOUR',134),(4233,'IPY2102',NULL,0,2,'IPY2102','ORGANISATIONAL BEHAVIOUR',134),(4234,'IPY2213',NULL,0,2,'IPY2213','ORGANISATIONAL BEHAVIOUR',134),(4235,'EDU5114',NULL,0,1,'EDU5114','ORGANISATIONAL BEHAVIOUR',134),(4236,'PSY2213',NULL,0,2,'PSY2213','ORGANISATIONAL BEHAVIOUR I',134),(4237,'IPY3203',NULL,0,3,'IPY3203','ORGANISATIONAL BEHAVIOUR II',134),(4238,'ORBE4_0',NULL,1,1,'ORBE4_0','ORGANISATIONAL BEHAVIOUR IV',134),(4239,'EDU4229',NULL,1,1,'EDU4229','ORGANISATIONAL DEVELOPMENT (FDE)',134),(4240,'ORE1110',NULL,1,1,'ORE1110','ORGANISATIONAL EFFECTIVENESS I',134),(4241,'ORE2110',NULL,1,2,'ORE2110','ORGANISATIONAL EFFECTIVENESS II',134),(4242,'ORM3011',NULL,0,3,'ORM3011','ORGANISATIONAL MANAGEMENT III - MODULE I',134),(4243,'ORM3022',NULL,0,3,'ORM3022','ORGANISATIONAL MANAGEMENT III - MODULE II',134),(4244,'ORMA3_1',NULL,0,1,'ORMA3_1','ORGANISATIONAL MANAGEMENT III(MODULE 1)',134),(4245,'ORMA3_2',NULL,0,1,'ORMA3_2','ORGANISATIONAL MANAGEMENT III(MODULE 2)',134),(4246,'EDU6101',NULL,0,1,'EDU6101','ORGANISATIONAL THEORY & TEACHER PROF',134),(4247,'PAD2203',NULL,0,2,'PAD2203','\"ORGANIZATIONAL ANALYSIS, DEV & MGT 2203\"',134),(4248,'EDU4001',NULL,1,1,'EDU4001','ORGANIZATIONAL COMMUNICATION',134),(4249,'IPY4201',NULL,0,1,'IPY4201','ORGANIZATIONAL PSYCHOLOGY',134),(4250,'ORT3013',NULL,1,3,'ORT3013','ORTHOPAEDICS',134),(4251,'PAE5003',NULL,1,1,'PAE5003','PAEDIATRICS & CHILD HEALTH YEAR III',134),(4252,'PAE5004',NULL,1,1,'PAE5004','PAEDIATRICS & CHILD HELATH YEAR IV',134),(4253,'PDE6003',NULL,1,1,'PDE6003','PAEDIATRICS (EFR)',134),(4254,'PDT4005',NULL,1,4,'PDT4005','PAEDIATRICS 4 (PROM)',134),(4255,'PDT5004',NULL,1,5,'PDT5004','PAEDIATRICS 5',134),(4256,'PAE5002',NULL,1,1,'PAE5002','PAEDIATRICS AND CHILD HEALTH',134),(4257,'PAI21P0',NULL,1,2,'PAI21P0','PAINTING II',134),(4258,'PAI31P0',NULL,1,3,'PAI31P0','PAINTING III',134),(4259,'PAIP410',NULL,1,4,'PAIP410','PAINTING IV',134),(4260,'PTGN1_0',NULL,1,2,'PTGN1_0','PATTERN GRADING I',134),(4261,'PTGN2_0',NULL,1,3,'PTGN2_0','PATTERN GRADING II',134),(4262,'PATT1_0',NULL,1,1,'PATT1_0','PATTERN TECHNOLOGY I',134),(4263,'PATT2_0',NULL,1,2,'PATT2_0','PATTERN TECHNOLOGY II',134),(4264,'PATT3_0',NULL,1,3,'PATT3_0','PATTERN TECHNOLOGY III',134),(4265,'PEN4202',NULL,0,1,'PEN4202','PENOLOGY',134),(4266,'HST1201',NULL,0,1,'HST1201','PEOPLE OF SA FROM EARLIEST TIMES TO MFECANE',134),(4267,'MAD2202',NULL,0,2,'MAD2202','PERS MGT & PUBLIC FIN LOCAL GOVT 2202',134),(4268,'PINT1_0',NULL,1,1,'PINT1_0','PERSONAL AND INTERPERSONAL SKILLS',134),(4269,'MAD3202',NULL,0,3,'MAD3202','PERSONAL MGT & FIN OF LOCAL GOV 3202',134),(4270,'PEL1A13',NULL,0,1,'PEL1A13','PERSONAL SELLING I Module I',134),(4271,'PEL1B14',NULL,0,1,'PEL1B14','PERSONAL SELLING I Module II',134),(4272,'TTM2A10',NULL,1,2,'TTM2A10','PERSONNEL MANAGEMENT',134),(4273,'PEM1110',NULL,1,1,'PEM1110','PERSONNEL MANAGEMENT I',134),(4274,'PMAN1_0',NULL,1,1,'PMAN1_0','PERSONNEL MANAGEMENT I',134),(4275,'PEM2110',NULL,1,2,'PEM2110','PERSONNEL MANAGEMENT II',134),(4276,'PMAN2_0',NULL,1,2,'PMAN2_0','PERSONNEL MANAGEMENT II',134),(4277,'PEM3120',NULL,1,3,'PEM3120','PERSONNEL MANAGEMENT III',134),(4278,'PMAN3_0',NULL,1,3,'PMAN3_0','PERSONNEL MANAGEMENT III',134),(4279,'PMP2102',NULL,0,2,'PMP2102','PESTICIDES & APPLICATI0NS 2102',134),(4280,'PRN2101',NULL,0,2,'PRN2101','PHARMACOLOGY',134),(4281,'PRN2201',NULL,0,2,'PRN2201','PHARMACOLOGY',134),(4282,'PHL1101',NULL,0,1,'PHL1101','PHILOSOPHICAL PROBLEMS',134),(4283,'EDU5103',NULL,0,1,'EDU5103','PHILOSOPHY OF EDUCATION',134),(4284,'GEO4002',NULL,1,1,'GEO4002','PHILOSOPHY OF GEOGRAPHY',134),(4285,'PHIL114',NULL,0,1,'PHIL114','PHILOSOPHY OF LIFE & LIFE SKILLS I',134),(4286,'EDU4125',NULL,0,4,'EDU4125','PHILOSOPHY OF MUSIC EDUCATION',134),(4287,'XHL4001',NULL,1,1,'XHL4001','PHONETICS AND PHONOLOGY',134),(4288,'CHE2105',NULL,0,2,'CHE2105','PHYSICAL CHEMISTRY',134),(4289,'PHC21E0',NULL,1,2,'PHC21E0','PHYSICAL CHEMISTRY II',134),(4290,'PHC21E3',NULL,0,2,'PHC21E3','PHYSICAL CHEMISTRY II',134),(4291,'PHC2114',NULL,0,2,'PHC2114','PHYSICAL CHEMISTRY II',134),(4292,'PHC21E4',NULL,0,2,'PHC21E4','PHYSICAL CHEMISTRY II',134),(4293,'PHC3113',NULL,0,3,'PHC3113','PHYSICAL CHEMISTRY III',134),(4294,'CHE3205',NULL,0,3,'CHE3205','PHYSICAL CHEMISTRY III',134),(4295,'PHC4114',NULL,0,4,'PHC4114','PHYSICAL CHEMISTRY IV',134),(4296,'CHE4205',NULL,0,1,'CHE4205','PHYSICAL CHEMISTRY IV',134),(4297,'PHS1110',NULL,1,1,'PHS1110','PHYSICAL SCIENCE I',134),(4298,'PHSC1_0',NULL,1,1,'PHSC1_0','PHYSICAL SCIENCE I',134),(4299,'PHSC3_0',NULL,1,3,'PHSC3_0','PHYSICAL SCIENCE III',134),(4300,'PHY1103',NULL,0,1,'PHY1103','PHYSICS FOR LIFE SCIENCES 101',134),(4301,'PHY1204',NULL,0,1,'PHY1204','PHYSICS FOR LIFE SCIENCES 102',134),(4302,'PHY11E0',NULL,1,1,'PHY11E0','PHYSICS I',134),(4303,'PHY1013',NULL,0,1,'PHY1013','PHYSICS I',134),(4304,'PHY2113',NULL,0,5,'PHY2113','PHYSICS II',134),(4305,'BMC2003',NULL,1,2,'BMC2003','PHYSIOLOGICAL CHEMISTRY',134),(4306,'PHN1212',NULL,0,2,'PHN1212','PHYSIOLOGY',134),(4307,'PHN1113',NULL,0,2,'PHN1113','PHYSIOLOGY',134),(4308,'PHF1110',NULL,1,1,'PHF1110','PHYSIOLOGY FOOD I',134),(4309,'EDU3226',NULL,0,3,'EDU3226','PIANO ACCOMPANMENT II',134),(4310,'EDU2209',NULL,0,2,'EDU2209','PIANO ADVANCED',134),(4311,'EDU1211',NULL,0,1,'EDU1211','PIANO ELEMENTARY',134),(4312,'EDU2115',NULL,0,2,'EDU2115','PIANO INTERMEDIATE ONE',134),(4313,'BOT4105',NULL,0,1,'BOT4105','PLANT BIOTECHNOLOGY',134),(4314,'BSP1204',NULL,0,1,'BSP1204','PLANT DIVERSITY',134),(4315,'BSP3103',NULL,0,3,'BSP3103','PLANT PATHOLOGY 3103',134),(4316,'BOT4103',NULL,0,1,'BOT4103','PLANT PHYSIOLOGY',134),(4317,'BSP3102',NULL,0,3,'BSP3102','PLANT PHYSIOLOGY 3102',134),(4318,'BOT4101',NULL,0,1,'BOT4101','PLANT SYSTEMATICS',134),(4319,'POL1110',NULL,1,1,'POL1110','POLICING I',134),(4320,'POL2110',NULL,1,2,'POL2110','POLICING II',134),(4321,'POL3110',NULL,1,3,'POL3110','POLICING III',134),(4322,'MAD2101',NULL,0,2,'MAD2101','POLICY & LEG F WORK LOCAL GOVT 2101',134),(4323,'EDU5115',NULL,0,1,'EDU5115','POLICY AND EDUCATION CHANGE',134),(4324,'PDH5206',NULL,1,1,'PDH5206','POLICY DEV TECHNICAL TOOLS OF POLICY DRAFTIN',134),(4325,'PDH4206',NULL,1,1,'PDH4206','POLICY DEVELOPMENT IN HEALTH PROMOTION',134),(4326,'EDU4109',NULL,0,1,'EDU4109','POLICY GOVERNING EDUCATION IN SOUTH AFRICA',134),(4327,'MAD3103',NULL,0,3,'MAD3103','POLICY PROCESSES FOR LOCAL GOVERNMENT 3103',134),(4328,'POS3114',NULL,0,3,'POS3114','POLICY STUDIES III',134),(4329,'ECO2109',NULL,0,2,'ECO2109','POLITICAL ECONOMY',134),(4330,'PHL2200',NULL,0,2,'PHL2200','POLITICAL PHILOSOPHY',134),(4331,'POL2101',NULL,0,2,'POL2101','POLITICAL THEORY',134),(4332,'POCH213',NULL,0,5,'POCH213','POLYMER CHEMISTRY',134),(4333,'SOC2208',NULL,0,2,'SOC2208','POPULATION & SOCIAL DIFFERATIATION (HIV/AIDS)',134),(4334,'SOC3213',NULL,0,3,'SOC3213','POPULATION AND RURAL DEVELOPMENT',134),(4335,'SOC1202',NULL,0,1,'SOC1202','POPULATION AND RURAL URBAN DEVELOPMENT',134),(4336,'POP4001',NULL,1,1,'POP4001','POPULATION CHANGE AND DEV : EMPHASIS ON AFRIC',134),(4337,'GEO4010',NULL,1,1,'GEO4010','POPULATION GEOGRAPHY',134),(4338,'POP4004',NULL,1,1,'POP4004','POPULATION POLICIES AND DEV STRATEGIES',134),(4339,'EDU2093',NULL,1,2,'EDU2093','PORTFOLIO DEVELOPMENT',134),(4340,'PMP2203',NULL,0,2,'PMP2203','POST HARVEST TECHNOLOGY',134),(4341,'ELS2205',NULL,0,2,'ELS2205','PRACTICAL CRITICISM AN INTRODUCTION',134),(4342,'ELS2101',NULL,0,2,'ELS2101','PRACTICAL CRITICISM: AN INTRODUCTION',134),(4343,'PMG5006',NULL,1,1,'PMG5006','PRACTICE MANAGEMENT',134),(4344,'PJO4110',NULL,1,4,'PJO4110','PRACTICE OF JOURNALISM IV',134),(4345,'MAT1101',NULL,0,1,'MAT1101','PRECALCULUS & CALCULUS I',134),(4346,'MTE1101',NULL,0,1,'MTE1101','PRECALCULUS & CALCULUS I',134),(4347,'MAT1201',NULL,0,1,'MAT1201','PRECALCULUS & CALCULUS II',134),(4348,'MTE1201',NULL,0,1,'MTE1201','PRECALCULUS & CALCULUS II',134),(4349,'PWC1113',NULL,0,1,'PWC1113','PRELIMINARY WINE CERTIFICATE',134),(4350,'PHC4101',NULL,0,4,'PHC4101','PRIMARY HEALTH CARE',134),(4351,'PHC4201',NULL,0,4,'PHC4201','PRIMARY HEALTH CARE',134),(4352,'PHC1101',NULL,0,1,'PHC1101','PRIMARY HEALTH CARE 1 101',134),(4353,'PHC1201',NULL,1,1,'PHC1201','PRIMARY HEALTH CARE 1 201',134),(4354,'PHC2101',NULL,0,2,'PHC2101','PRIMARY HEALTH CARE 2 101',134),(4355,'PHC2201',NULL,0,2,'PHC2201','PRIMARY HEALTH CARE 2 201',134),(4356,'PHC3101',NULL,0,3,'PHC3101','PRIMARY HEALTH CARE 3 101',134),(4357,'PHC3201',NULL,0,3,'PHC3201','PRIMARY HEALTH CARE 3 201',134),(4358,'PHC5001',NULL,1,1,'PHC5001','PRIMARY HEALTH CARE I',134),(4359,'ADED1_0',NULL,1,1,'ADED1_0','PRINCIPLES OF ADULT EDUCATION I',134),(4360,'EDU1101',NULL,0,1,'EDU1101','PRINCIPLES OF EDUCATION (EDU 1 P1)',134),(4361,'EDU2109',NULL,0,2,'EDU2109','PRINCIPLES OF EDUCATION (EDU2 P1)',134),(4362,'PIN1110',NULL,1,1,'PIN1110','PRINCIPLES OF INFORMATION SYSTEMS',134),(4363,'EDU1061',NULL,1,1,'EDU1061','PRINCIPLES OF LEARNING AND TEACHING',134),(4364,'EDU4131',NULL,0,1,'EDU4131','Principles of Learning and Teaching',134),(4365,'POL2103',NULL,0,2,'POL2103','PRINCIPLES OF POLITICAL ECONOMY',134),(4366,'ANT1102',NULL,0,1,'ANT1102','PRINCIPLES OF SOCIAL ORGANIZATION AND CULTURE',134),(4367,'EDU1161',NULL,0,1,'EDU1161','PRINCIPLES OF TEACHING AND LEARNING',134),(4368,'PMM21P0',NULL,1,2,'PMM21P0','PRINTMAKING II',134),(4369,'PMM31P0',NULL,1,3,'PMM31P0','PRINTMAKING III',134),(4370,'PMMP410',NULL,1,4,'PMMP410','PRINTMAKING IV',134),(4371,'CRY3202',NULL,0,3,'CRY3202','PRIORITY CRIME ISSUES',134),(4372,'SOW3012',NULL,0,3,'SOW3012','PRIORITY CRIME ISSUES',134),(4373,'STA1101',NULL,0,1,'STA1101','PROBABILITY & DISTRIBUTION 101',134),(4374,'STA2101',NULL,0,2,'STA2101','PROBABILITY DISTR THEORY 201',134),(4375,'CSI1102',NULL,0,1,'CSI1102','PROBLEM SOLVING 1102',134),(4376,'PLM2113',NULL,0,2,'PLM2113','PROCUREMENT AND LOGISTICS MANAGEMENT II',134),(4377,'PLM2114',NULL,0,2,'PLM2114','PROCUREMENT AND LOGISTICS MANAGEMENT II',134),(4378,'PRPM214',NULL,0,4,'PRPM214','PRODUCTION AND PURCHASING MANAGEMENT II',134),(4379,'PMA1110',NULL,1,2,'PMA1110','PRODUCTION MANAGEMENT I',134),(4380,'PRMA1_0',NULL,1,2,'PRMA1_0','PRODUCTION MANAGEMENT I',134),(4381,'PROM2_0',NULL,1,1,'PROM2_0','PRODUCTION MANAGEMENT II',134),(4382,'PMA2110',NULL,1,4,'PMA2110','PRODUCTION MANAGEMENT II',134),(4383,'EDU4231',NULL,1,1,'EDU4231','PROFESSIONAL DEVELOPMENT OF EDUCATORS',134),(4384,'PRFS1_0',NULL,1,3,'PRFS1_0','PROFESSIONAL SKILLS I',134),(4385,'EDU1119',NULL,0,1,'EDU1119','PROGRAM PLANNING AND EVALUATION',134),(4386,'PRP3114',NULL,0,3,'PRP3114','PROGRAMME MANAGEMENT III',134),(4387,'EPRG1_0',NULL,0,1,'EPRG1_0','PROGRAMMING I',134),(4388,'PRG1113',NULL,0,1,'PRG1113','PROGRAMMING I',134),(4389,'PRG1114',NULL,0,1,'PRG1114','PROGRAMMING I',134),(4390,'EPRG2_0',NULL,0,2,'EPRG2_0','PROGRAMMING II',134),(4391,'PRG2113',NULL,0,2,'PRG2113','PROGRAMMING II',134),(4392,'PRG2114',NULL,0,2,'PRG2114','PROGRAMMING II',134),(4393,'PRG3113',NULL,0,3,'PRG3113','PROGRAMMING III',134),(4394,'PRG3114',NULL,0,3,'PRG3114','PROGRAMMING III',134),(4395,'CSI2101',NULL,0,2,'CSI2101','PROGRAMMING in JAVA & NETWORKING',134),(4396,'BMP3103',NULL,1,3,'BMP3103','PROJECT',134),(4397,'BOT4106',NULL,0,1,'BOT4106','PROJECT',134),(4398,'PHY4205',NULL,0,1,'PHY4205','PROJECT',134),(4399,'ZOO4205',NULL,0,1,'ZOO4205','PROJECT',134),(4400,'PAD3206',NULL,0,3,'PAD3206','PROJECT  MANAGEMENT 3206',134),(4401,'EDU1221',NULL,0,1,'EDU1221','PROJECT (DAETD)',134),(4402,'PCF1110',NULL,1,4,'PCF1110','PROJECT CONTINUATION FEE',134),(4403,'SOW4204',NULL,0,4,'SOW4204','PROJECT DEVELOPMENT AND MANAGEMENT',134),(4404,'PROJ4_0',NULL,1,1,'PROJ4_0','PROJECT IV',134),(4405,'PMT2113',NULL,0,2,'PMT2113','PROJECT MANAGEMENT II',134),(4406,'PMT2114',NULL,0,2,'PMT2114','PROJECT MANAGEMENT II',134),(4407,'POMA4_0',NULL,0,1,'POMA4_0','PROJECT MANAGEMENT IV',134),(4408,'PMAN4_0',NULL,0,1,'PMAN4_0','PROJECT MANAGEMENT IV',134),(4409,'EPJ1113',NULL,0,1,'EPJ1113','PROJECTS I',134),(4410,'PROJ1_0',NULL,0,1,'PROJ1_0','PROJECTS I',134),(4411,'EPJ1114',NULL,0,1,'EPJ1114','PROJECTS I',134),(4412,'PNS3101',NULL,0,3,'PNS3101','PSYCHIATRIC NURSING',134),(4413,'PNS3201',NULL,0,3,'PNS3201','PSYCHIATRIC NURSING',134),(4414,'PNS4101',NULL,0,4,'PNS4101','PSYCHIATRIC NURSING',134),(4415,'PNS4201',NULL,0,4,'PNS4201','PSYCHIATRIC NURSING',134),(4416,'PCE6004',NULL,1,1,'PCE6004','PSYCHIATRY (EFR)',134),(4417,'PCY4004',NULL,1,4,'PCY4004','PSYCHIATRY 4',134),(4418,'PCY5005',NULL,1,5,'PCY5005','PSYCHIATRY 5',134),(4419,'CRY3201',NULL,0,3,'CRY3201','PSYCHO CRIMINOLOGY',134),(4420,'PCM4205',NULL,0,1,'PCM4205','PSYCHO CRIMINOLOGY',134),(4421,'IPY3214',NULL,0,3,'IPY3214','PSYCHOLOGICAL ASSES & RESEARCH METHODS 11',134),(4422,'PSY3214',NULL,0,3,'PSY3214','PSYCHOLOGICAL ASSES & RESEARCH METHODS 11',134),(4423,'BSY3214',NULL,0,3,'BSY3214','PSYCHOLOGICAL ASSESMENT & RESEACH 11',134),(4424,'PSY2214',NULL,0,2,'PSY2214','PSYCHOLOGICAL ASSESS & RESEARCH METHODS 1',134),(4425,'IPY2214',NULL,0,2,'IPY2214','PSYCHOLOGICAL ASSESSMENT',134),(4426,'PSY2202',NULL,0,2,'PSY2202','PSYCHOLOGICAL ASSESSMENT',134),(4427,'PSY4102',NULL,0,1,'PSY4102','PSYCHOLOGICAL ASSESSMENT',134),(4428,'PSY3101',NULL,0,3,'PSY3101','PSYCHOLOGICAL ASSESSMENT II',134),(4429,'BSY4104',NULL,0,4,'BSY4104','PSYCHOLOGICAL ASSESSMENT II',134),(4430,'PSY2113',NULL,0,2,'PSY2113','PSYCHOLOGY',134),(4431,'EDU1222',NULL,0,1,'EDU1222','PSYCHOLOGY OF ADULT EDUCATION',134),(4432,'EDU1062',NULL,1,1,'EDU1062','PSYCHOLOGY OF LEARNING AND TEACHING',134),(4433,'EDU4220',NULL,0,1,'EDU4220','Psychology of Learning and Teaching',134),(4434,'EDU1262',NULL,0,1,'EDU1262','PSYCHOLOGY OF TEACHING AND LEARNING',134),(4435,'PSY4009',NULL,1,1,'PSY4009','PSYCHOPATHOLOGY',134),(4436,'BSY4102',NULL,0,4,'BSY4102','PSYCHOPATHOLOGY III',134),(4437,'BSY4103',NULL,0,4,'BSY4103','PSYCHOTHERAPIES III',134),(4438,'PSY3102',NULL,0,3,'PSY3102','PSYCHOTHERAPY',134),(4439,'PSY4007',NULL,1,1,'PSY4007','PSYCHOTHERAPY',134),(4440,'PACC4_0',NULL,0,1,'PACC4_0','PUBLIC ACCOUNTABILITY IV',134),(4441,'PDM1114',NULL,0,1,'PDM1114','PUBLIC DECISION-MAKING I',134),(4442,'ECO3210',NULL,0,3,'ECO3210','PUBLIC FINANCE 3210',134),(4443,'PFM2113',NULL,0,2,'PFM2113','PUBLIC FINANCIAL MANAGEMENT II',134),(4444,'PFM2114',NULL,0,2,'PFM2114','PUBLIC FINANCIAL MANAGEMENT II',134),(4445,'PAD2204',NULL,0,2,'PAD2204','PUBLIC HUMAN RESOURCE MANAGEMENT 2204',134),(4446,'PHR2113',NULL,0,2,'PHR2113','PUBLIC HUMAN RESOURCE MANAGEMENT II',134),(4447,'PHR2114',NULL,0,2,'PHR2114','PUBLIC HUMAN RESOURCE MANAGEMENT II',134),(4448,'PHR3113',NULL,0,3,'PHR3113','PUBLIC HUMAN RESOURCE MANAGEMENT III',134),(4449,'PHR3114',NULL,0,3,'PHR3114','PUBLIC HUMAN RESOURCE MANAGEMENT III',134),(4450,'PHMR4_0',NULL,0,1,'PHMR4_0','PUBLIC HUMAN RESOURCE MANAGEMENT IV',134),(4451,'PIP2113',NULL,0,2,'PIP2113','PUBLIC INFORMATION PRACTICES II',134),(4452,'PIS1113',NULL,0,1,'PIS1113','PUBLIC INFORMATION SERVICE I',134),(4453,'PUL3204',NULL,0,3,'PUL3204','PUBLIC INTERNATIONAL LAW',134),(4454,'PMP3114',NULL,0,3,'PMP3114','PUBLIC MANAGEMENT PRACTICE III',134),(4455,'PAD1202',NULL,0,1,'PAD1202','PUBLIC MGT & LEADERSHIP 1202',134),(4456,'POM1114',NULL,0,1,'POM1114','PUBLIC OFFICE MANAGEMENT I',134),(4457,'PAD2202',NULL,0,2,'PAD2202','PUBLIC PERS MGT ORGAN THEORY 2202',134),(4458,'POL5103',NULL,0,1,'POL5103','PUBLIC POLICY ANA',134),(4459,'POL3202',NULL,0,3,'POL3202','PUBLIC POLICY ANALYSIS',134),(4460,'POL4207',NULL,0,1,'POL4207','PUBLIC POLICY ANALYSIS',134),(4461,'PAD2102',NULL,0,2,'PAD2102','PUBLIC POLICY MANAGEMENT 2102',134),(4462,'PUPY4_0',NULL,0,1,'PUPY4_0','PUBLIC POLICY MANAGEMENT IV',134),(4463,'PPL2113',NULL,0,2,'PPL2113','PUBLIC PROCUREMENT AND LOGISTIC MANAGEMENT',134),(4464,'PUBR1_0',NULL,1,1,'PUBR1_0','PUBLIC RELATIONS I',134),(4465,'PUBR110',NULL,1,1,'PUBR110','PUBLIC RELATIONS I',134),(4466,'PUBR2_0',NULL,1,2,'PUBR2_0','PUBLIC RELATIONS II',134),(4467,'PUBR210',NULL,1,2,'PUBR210','PUBLIC RELATIONS II',134),(4468,'PUBR3_0',NULL,0,3,'PUBR3_0','PUBLIC RELATIONS III',134),(4469,'PUBR4_0',NULL,1,1,'PUBR4_0','PUBLIC RELATIONS IV',134),(4470,'PEEL3_0',NULL,0,3,'PEEL3_0','PUBLIC RELATIONS PRACTICE',134),(4471,'PRM1113',NULL,0,1,'PRM1113','PUBLIC RESOURCE MANAGEMENT I',134),(4472,'PAD2103',NULL,0,2,'PAD2103','PUBLIC SECTOR FINANCIAL MANAGEMENT 2103',134),(4473,'PAD1203',NULL,0,1,'PAD1203','PUBLIC SECTOR MGT SKILLS 1203',134),(4474,'PAD3204',NULL,0,3,'PAD3204','PUBLIC SECTOR MGT STRATEGIES AND TECHNIQUES',134),(4475,'PSD1113',NULL,0,1,'PSD1113','PUBLIC SERVICE DELIVERY I',134),(4476,'EDU6108',NULL,0,1,'EDU6108','QUALITATIVE DATA ANALYSIS (7B)',134),(4477,'EDU4228',NULL,1,1,'EDU4228','QUALITY MANAGEMENT',134),(4478,'ECO2101',NULL,0,2,'ECO2101','QUANTATIVE METHODS FOR ECONOMISTS',134),(4479,'EDU6107',NULL,0,1,'EDU6107','QUANTITATIVE DATA ANALYSIS (7A)',134),(4480,'QAT1A13',NULL,0,2,'QAT1A13','QUANTITATIVE TECHNIQUES I - MODULE I',134),(4481,'QAT1B14',NULL,0,2,'QAT1B14','QUANTITATIVE TECHNIQUES I - MODULE II',134),(4482,'QUSU1E0',NULL,1,2,'QUSU1E0','QUANTITY SURVEYING  (Extended)',134),(4483,'QUSU1_0',NULL,1,1,'QUSU1_0','QUANTITY SURVEYING I',134),(4484,'QUSU2_0',NULL,1,2,'QUSU2_0','QUANTITY SURVEYING II',134),(4485,'QUSU3_0',NULL,1,3,'QUSU3_0','QUANTITY SURVEYING III',134),(4486,'PHY4204',NULL,0,1,'PHY4204','QUANTUM & STATISTICAL PHYSICS',134),(4487,'ERE3113',NULL,0,3,'ERE3113','RADIO ENGINEERING III',134),(4488,'RANG3_0',NULL,0,3,'RANG3_0','RADIO ENGINEERING III',134),(4489,'ERE3114',NULL,0,3,'ERE3114','RADIO ENGINEERING III',134),(4490,'RADT113',NULL,0,1,'RADT113','RADIO THEORY I',134),(4491,'RTP5005',NULL,1,1,'RTP5005','RATIONAL THERAPEUTICS',134),(4492,'PHL2204',NULL,0,2,'PHL2204','RATIONALISM AND EMPIRICISM',134),(4493,'MIC4005',NULL,1,1,'MIC4005','READING/DISCUSSIONS IN MEDICAL MICROBIOLOGY',134),(4494,'PIO4003',NULL,1,1,'PIO4003','READINGS IN PHYSIOLOGY',134),(4495,'MAT2102',NULL,0,2,'MAT2102','REAL ANALYSIS I',134),(4496,'MTE2102',NULL,0,2,'MTE2102','REAL ANALYSIS I',134),(4497,'MAT3101',NULL,0,3,'MAT3101','REAL ANALYSIS II',134),(4498,'MTE3101',NULL,0,3,'MTE3101','REAL ANALYSIS II',134),(4499,'RPLE2_0',NULL,1,1,'RPLE2_0','RECOGNITION OF PRIOR LEARNING',134),(4500,'NPDR1_0',NULL,1,1,'NPDR1_0','RECOGNITION OF PRIOR LEARNING I',134),(4501,'NPDR2_0',NULL,1,2,'NPDR2_0','RECOGNITION OF PRIOR LEARNING II',134),(4502,'NPDR3_0',NULL,1,3,'NPDR3_0','RECOGNITION OF PRIOR LEARNING III',134),(4503,'EDU1213',NULL,0,1,'EDU1213','RECORDER ELEMENTARY',134),(4504,'EDU1128',NULL,0,1,'EDU1128','RECORDER ENSEMBLE ONE',134),(4505,'EDU1235',NULL,0,1,'EDU1235','RECORDER ENSEMBLE TWO',134),(4506,'EDU2113',NULL,0,2,'EDU2113','RECORDER INTERMEDIATE ONE',134),(4507,'EDU2208',NULL,0,2,'EDU2208','RECORDER INTERMEDIATE TWO',134),(4508,'MTHD4_0',NULL,0,4,'MTHD4_0','REFRIGERATION AND AIRCONDITIONING IV',134),(4509,'CSD3413',NULL,0,3,'CSD3413','REINFORCED CONCRETE & MASONRY DESIGN III',134),(4510,'CSD3414',NULL,0,3,'CSD3414','REINFORCED CONCRETE & MASONRY DESIGN III',134),(4511,'SDEB3_0',NULL,0,3,'SDEB3_0','REINFORCED CONCRETE AND MASONARY DESIGN III',134),(4512,'RBR2004',NULL,1,2,'RBR2004','\"RENAL, BODY FLUIDS, REPRODUCTIVE\"',134),(4513,'HPR5206',NULL,1,1,'HPR5206','RESEARCH',134),(4514,'EDU4216',NULL,0,1,'EDU4216','RESEARCH & LANGUAGE TEACHING & LEARNING',134),(4515,'REIM4_0',NULL,1,1,'REIM4_0','RESEARCH AND INFORMATION MANAGEMENT IV',134),(4516,'BMS3004',NULL,1,3,'BMS3004','RESEARCH ETHICS',134),(4517,'BSY4101',NULL,0,4,'BSY4101','RESEARCH III',134),(4518,'EDU1086',NULL,1,1,'EDU1086','RESEARCH IN EDUCATION',134),(4519,'ERMT1_0',NULL,1,1,'ERMT1_0','RESEARCH METHODOLOGY',134),(4520,'RCME4_0',NULL,1,1,'RCME4_0','RESEARCH METHODOLOGY',134),(4521,'REMM4_0',NULL,1,1,'REMM4_0','RESEARCH METHODOLOGY',134),(4522,'REMTH_0',NULL,1,1,'REMTH_0','RESEARCH METHODOLOGY',134),(4523,'RESM1_0',NULL,1,1,'RESM1_0','RESEARCH METHODOLOGY',134),(4524,'RESM4_0',NULL,1,1,'RESM4_0','RESEARCH METHODOLOGY',134),(4525,'RESM4_1',NULL,1,1,'RESM4_1','RESEARCH METHODOLOGY',134),(4526,'RIMM4_0',NULL,1,1,'RIMM4_0','RESEARCH METHODOLOGY',134),(4527,'CRY3102',NULL,0,3,'CRY3102','RESEARCH METHODOLOGY',134),(4528,'RPN3201',NULL,0,3,'RPN3201','RESEARCH METHODOLOGY',134),(4529,'REM1110',NULL,1,4,'REM1110','RESEARCH METHODOLOGY',134),(4530,'REMA110',NULL,1,4,'REMA110','RESEARCH METHODOLOGY',134),(4531,'MIC4004',NULL,1,1,'MIC4004','RESEARCH METHODOLOGY',134),(4532,'EDU5203',NULL,0,1,'EDU5203','RESEARCH METHODOLOGY',134),(4533,'EDU6004',NULL,1,1,'EDU6004','RESEARCH METHODOLOGY',134),(4534,'MET5009',NULL,1,1,'MET5009','RESEARCH METHODOLOGY',134),(4535,'REM1011',NULL,0,4,'REM1011','RESEARCH METHODOLOGY - MODULE I',134),(4536,'REM1022',NULL,0,4,'REM1022','RESEARCH METHODOLOGY - MODULE II',134),(4537,'GEO3106',NULL,0,3,'GEO3106','RESEARCH METHODOLOGY 3106',134),(4538,'RMT1113',NULL,0,4,'RMT1113','RESEARCH METHODOLOGY I',134),(4539,'EDU5216',NULL,0,1,'EDU5216','RESEARCH METHODOLOGY I',134),(4540,'EDU5116',NULL,0,1,'EDU5116','RESEARCH METHODOLOGY II',134),(4541,'REMT413',NULL,0,4,'REMT413','RESEARCH METHODOLOGY Module I',134),(4542,'REMT414',NULL,0,4,'REMT414','RESEARCH METHODOLOGY Module II',134),(4543,'GDS4002',NULL,1,1,'GDS4002','RESEARCH METHODOLOGY PAPER 2',134),(4544,'CLM4001',NULL,1,1,'CLM4001','RESEARCH METHODOLOGY(LAB MNGT & QUALITY CNTRL',134),(4545,'POL2102',NULL,0,2,'POL2102','RESEARCH METHODS',134),(4546,'POL4101',NULL,1,1,'POL4101','RESEARCH METHODS',134),(4547,'RMF5003',NULL,1,1,'RMF5003','RESEARCH METHODS',134),(4548,'PSY4101',NULL,0,1,'PSY4101','RESEARCH METHODS & STATISTICS',134),(4549,'PAD3102',NULL,0,3,'PAD3102','RESEARCH METHODS 3102',134),(4550,'SOC3002',NULL,1,3,'SOC3002','RESEARCH METHODS AND PROJECT',134),(4551,'POP4006',NULL,1,1,'POP4006','RESEARCH METHODS AND STATISTICS',134),(4552,'RMET4_0',NULL,1,1,'RMET4_0','RESEARCH METHODS AND TECHNIQUES IV',134),(4553,'SOW3004',NULL,1,3,'SOW3004','RESEARCH METHODS FOR SOCIAL SCIENCES',134),(4554,'SOC2005',NULL,1,2,'SOC2005','\"RESEARCH METHODS, SOCIAL STATS AND CREDIT RUR\"',134),(4555,'ELS4210',NULL,1,1,'ELS4210','RESEARCH PAPER',134),(4556,'CES4109',NULL,1,1,'CES4109','RESEARCH PAPER 9',134),(4557,'GEO4004',NULL,1,1,'GEO4004','RESEARCH PAPER/DISSERTATION',134),(4558,'ECO4212',NULL,0,1,'ECO4212','RESEARCH PROJECT',134),(4559,'REP3001',NULL,1,3,'REP3001','RESEARCH PROJECT',134),(4560,'RPH3001',NULL,1,3,'RPH3001','RESEARCH PROJECT',134),(4561,'REP4105',NULL,0,4,'REP4105','RESEARCH PROJECT',134),(4562,'BPM4201',NULL,0,4,'BPM4201','RESEARCH PROJECT',134),(4563,'BSY4204',NULL,0,4,'BSY4204','RESEARCH PROJECT',134),(4564,'BCH4000',NULL,1,1,'BCH4000','RESEARCH PROJECT',134),(4565,'MIC4003',NULL,1,1,'MIC4003','RESEARCH PROJECT',134),(4566,'PIO4002',NULL,1,1,'PIO4002','RESEARCH PROJECT',134),(4567,'PSY4201',NULL,0,1,'PSY4201','RESEARCH PROJECT',134),(4568,'BCH5000',NULL,1,1,'BCH5000','RESEARCH PROJECT',134),(4569,'MMM5002',NULL,1,1,'MMM5002','RESEARCH PROJECT',134),(4570,'PHP5000',NULL,1,1,'PHP5000','RESEARCH PROJECT',134),(4571,'RJP5012',NULL,1,1,'RJP5012','RESEARCH PROJECT',134),(4572,'REPR4_0',NULL,1,1,'REPR4_0','RESEARCH PROJECT IV',134),(4573,'SOW4002',NULL,1,4,'SOW4002','RESEARCH PROPOSAL',134),(4574,'RPN4101',NULL,0,4,'RPN4101','RESEARCH PROPOSAL',134),(4575,'RET1000',NULL,1,2,'RET1000','RESEARCH THEORY',134),(4576,'PAD4000',NULL,1,1,'PAD4000','RESEARCH:  MINI DISSERTATION',134),(4577,'RSP1004',NULL,1,1,'RSP1004','RESPIRATORY SYSTEM',134),(4578,'RSP2004',NULL,1,2,'RSP2004','RESPIRATORY SYSTEM',134),(4579,'RVL3322',NULL,0,3,'RVL3322','REVENUE LAW',134),(4580,'EDU1082',NULL,1,1,'EDU1082','RPL',134),(4581,'EDU1106',NULL,0,1,'EDU1106','RUDIMENTS OF MUSIC',134),(4582,'POL5203',NULL,0,1,'POL5203','RURAL DEVELOPMENT',134),(4583,'SOC2104',NULL,0,2,'SOC2104','RURAL DEVELOPMENT (CHESP MODULE)',134),(4584,'POL3240',NULL,0,3,'POL3240','RURAL LOCAL GOVERNMENT',134),(4585,'EDU2108',NULL,0,2,'EDU2108','RURAL MUSIC DEVELOPMENT',134),(4586,'GEO3204',NULL,0,3,'GEO3204','RURAL RESOURCES MANAGEMENT 3204',134),(4587,'SAM3110',NULL,1,3,'SAM3110','SALES MANAGEMENT III',134),(4588,'SAM3B14',NULL,0,3,'SAM3B14','SALES MANAGEMENT III',134),(4589,'SAM3A13',NULL,0,3,'SAM3A13','SALES MANAGEMENT III - Theory',134),(4590,'STA3203',NULL,0,3,'STA3203','SAMPLING THEORY & METHODS',134),(4591,'EDU4058',NULL,1,1,'EDU4058','SBE COMPUTER APPLICATIONS TECHN',134),(4592,'EDU5232',NULL,0,1,'EDU5232','SCHOOL ADMINISTRATION',134),(4593,'EDU2206',NULL,1,2,'EDU2206','SCHOOL BASED EXPERIENCE',134),(4594,'EDI3023',NULL,1,3,'EDI3023','SCHOOL BASED EXPERIENCE : CONSUMER STUDIES',134),(4595,'EDI3025',NULL,1,3,'EDI3025','SCHOOL BASED EXPERIENCE : TEXTILES & CLOTHING',134),(4596,'EDU4029',NULL,1,3,'EDU4029','SCHOOL BASED EXPERIENCE ENGLISH',134),(4597,'EDU4034',NULL,1,4,'EDU4034','SCHOOL BASED EXPERIENCE MATHEMATICS',134),(4598,'EDI4016',NULL,1,3,'EDI4016','SCHOOL BASED EXPERIENCE: BUSINESS STUDIES',134),(4599,'EDI4015',NULL,1,3,'EDI4015','SCHOOL BASED EXPERIENCE: ECONOMICS',134),(4600,'EDU4022',NULL,1,4,'EDU4022','SCHOOL BASED EXPERIENCE: HISTORY',134),(4601,'EDI3026',NULL,1,3,'EDI3026','SCHOOL BASED EXPERIENCE: HOSPITALITY STUDIES',134),(4602,'EDI3214',NULL,0,3,'EDI3214','SCHOOL BASED EXPERIENCE:ACCOUNTING',134),(4603,'EDU4031',NULL,1,4,'EDU4031','SCHOOL BASED EXPERIENCE:ACCOUNTING',134),(4604,'EDI3036',NULL,1,3,'EDI3036','SCHOOL BASED EXPERIENCE:AFRIKAANS',134),(4605,'EDU4027',NULL,1,4,'EDU4027','SCHOOL BASED EXPERIENCE:AFRIKAANS',134),(4606,'EDI3216',NULL,0,3,'EDI3216','SCHOOL BASED EXPERIENCE:BUSINESS STUDIES',134),(4607,'EDM3224',NULL,0,3,'EDM3224','SCHOOL BASED EXPERIENCE:CIVIL TECHNOLOGY',134),(4608,'EDM3218',NULL,0,3,'EDM3218','SCHOOL BASED EXPERIENCE:COMPUTER APPLIC  TECH',134),(4609,'EDI3215',NULL,0,3,'EDI3215','SCHOOL BASED EXPERIENCE:ECONOMICS',134),(4610,'EDM3227',NULL,0,3,'EDM3227','SCHOOL BASED EXPERIENCE:ENGINEERING GRAPHIC&D',134),(4611,'EDI3034',NULL,1,3,'EDI3034','SCHOOL BASED EXPERIENCE:ENGLISH',134),(4612,'EDI3030',NULL,1,3,'EDI3030','SCHOOL BASED EXPERIENCE:GEOGRAPHY',134),(4613,'EDI4002',NULL,1,4,'EDI4002','SCHOOL BASED EXPERIENCE:GEOGRAPHY',134),(4614,'EDI3031',NULL,1,3,'EDI3031','SCHOOL BASED EXPERIENCE:HISTORY',134),(4615,'EDI4003',NULL,1,4,'EDI4003','SCHOOL BASED EXPERIENCE:HISTORY',134),(4616,'EDI3032',NULL,1,3,'EDI3032','SCHOOL BASED EXPERIENCE:ISIXHOSA',134),(4617,'EDI4008',NULL,1,4,'EDI4008','SCHOOL BASED EXPERIENCE:ISIXHOSA',134),(4618,'EDM3205',NULL,0,3,'EDM3205','SCHOOL BASED EXPERIENCE:LIFE SCIENCES',134),(4619,'EDM3204',NULL,0,3,'EDM3204','SCHOOL BASED EXPERIENCE:MATHEMATICS',134),(4620,'EDI3217',NULL,1,3,'EDI3217','SCHOOL BASED EXPERIENCE:MUSIC',134),(4621,'EDM3206',NULL,0,3,'EDM3206','SCHOOL BASED EXPERIENCE:PHYSICAL SCIENCES',134),(4622,'EDU4025',NULL,1,4,'EDU4025','SCHOOL BASED EXPERIENCE:PHYSICAL SCIENCES',134),(4623,'EDI3033',NULL,1,3,'EDI3033','SCHOOL BASED EXPERIENCE:SESOTHO',134),(4624,'EDU4028',NULL,1,4,'EDU4028','SCHOOL BASED EXPERIENCE:SESOTHO',134),(4625,'EDU4026',NULL,1,3,'EDU4026','SCHOOL BASED EXPERIENCE:XHOSA',134),(4626,'EDU4024',NULL,1,4,'EDU4024','SCHOOL BASED EXPERINCE BIOLOGY',134),(4627,'EDU4036',NULL,1,4,'EDU4036','SCHOOL BASED EXPERINCE BUSINESS MANAGEMENT',134),(4628,'EDU4048',NULL,1,1,'EDU4048','SCHOOL BASED EXPERINCE CONSUMER STUDIES',134),(4629,'EDU4033',NULL,1,4,'EDU4033','SCHOOL BASED EXPERINCE ECONOMICS',134),(4630,'EDU4023',NULL,1,3,'EDU4023','SCHOOL BASED EXPERINCE:GEOGRAPHY',134),(4631,'EDU1273',NULL,0,1,'EDU1273','SCHOOL LIBRARIANSHIP',134),(4632,'EDU4222',NULL,1,4,'EDU4222','SCHOOL LIBRARIANSHIP',134),(4633,'EDU4150',NULL,0,1,'EDU4150','School Management',134),(4634,'EDU2003',NULL,1,2,'EDU2003','SCHOOL MANAGEMENT',134),(4635,'EDU3114',NULL,0,3,'EDU3114','SCHOOL MANAGEMENT (EDU3 P1)',134),(4636,'EDU5231',NULL,0,1,'EDU5231','SCHOOL REFORM & INSTITUTIONAL LEADERSHIP',134),(4637,'SCTE1_0',NULL,1,1,'SCTE1_0','SCIENCE AND TECHNOLOGY (TEACHING)',134),(4638,'SCTE2_0',NULL,1,2,'SCTE2_0','SCIENCE AND TECHNOLOGY II (TEACHING)',134),(4639,'SCTE3_0',NULL,1,3,'SCTE3_0','SCIENCE AND TECHNOLOGY III (TEACHING)',134),(4640,'BOT4108',NULL,0,1,'BOT4108','SCIENTIFIC METHODOLOGY',134),(4641,'ZOO4101',NULL,0,1,'ZOO4101','SCIENTIFIC METHODOLOGY',134),(4642,'HST2103',NULL,0,2,'HST2103','\"SEGREGATION, APARTHEID IN 20TH CENTURY: SA\"',134),(4643,'SEM1114',NULL,0,1,'SEM1114','SELF MANAGEMENT I',134),(4644,'BCH4002',NULL,1,1,'BCH4002','SEMINARS IN BIOCHEMISTRY',134),(4645,'SEN4222',NULL,0,4,'SEN4222','SENTENCING',134),(4646,'SES_1',NULL,1,2,'SES_1','SESOTHO SPECIAL',134),(4647,'GEO4011',NULL,1,1,'GEO4011','SETTLEMENT GEOGRAPHY',134),(4648,'EDU3116',NULL,0,3,'EDU3116','SINGING ADVANCED ONE',134),(4649,'EDU3222',NULL,0,3,'EDU3222','SINGING ADVANCED TWO',134),(4650,'EDU1212',NULL,0,1,'EDU1212','SINGING ELEMENTARY',134),(4651,'EDU2112',NULL,0,2,'EDU2112','SINGING INTERMEDIATE ONE',134),(4652,'EDU2207',NULL,0,2,'EDU2207','SINGING INTERMEDIATE TWO',134),(4653,'SISU1E0',NULL,1,2,'SISU1E0','SITE SURVEYING  (Extended)',134),(4654,'SISU1_0',NULL,1,1,'SISU1_0','SITE SURVEYING I',134),(4655,'PSKL1_0',NULL,1,1,'PSKL1_0','SKILLS AND LIFE ORIENTATION I',134),(4656,'PSKL2_0',NULL,1,2,'PSKL2_0','SKILLS AND LIFE ORIENTATION II',134),(4657,'PSKL3_0',NULL,1,3,'PSKL3_0','SKILLS AND LIFE ORIENTATION III',134),(4658,'HST1101',NULL,0,1,'HST1101','SKILLS IN THE HISTORY OF THE MODERN WORLD',134),(4659,'SBMEXPR',NULL,1,3,'SBMEXPR','SMALL BUSINESS EXEPERIENTIAL TRAINING',134),(4660,'SMM1110',NULL,1,1,'SMM1110','SMALL BUSINESS MANAGEMENT I',134),(4661,'SMM2110',NULL,1,2,'SMM2110','SMALL BUSINESS MANAGEMENT II',134),(4662,'SMM3113',NULL,0,3,'SMM3113','SMALL BUSINESS MANAGEMENT III',134),(4663,'SOC3214',NULL,0,3,'SOC3214','\"SOC OF WORK, LABOUR CONFLICTS & RESOLUTIONS\"',134),(4664,'SCH5203',NULL,1,1,'SCH5203','SOCIAL CONTEXT OF HEALTH PROMOTION',134),(4665,'SOC2207',NULL,0,2,'SOC2207','SOCIAL DIFFERENTIATION',134),(4666,'GEO3205',NULL,0,3,'GEO3205','SOCIAL IMPACT ANALYSIS 3205',134),(4667,'PSY3111',NULL,0,3,'PSY3111','SOCIAL PSYCH & PSYCHOTHERAPEUTIC INTERVENTION',134),(4668,'SOW3013',NULL,0,3,'SOW3013','SOCIAL PSYCH & PSYCHOTHERAPEUTIC INTERVENTION',134),(4669,'SOPS1_0',NULL,1,1,'SOPS1_0','SOCIAL PSYCHOLOGY I',134),(4670,'POL5101',NULL,0,1,'POL5101','SOCIAL RESEARCH METHODS',134),(4671,'SOC4002',NULL,1,1,'SOC4002','SOCIAL RESEARCH METHODS FOR SOCIAL SCIENCES',134),(4672,'SOC1207',NULL,0,1,'SOC1207','SOCIAL RESEARCH PROJECT',134),(4673,'EDU3078',NULL,1,3,'EDU3078','SOCIAL SCIENCES METHOD',134),(4674,'SOC4003',NULL,1,1,'SOC4003','SOCIAL STATISTICS FOR SOCIAL SCIENCES',134),(4675,'SOCS1_0',NULL,1,1,'SOCS1_0','SOCIAL STUDIES (TEACHING I)',134),(4676,'SOCS2_0',NULL,1,2,'SOCS2_0','SOCIAL STUDIES 11 (TEACHING)',134),(4677,'SOCS3_0',NULL,1,3,'SOCS3_0','SOCIAL STUDIES III (TEACHING)',134),(4678,'SWL1111',NULL,0,2,'SWL1111','SOCIAL WELFARE LAW',134),(4679,'SWH1206',NULL,0,1,'SWH1206','SOCIAL WORK IN HEALTH SCIENCES',134),(4680,'SOW3213',NULL,0,3,'SOW3213','SOCIAL WORK POLICY & ADMINISTRATION',134),(4681,'SOW3110',NULL,0,3,'SOW3110','SOCIAL WORK RESEARCH',134),(4682,'EDU4214',NULL,0,1,'EDU4214','SOCIETY AND LANGUAGE LEARNING',134),(4683,'SCM4206',NULL,0,1,'SCM4206','SOCIO CRIMINOLOGY',134),(4684,'SOC4004',NULL,1,1,'SOC4004','SOCIOLOGY OF DEVELOPMENT',134),(4685,'EDU5208',NULL,0,1,'EDU5208','SOCIOLOGY OF EDUCATION',134),(4686,'EDU3115',NULL,0,3,'EDU3115','SOCIOLOGY OF EDUCATION(EDU3 P2)',134),(4687,'SOC4007',NULL,1,1,'SOC4007','\"SOCIOLOGY OF HEALTH, ILLNESS AND MEDICINE\"',134),(4688,'SOC2204',NULL,0,2,'SOC2204','SOCIOLOGY OF WORK & LABOUR RELATION STUDIES',134),(4689,'CSI3102',NULL,0,3,'CSI3102','SOFTWARE ENGINEERING',134),(4690,'CSI3202',NULL,0,3,'CSI3202','SOFTWARE ENGINEERING II',134),(4691,'SOFE4_0',NULL,0,1,'SOFE4_0','SOFTWARE ENGINEERING IV',134),(4692,'SOS1012',NULL,0,1,'SOS1012','SOFTWARE SKILLS I - MODULE I',134),(4693,'SOS1021',NULL,0,2,'SOS1021','SOFTWARE SKILLS I - MODULE I',134),(4694,'SWSK1_0',NULL,0,1,'SWSK1_0','SOFTWARE SKILLS I(MODULE 1)',134),(4695,'SWSK2_0',NULL,0,2,'SWSK2_0','SOFTWARE SKILLS II',134),(4696,'SOS2022',NULL,0,3,'SOS2022','SOFTWARE SKILLS II - Module I',134),(4697,'SOS2011',NULL,0,3,'SOS2011','SOFTWARE SKILLS II - Module II',134),(4698,'SWSK2_1',NULL,0,1,'SWSK2_1','SOFTWARE SKILLS II(MODULE 1)',134),(4699,'SWSK2_2',NULL,0,1,'SWSK2_2','SOFTWARE SKILLS II(MODULE 2)',134),(4700,'GEO2204',NULL,0,2,'GEO2204','SOIL SCIENCE 2204',134),(4701,'CRY1102',NULL,0,1,'CRY1102','SOUTH AFRICAN CRIME STUDIES',134),(4702,'ELS5219',NULL,0,1,'ELS5219','SOUTH AFRICAN LITERATURE IN ENGLISH',134),(4703,'SPM1101',NULL,0,1,'SPM1101','SPECIAL MATHEMATICS I',134),(4704,'SPM1201',NULL,0,1,'SPM1201','SPECIAL MATHEMATICS II',134),(4705,'SKI2001',NULL,1,2,'SKI2001','SPECIAL SKILLS',134),(4706,'SPR4110',NULL,1,4,'SPR4110','SPECIALIST REPORTING IV',134),(4707,'SOW3101',NULL,0,3,'SOW3101','Specialized Fiels of Social Work',134),(4708,'SPSD4_0',NULL,1,2,'SPSD4_0','SPECIFIC SUBJECT DIDACTICS IV',134),(4709,'SPOP110',NULL,1,1,'SPOP110','SPORT AND PHYSICAL RECREATION STUDIES I',134),(4710,'SPOP210',NULL,1,2,'SPOP210','SPORT AND PHYSICAL RECREATION STUDIES II',134),(4711,'SPOP313',NULL,0,3,'SPOP313','SPORT AND PHYSICAL RECREATION STUDIES III',134),(4712,'SPAD210',NULL,1,2,'SPAD210','SPORT MANAGEMENT     II',134),(4713,'SPAD110',NULL,1,1,'SPAD110','SPORT MANAGEMENT I',134),(4714,'SPAD313',NULL,0,3,'SPAD313','SPORT MANAGEMENT III',134),(4715,'EDU1271',NULL,0,1,'EDU1271','SPORTS EDUCATION',134),(4716,'EDU2271',NULL,0,2,'EDU2271','SPORTS EDUCATION',134),(4717,'SPORPRA',NULL,1,3,'SPORPRA','SPORTS EXPERIENTIAL TRAINING',134),(4718,'STA1202',NULL,0,1,'STA1202','STATISTICAL INFERENCE 102',134),(4719,'STA2202',NULL,0,2,'STA2202','STATISTICAL INFERENCE II 202',134),(4720,'PHY3202',NULL,0,3,'PHY3202','STATISTICAL MECHANICS & SOLID STATE PHYSICS',134),(4721,'BOT4110',NULL,0,1,'BOT4110','STATISTICAL METHODS',134),(4722,'PIO4204',NULL,1,1,'PIO4204','STATISTICS AND RESEARCH METHODOLOGY II',134),(4723,'STAT2_0',NULL,0,1,'STAT2_0','STATISTICS II',134),(4724,'STA2002',NULL,0,1,'STA2002','STATISTICS II MODULE - II',134),(4725,'MTHB3_0',NULL,0,3,'MTHB3_0','STEAM PLANT III',134),(4726,'IPY2112',NULL,0,2,'IPY2112','STRATEGIC HR MANAGEMENT',134),(4727,'PSTR4_0',NULL,0,1,'PSTR4_0','STRATEGIC PUBLIC MANAGEMENT IV',134),(4728,'STL4222',NULL,0,4,'STL4222','STREET LAW',134),(4729,'STMA2_0',NULL,0,1,'STMA2_0','STRENGTH OF MATERIALS II',134),(4730,'ESTM2_0',NULL,1,2,'ESTM2_0','STRENGTH OF MATERIALS II',134),(4731,'STMA3_0',NULL,0,1,'STMA3_0','STRENGTH OF MATERIALS III',134),(4732,'STMC4_0',NULL,0,4,'STMC4_0','STRENGTHS OF MATERIALS IV',134),(4733,'STRA4_0',NULL,0,4,'STRA4_0','STRESS ANALYSIS IV',134),(4734,'SANA2_0',NULL,0,2,'SANA2_0','STRUCTURAL ANALYSIS II',134),(4735,'STA2313',NULL,0,2,'STA2313','STRUCTURAL ANALYSIS II',134),(4736,'STA2314',NULL,0,2,'STA2314','STRUCTURAL ANALYSIS II',134),(4737,'STA3413',NULL,0,3,'STA3413','STRUCTURAL ANALYSIS III',134),(4738,'SANA3_0',NULL,0,3,'SANA3_0','STRUCTURAL ANALYSIS III',134),(4739,'STA3414',NULL,0,3,'STA3414','STRUCTURAL ANALYSIS III',134),(4740,'CSD3313',NULL,0,2,'CSD3313','STRUCTURAL STEEL AND TIMBER DESIGN III',134),(4741,'SDEA3_0',NULL,0,2,'SDEA3_0','STRUCTURAL STEEL AND TIMBER DESIGN III',134),(4742,'CSD3314',NULL,0,2,'CSD3314','STRUCTURAL STEEL AND TIMBER DESIGN III',134),(4743,'STCO3_0',NULL,1,3,'STCO3_0','STRUCTURES & CONCRETE III',134),(4744,'ELS5212',NULL,0,1,'ELS5212','STUDIES IN AFRICAN FICTION',134),(4745,'ELS3101',NULL,0,3,'ELS3101','STUDIES IN LANGUAGE USE AND LANGUAGE VARIATIN',134),(4746,'ELS5203',NULL,0,1,'ELS5203','STUDIES IN SEMANTICS & PRAGMATICS',134),(4747,'SUP2110',NULL,1,2,'SUP2110','SUPPORT SERVICES II',134),(4748,'SUP3110',NULL,1,3,'SUP3110','SUPPORT SERVICES III',134),(4749,'SGE6005',NULL,1,1,'SGE6005','SURGERY (EFR)',134),(4750,'SSP4009',NULL,1,4,'SSP4009','SURGICAL SPECIALITIES',134),(4751,'CSU2200',NULL,1,1,'CSU2200','SURVEYING CIVIL II',134),(4752,'CSU1110',NULL,1,1,'CSU1110','SURVEYING I',134),(4753,'ESVG1_0',NULL,1,1,'ESVG1_0','SURVEYING I',134),(4754,'CSU1113',NULL,0,1,'CSU1113','SURVEYING I',134),(4755,'SVNG1_0',NULL,0,1,'SVNG1_0','SURVEYING I',134),(4756,'CSU1114',NULL,0,1,'CSU1114','SURVEYING I',134),(4757,'SVNG2_0',NULL,0,1,'SVNG2_0','SURVEYING II (CIVIL)',134),(4758,'ESVG2_0',NULL,1,2,'ESVG2_0','SURVEYING: CIVIL  II',134),(4759,'CSU2203',NULL,0,1,'CSU2203','SURVEYING:CIVIL II',134),(4760,'CSU2204',NULL,0,1,'CSU2204','SURVEYING:CIVIL II',134),(4761,'SYS1130',NULL,1,1,'SYS1130','SYSTEM SOFTWARE I',134),(4762,'SYS11E0',NULL,1,1,'SYS11E0','SYSTEM SOFTWARE I',134),(4763,'SYS2120',NULL,1,2,'SYS2120','SYSTEM SOFTWARE II',134),(4764,'SPM4011',NULL,0,4,'SPM4011','SYSTEMS & PROJECT MANAGEMENT IV-MODEL I',134),(4765,'SPM4022',NULL,0,4,'SPM4022','SYSTEMS & PROJECT MANAGEMENT IV-MODULE II',134),(4766,'SYPM4_1',NULL,0,1,'SYPM4_1','SYSTEMS AND PROJECT MANAGEMENT IV (MODULE 1)',134),(4767,'SYPM4_2',NULL,0,1,'SYPM4_2','SYSTEMS AND PROJECT MANAGEMENT IV (MODULE 2)',134),(4768,'BMP2202',NULL,1,2,'BMP2202','SYSTEMS PHYSIOLOGY',134),(4769,'ESYS110',NULL,1,1,'ESYS110','SYSTEMS SOFTWARE I',134),(4770,'SYST1_0',NULL,1,1,'SYST1_0','SYSTEMS SOFTWARE I',134),(4771,'ESYS120',NULL,1,2,'ESYS120','SYSTEMS SOFTWARE I',134),(4772,'SYS12E0',NULL,1,2,'SYS12E0','SYSYTEM SOFTWARE I',134),(4773,'TAX3000',NULL,1,3,'TAX3000','TAXATION',134),(4774,'TAXA1_0',NULL,1,2,'TAXA1_0','TAXATION I',134),(4775,'TAX1002',NULL,0,2,'TAX1002','TAXATION I',134),(4776,'TXTN1_0',NULL,0,2,'TXTN1_0','TAXATION I',134),(4777,'TAXA2_1',NULL,0,1,'TAXA2_1','TAXATION II(MODULE 1)',134),(4778,'TAXA2_2',NULL,0,1,'TAXA2_2','TAXATION II(MODULE 2)',134),(4779,'TAX2011',NULL,0,1,'TAX2011','TAXATION:  INCOME TAX II - MODULE I',134),(4780,'TAX2022',NULL,0,1,'TAX2022','TAXATION:  INCOME TAX II - MODULE II',134),(4781,'EDU6002',NULL,1,1,'EDU6002','TEACHER EDUCATION',134),(4782,'ETEM1_0',NULL,1,2,'ETEM1_0','TEACHER EDUCATION EVALUATION MENTORING & SUPE',134),(4783,'EDU5219',NULL,0,1,'EDU5219','TEACHER EDUCATION MENTORING & SUPERSING',134),(4784,'NTLS1_0',NULL,1,1,'NTLS1_0','TEACHING & LEARNING STRATEGIES I',134),(4785,'NTLS2_0',NULL,1,3,'NTLS2_0','TEACHING & LEARNING STRATEGIES II',134),(4786,'EDU3192',NULL,0,3,'EDU3192','TEACHING AND LEARNING STRATEGIES',134),(4787,'ETPR1_0',NULL,1,2,'ETPR1_0','TEACHING AS A PROFESSION',134),(4788,'EDU5120',NULL,1,1,'EDU5120','TEACHING AS A PROFESSION',134),(4789,'EDU2092',NULL,1,2,'EDU2092','TEACHING MATHEMATICS THE GET BAND',134),(4790,'EDU2097',NULL,1,2,'EDU2097','TEACHING NATURAL SCIENCE THE GET BAND',134),(4791,'TEPR1_0',NULL,1,1,'TEPR1_0','TEACHING PRACTICE I',134),(4792,'TEPR2_0',NULL,1,2,'TEPR2_0','TEACHING PRACTICE II',134),(4793,'TEPR3_0',NULL,1,3,'TEPR3_0','TEACHING PRACTICE III',134),(4794,'EDU3102',NULL,0,3,'EDU3102','TEACHING PRACTICE ONE MUSIC',134),(4795,'EDU4030',NULL,1,4,'EDU4030','TEACHING PRACTICE RELIGIOUS & BIB STUDIES',134),(4796,'EDU3204',NULL,0,3,'EDU3204','TEACHING PRACTICE TWO MUSIC',134),(4797,'EDU2096',NULL,1,2,'EDU2096','TEACHING TECHNOLOGY THE GET BAND',134),(4798,'TEDR1_0',NULL,1,1,'TEDR1_0','TECHNICAL DRAWING I',134),(4799,'TEDR2_0',NULL,1,2,'TEDR2_0','TECHNICAL DRAWING II',134),(4800,'TEDR3_0',NULL,1,3,'TEDR3_0','TECHNICAL DRAWING III',134),(4801,'PTP1130',NULL,1,2,'PTP1130','TECHNICAL PROGRAMMING I',134),(4802,'TPRO1_0',NULL,1,2,'TPRO1_0','TECHNICAL PROGRAMMING I',134),(4803,'TPRO2_0',NULL,1,2,'TPRO2_0','TECHNICAL PROGRAMMING II',134),(4804,'PROT2_0',NULL,1,3,'PROT2_0','TECHNICAL PROGRAMMING II',134),(4805,'PTP2120',NULL,1,3,'PTP2120','TECHNICAL PROGRAMMING II',134),(4806,'POP4002',NULL,1,1,'POP4002','TECHNIQUES IN DEMOGRAPHY',134),(4807,'EDU2084',NULL,1,2,'EDU2084','TECHNOLOGY',134),(4808,'EDU3010',NULL,1,1,'EDU3010','TECHNOLOGY',134),(4809,'EDU1088',NULL,1,1,'EDU1088','TECHNOLOGY I - ACE',134),(4810,'TECH1_0',NULL,1,1,'TECH1_0','TECHNOLOGY I (EDUCATION)',134),(4811,'TECH2_0',NULL,1,2,'TECH2_0','TECHNOLOGY II',134),(4812,'EDU2095',NULL,1,2,'EDU2095','TECHNOLOGY II - ACE',134),(4813,'TECH3_0',NULL,1,3,'TECH3_0','TECHNOLOGY III',134),(4814,'EDU3084',NULL,1,3,'EDU3084','TECHNOLOGY METHOD',134),(4815,'TELV3_0',NULL,0,3,'TELV3_0','TELEVISION III',134),(4816,'TEV3113',NULL,0,3,'TEV3113','TELEVISION III',134),(4817,'TEV3114',NULL,0,3,'TEV3114','TELEVISION III',134),(4818,'TPF3012',NULL,1,3,'TPF3012','TERMINATION OF PREGNANCY AND FAMILY PLANNING',134),(4819,'GEO3102',NULL,0,3,'GEO3102','TERRESTRIAL RESOURCES 3102',134),(4820,'TEXT1_0',NULL,1,1,'TEXT1_0','TEXTILE I',134),(4821,'TEXT2_0',NULL,1,2,'TEXT2_0','TEXTILE II',134),(4822,'EDU2053',NULL,1,2,'EDU2053','TEXTILES & CLOTHING',134),(4823,'EDI3053',NULL,1,3,'EDI3053','TEXTILES & CLOTHING II',134),(4824,'ANT2101',NULL,0,2,'ANT2101','THE DEVELOPMENT OF ANTHROPOLOGICAL THOUGHT',134),(4825,'EDU3110',NULL,0,4,'EDU3110','THE GENDER PESPECTIVES OF EE',134),(4826,'XHL4003',NULL,1,1,'XHL4003','THE LANGUAGE FAMILIES OF AFRICA',134),(4827,'HST2101',NULL,0,2,'HST2101','THE MAKING OF MODERN SOUTH AFRICA',134),(4828,'PBH4204',NULL,1,1,'PBH4204','THE PSYCHOLOGICAL BASIS OF HEALTH PROMOTION',134),(4829,'HST2203',NULL,0,2,'HST2203','\"THE RISE OF: CHINA, JAPAN, USSR\"',134),(4830,'EDU1281',NULL,0,1,'EDU1281','THE SCHOOL AND THE PROFESSION',134),(4831,'SCH4203',NULL,1,1,'SCH4203','THE SOCIAL CONTEXT OF HEALTH PROMOTION',134),(4832,'ELS2103',NULL,0,2,'ELS2103','THE SOUNDS OF ENGLISH II',134),(4833,'ELS2104',NULL,0,2,'ELS2104','THE STUDY OF ORATURE',134),(4834,'NPTP1_0',NULL,1,2,'NPTP1_0','THE TEACHING PROFESSION',134),(4835,'HST3205',NULL,0,3,'HST3205','THEMES IN 20TH CENTURY WORLD',134),(4836,'CRY3101',NULL,0,3,'CRY3101','THEORIES OF CRIME',134),(4837,'SOW3011',NULL,0,3,'SOW3011','THEORIES OF CRIME',134),(4838,'THC4102',NULL,1,1,'THC4102','THEORIES OF CRIME PAPER 2',134),(4839,'ELS3201',NULL,0,3,'ELS3201','THEORIES OF ENGLISH SYNTAX',134),(4840,'PHL2101',NULL,0,2,'PHL2101','THEORIES OF HUMAN NATURE',134),(4841,'PHL3201',NULL,0,3,'PHL3201','THEORIES OF JUSTICE',134),(4842,'ANT3101',NULL,0,3,'ANT3101','THEORY & METHODOLOGY',134),(4843,'EDU4110',NULL,0,1,'EDU4110','THEORY AND PRACTICE IN EDUC MANAGEMENT',134),(4844,'EDU1263',NULL,0,1,'EDU1263','THEORY OF EDUCATION',134),(4845,'EDU4240',NULL,0,1,'EDU4240','Theory of Education',134),(4846,'EDU2005',NULL,1,2,'EDU2005','THEORY OF EDUCATION',134),(4847,'THDE4_0',NULL,1,1,'THDE4_0','THEORY OF EDUCATION IV',134),(4848,'EDU2102',NULL,0,2,'EDU2102','THEORY OF MUSIC 2 (HARMONY)',134),(4849,'CTS2210',NULL,1,1,'CTS2210','THEORY OF STRUCTURES II',134),(4850,'CTS2213',NULL,0,1,'CTS2213','THEORY OF STRUCTURES II',134),(4851,'CTS2214',NULL,0,1,'CTS2214','THEORY OF STRUCTURES II',134),(4852,'TSTR2_0',NULL,0,1,'TSTR2_0','THEORY OF STRUCTURES II',134),(4853,'ESTR2_0',NULL,1,2,'ESTR2_0','THEORY OF STRUCTURES II',134),(4854,'PHY2202',NULL,0,2,'PHY2202','THERMODYNAMICS & MODERN PHYSICS',134),(4855,'MTHE2_0',NULL,0,1,'MTHE2_0','THERMODYNAMICS II',134),(4856,'EMTH2_0',NULL,1,2,'EMTH2_0','THERMODYNAMICS II',134),(4857,'MTHA3_0',NULL,0,2,'MTHA3_0','THERMODYNAMICS III',134),(4858,'MTHC4_0',NULL,0,4,'MTHC4_0','THERMODYNAMICS IV',134),(4859,'HSC6000',NULL,1,1,'HSC6000','THESIS (PHD HEALTH SCIENCE)',134),(4860,'MAN_5',NULL,1,1,'MAN_5','THESIS DISSERTATION MA',134),(4861,'3DIM110',NULL,1,1,'3DIM110','THREE-DIMENSIONAL STUDIES I',134),(4862,'STA3202',NULL,0,3,'STA3202','TIME SERIES & STOCHASTIC PROCESSES',134),(4863,'EDU2052',NULL,1,2,'EDU2052','TOURISM',134),(4864,'GEO3103',NULL,0,3,'GEO3103','TOURISM AND ECOTOURISM 3103',134),(4865,'TOD2110',NULL,1,2,'TOD2110','TOURISM DEVELOPMENT II',134),(4866,'TOD3110',NULL,1,3,'TOD3110','TOURISM DEVELOPMENT III',134),(4867,'TOD4113',NULL,0,4,'TOD4113','TOURISM DEVELOPMENT IV',134),(4868,'TRP1110',NULL,1,4,'TRP1110','TOURISM RESEARCH PROJECT',134),(4869,'TTP2E10',NULL,1,2,'TTP2E10','TOURIST GUIDING I MODULE',134),(4870,'TTP3C10',NULL,1,3,'TTP3C10','TOURIST GUIDING II',134),(4871,'XHF4104',NULL,1,1,'XHF4104','Traditional Literature',134),(4872,'XHL4004',NULL,1,1,'XHL4004','TRADITIONAL LITERATURE',134),(4873,'CTE2313',NULL,0,2,'CTE2313','TRANPORTATION ENGINEERING II',134),(4874,'CTE2314',NULL,0,2,'CTE2314','TRANPORTATION ENGINEERING II',134),(4875,'TRAN2_0',NULL,0,2,'TRAN2_0','TRANSPORTATION ENGINEERING II',134),(4876,'CTE3413',NULL,0,3,'CTE3413','TRANSPORTATION ENGINEERING III',134),(4877,'CTE3414',NULL,0,3,'CTE3414','TRANSPORTATION ENGINEERING III',134),(4878,'TRAN3_0',NULL,0,3,'TRAN3_0','TRANSPORTATION ENGINEERING III',134),(4879,'TRPL4_0',NULL,0,1,'TRPL4_0','TRANSPORTATION PLANNING IV',134),(4880,'TRTE4_0',NULL,0,1,'TRTE4_0','TRANSPORTATION TECHNOLOGY IV',134),(4881,'TEM3015',NULL,1,3,'TEM3015','TRAUMA AND EMERGENCY',134),(4882,'TTP1C14',NULL,0,1,'TTP1C14','TRAVEL AGENCY OPERATIONS I',134),(4883,'TTM3110',NULL,1,3,'TTM3110','TRAVEL AND TOURISM MANAGEMENT III',134),(4884,'ANT4201',NULL,0,1,'ANT4201','TRENDS IN MEDICAL ANTHROPOLOGY',134),(4885,'EDU4210',NULL,0,1,'EDU4210','TRIGONOMETRY',134),(4886,'FMED4_0',NULL,0,4,'FMED4_0','TURBO MACHINES IV',134),(4887,'TATD1_0',NULL,1,1,'TATD1_0','TWO & THREE DIMENSIONAL STUDIES I',134),(4888,'TATD2_0',NULL,1,2,'TATD2_0','TWO & THREE DIMENSIONAL STUDIES II',134),(4889,'TATD3_0',NULL,1,3,'TATD3_0','TWO & THREE DIMENSIONAL STUDIES III',134),(4890,'2DIM110',NULL,1,1,'2DIM110','TWO-DIMENSIONAL STUDIES I',134),(4891,'TYCT1_0',NULL,1,1,'TYCT1_0','TYPING AND COMPUTER TECHNOLOGY I',134),(4892,'TYCT2_0',NULL,1,2,'TYCT2_0','TYPING AND COMPUTER TECHNOLOGY II',134),(4893,'TYCT3_0',NULL,1,3,'TYCT3_0','TYPING AND COMPUTER TECHNOLOGY III',134),(4894,'EDU1116',NULL,0,1,'EDU1116','UMXHENTSO ONE',134),(4895,'EDU1220',NULL,0,1,'EDU1220','UMXHENTSO TWO',134),(4896,'PSY1111',NULL,0,1,'PSY1111','UNDERSTANDING HUMAN BEHAVIOUR',134),(4897,'UPDE4_0',NULL,0,1,'UPDE4_0','URBAN PLANNING & DESIGN IV',134),(4898,'EDU4116',NULL,0,1,'EDU4116','USING STORIES IN LANGUAGE LEARNING',134),(4899,'VEBRO10',NULL,1,1,'VEBRO10','VERSATILE BROADCASTING I',134),(4900,'BSP3101',NULL,0,3,'BSP3101','VERTEBRATE FORM & FUNCTION 3101',134),(4901,'CRY2103',NULL,0,2,'CRY2103','VICTIMOLOGY',134),(4902,'SOW1011',NULL,0,2,'SOW1011','VICTIMOLOGY',134),(4903,'CRY2203',NULL,0,2,'CRY2203','VICTIMOLOGY',134),(4904,'CRW4203',NULL,0,1,'CRW4203','VICTIMOLOGY',134),(4905,'VIDE1_0',NULL,0,2,'VIDE1_0','VIDEOLOGY',134),(4906,'WWTT4_0',NULL,0,1,'WWTT4_0','WASTE WATER TREATMENT TECNOLOGY IV',134),(4907,'CWE2214',NULL,0,2,'CWE2214','WATER & WASTEWATER TREATMENT - MODULE II',134),(4908,'CWE2313',NULL,0,2,'CWE2313','WATER ENGINEERING II',134),(4909,'WENG2_0',NULL,0,2,'WENG2_0','WATER ENGINEERING II',134),(4910,'CWE3413',NULL,0,3,'CWE3413','WATER ENGINEERING III',134),(4911,'CWE3414',NULL,0,3,'CWE3414','WATER ENGINEERING III',134),(4912,'WENG3_0',NULL,0,3,'WENG3_0','WATER ENGINEERING III',134),(4913,'GEO4008',NULL,1,1,'GEO4008','WATER RESOURCES MANAGEMENT',134),(4914,'WEB2110',NULL,1,2,'WEB2110','WEB MANAGEMENT II',134),(4915,'WEB3110',NULL,1,3,'WEB3110','WEB MANAGEMENT III',134),(4916,'WPM5004',NULL,1,1,'WPM5004','WHOLE PERSON MEDICINE',134),(4917,'WNH3003',NULL,1,3,'WNH3003','WOMEN\'S HEALTH',134),(4918,'TYI1130',NULL,1,1,'TYI1130','WORD PROCESSING (INTRODUCTION)',134),(4919,'HST2201',NULL,0,2,'HST2201','WORLD HISTORY',134),(4920,'FAM5001',NULL,1,1,'FAM5001','YEAR 1',134),(4921,'ANA5002',NULL,1,1,'ANA5002','YEAR 2',134),(4922,'FAM5002',NULL,1,1,'FAM5002','YEAR 2',134),(4923,'PSR5002',NULL,1,1,'PSR5002','YEAR 2',134),(4924,'ANA5003',NULL,1,1,'ANA5003','YEAR 3',134),(4925,'ANA5004',NULL,1,1,'ANA5004','YEAR 4',134),(4926,'RAD5004',NULL,1,1,'RAD5004','YEAR 4',134),(4927,'ANA5001',NULL,1,1,'ANA5001','YEAR I',134),(4928,'ENT5001',NULL,1,1,'ENT5001','YEAR I',134),(4929,'RAD5001',NULL,1,1,'RAD5001','YEAR I',134),(4930,'RAO5001',NULL,1,1,'RAO5001','YEAR I',134);
/*!40000 ALTER TABLE `subject` ENABLE KEYS */;
UNLOCK TABLES;

--
-- Table structure for table `timeslot`
--

DROP TABLE IF EXISTS `timeslot`;
/*!40101 SET @saved_cs_client     = @@character_set_client */;
/*!40101 SET character_set_client = utf8 */;
CREATE TABLE `timeslot` (
  `ID` int(11) NOT NULL,
  `StartTime` datetime NOT NULL,
  `Duration` int(11) NOT NULL,
  `LunchPeriod` bit(1) NOT NULL DEFAULT b'0',
  PRIMARY KEY (`ID`)
) ENGINE=InnoDB DEFAULT CHARSET=latin1;
/*!40101 SET character_set_client = @saved_cs_client */;

--
-- Dumping data for table `timeslot`
--

LOCK TABLES `timeslot` WRITE;
/*!40000 ALTER TABLE `timeslot` DISABLE KEYS */;
INSERT INTO `timeslot` VALUES (1,'0001-01-01 08:00:00',45,'\0'),(2,'0001-01-01 08:50:00',45,'\0'),(3,'0001-01-01 09:40:00',45,'\0'),(4,'0001-01-01 10:30:00',45,'\0'),(5,'0001-01-01 11:20:00',45,'\0'),(6,'0001-01-01 12:10:00',45,'\0'),(7,'0001-01-01 13:00:00',60,''),(8,'0001-01-01 14:00:00',45,'\0'),(9,'0001-01-01 14:50:00',45,'\0'),(10,'0001-01-01 15:40:00',45,'\0'),(11,'0001-01-01 16:30:00',45,'\0'),(12,'0001-01-01 17:00:00',45,'\0'),(13,'0001-01-01 18:00:00',45,'\0'),(14,'0001-01-01 19:00:00',45,'\0');
/*!40000 ALTER TABLE `timeslot` ENABLE KEYS */;
UNLOCK TABLES;

--
-- Table structure for table `userlog`
--

DROP TABLE IF EXISTS `userlog`;
/*!40101 SET @saved_cs_client     = @@character_set_client */;
/*!40101 SET character_set_client = utf8 */;
CREATE TABLE `userlog` (
  `id` int(11) NOT NULL AUTO_INCREMENT,
  `page` varchar(45) NOT NULL,
  `user` varchar(45) NOT NULL,
  `function` varchar(45) NOT NULL,
  `fdatetime` datetime NOT NULL,
  `description` varchar(200) NOT NULL,
  `ipaddress` varchar(45) NOT NULL,
  PRIMARY KEY (`id`)
) ENGINE=InnoDB AUTO_INCREMENT=1196 DEFAULT CHARSET=latin1 COMMENT='log action of every user';
/*!40101 SET character_set_client = @saved_cs_client */;

--
-- Dumping data for table `userlog`
--

LOCK TABLES `userlog` WRITE;
/*!40000 ALTER TABLE `userlog` DISABLE KEYS */;
INSERT INTO `userlog` VALUES (1,'/default.aspx','flexTimeTableAdministrator','','2011-04-15 12:34:21','','127.0.0.1'),(2,'/default.aspx','flexTimeTableAdministrator','Loading Page','2011-04-15 15:43:34','Loading Page','127.0.0.1'),(3,'/default.aspx','flexTimeTableAdministrator','Loading Page','2011-04-16 20:48:45','Loading Page','127.0.0.1'),(4,'/mVenAd/managevenues.aspx','flexTimeTableAdministrator','Loading Page','2011-04-16 20:48:51','Loading Page','127.0.0.1'),(5,'/mVenAd/managevenues.aspx','flexTimeTableAdministrator','Loading Page','2011-04-16 20:50:10','Loading Page','127.0.0.1'),(6,'/mVenAd/managevenues.aspx','flexTimeTableAdministrator','Loading Page','2011-04-16 21:00:25','Loading Page','127.0.0.1'),(7,'/mVenAd/managevenues.aspx','flexTimeTableAdministrator','Save SiteCluster','2011-04-16 21:01:21','nelsonghjhjhjhj','127.0.0.1'),(8,'/mVenAd/managevenues.aspx','flexTimeTableAdministrator','Save SiteCluster','2011-04-16 21:01:53','Nelson Mandela Drive','127.0.0.1'),(9,'/mVenAd/managevenues.aspx','flexTimeTableAdministrator','Delete SiteCluster','2011-04-16 21:02:13','cvollekjjkj','127.0.0.1'),(10,'/mVenAd/managevenues.aspx','flexTimeTableAdministrator','Loading Page','2011-04-16 21:02:21','Loading Page','127.0.0.1'),(11,'/mVenAd/managevenues.aspx','','Update SiteCluster','2011-04-17 06:24:23','Nelson Mandela Drive','127.0.0.1'),(12,'/mVenAd/managevenues.aspx','','Update SiteCluster','2011-04-17 06:24:29','zama','127.0.0.1'),(13,'/mVenAd/managevenues.aspx','','Update SiteCluster','2011-04-17 06:24:39','Nelson Mandela Drive','127.0.0.1'),(14,'/mVenAd/managevenues.aspx','','Update SiteCluster','2011-04-17 06:25:09','College Street','127.0.0.1'),(15,'/default.aspx','cwalker','Loading Page','2011-04-17 11:27:35','Loading Page','::1'),(16,'/mVenAd/managevenues.aspx','cwalker','Loading Page','2011-04-17 11:27:49','Loading Page','::1'),(17,'/mVenAd/managevenues.aspx','cwalker','Update SiteCluster','2011-04-17 11:27:54','Cluster Site ID:1 New Campus:1 Previous Campus:1 New Name:Nelson Mandela Drive Previous Name:Nelson Mandela Drive','::1'),(18,'/mVenAd/managevenues.aspx','cwalker','Update SiteCluster','2011-04-17 11:27:58','Cluster Site ID:5 New Campus:3 Previous Campus:3 New Name:zama Previous Name:zama','::1'),(19,'/mVenAd/managevenues.aspx','cwalker','Update SiteCluster','2011-04-17 11:28:01','Cluster Site ID:7 New Campus:4 Previous Campus:4 New Name:College Street Previous Name:College Street','::1'),(20,'/mVenAd/managevenues.aspx','cwalker','Update SiteCluster','2011-04-17 11:29:24','Cluster Site ID:1 New Campus:1 Previous Campus:1 New Name:Nelson Mandela Drive Previous Name:Nelson Mandela Drive','::1'),(21,'/mVenAd/managevenues.aspx','cwalker','Update SiteCluster','2011-04-17 11:29:28','Cluster Site ID:7 New Campus:4 Previous Campus:4 New Name:College Street Previous Name:College Street','::1'),(22,'/mVenAd/managevenues.aspx','cwalker','Update SiteCluster','2011-04-17 11:29:32','Cluster Site ID:5 New Campus:3 Previous Campus:3 New Name:zama Previous Name:zama','::1'),(23,'/mVenAd/managevenues.aspx','cwalker','Loading Page','2011-04-17 11:31:25','Loading Page','::1'),(24,'/mVenAd/managevenues.aspx','cwalker','Loading Page','2011-04-17 11:31:28','Loading Page','::1'),(25,'/About.aspx','cwalker','Loading Page','2011-04-17 11:31:30','Loading Page','::1'),(26,'/default.aspx','cwalker','Loading Page','2011-04-17 11:31:31','Loading Page','::1'),(27,'/default.aspx','flexTimeTableAdministrator','Loading Page','2011-04-17 11:31:50','Loading Page','::1'),(28,'/mSysAd/resourceAllocation.aspx','flexTimeTableAdministrator','Loading Page','2011-04-17 11:31:54','Loading Page','::1'),(29,'/mSysAd/venueAllocation.aspx','flexTimeTableAdministrator','Loading Page','2011-04-17 11:31:59','Loading Page','::1'),(30,'/mSysAd/userManagement.aspx','flexTimeTableAdministrator','Loading Page','2011-04-17 11:32:01','Loading Page','::1'),(31,'/mSysAd/userManagement.aspx','flexTimeTableAdministrator','Loading Page','2011-04-17 11:46:58','Loading Page','::1'),(32,'/default.aspx','cwalker','Loading Page','2011-04-17 11:47:18','Loading Page','::1'),(33,'/mVenAd/managecluster.aspx','cwalker','Loading Page','2011-04-17 11:47:32','Loading Page','::1'),(34,'/mVenAd/managesites.aspx','cwalker','Loading Page','2011-04-17 11:47:39','Loading Page','::1'),(35,'/mVenAd/managevenues.aspx','cwalker','Loading Page','2011-04-17 11:47:41','Loading Page','::1'),(36,'/mVenAd/managevenues.aspx','cwalker','Loading Page','2011-04-17 12:20:30','Loading Page','::1'),(37,'/mVenAd/managecluster.aspx','cwalker','Loading Page','2011-04-17 12:20:30','Loading Page','::1'),(38,'/mVenAd/managevenues.aspx','cwalker','Loading Page','2011-04-17 19:10:30','Loading Page','127.0.0.1'),(39,'/mVenAd/managebuilding.aspx','cwalker','Loading Page','2011-04-17 19:10:56','Loading Page','127.0.0.1'),(40,'/mVenAd/managevenues.aspx','cwalker','Loading Page','2011-04-17 19:13:17','Loading Page','::1'),(41,'/default.aspx','cwalker','Loading Page','2011-04-17 19:24:08','Loading Page','::1'),(42,'/mVenAd/managesites.aspx','cwalker','Loading Page','2011-04-17 19:31:03','Loading Page','::1'),(43,'/mVenAd/managesites.aspx','cwalker','Loading Page','2011-04-17 19:33:39','Loading Page','::1'),(44,'/mVenAd/managesites.aspx','cwalker','Loading Page','2011-04-17 19:35:49','Loading Page','::1'),(45,'/mVenAd/managesites.aspx','cwalker','Loading Page','2011-04-17 19:45:00','Loading Page','::1'),(46,'/mVenAd/managecluster.aspx','cwalker','Loading Page','2011-04-17 20:34:36','Loading Page','::1'),(47,'/mVenAd/managecluster.aspx','cwalker','Loading Page','2011-04-17 20:48:59','Loading Page','::1'),(48,'/mVenAd/managebuilding.aspx','cwalker','Loading Page','2011-04-17 20:50:39','Loading Page','::1'),(49,'/mVenAd/managevenues.aspx','cwalker','Loading Page','2011-04-17 20:50:42','Loading Page','::1'),(50,'/mVenAd/managecluster.aspx','cwalker','Loading Page','2011-04-17 20:50:45','Loading Page','::1'),(51,'/mVenAd/managesites.aspx','cwalker','Loading Page','2011-04-17 20:50:48','Loading Page','::1'),(52,'/mVenAd/managevenues.aspx','cwalker','Loading Page','2011-04-17 20:50:50','Loading Page','::1'),(53,'/mVenAd/managebuilding.aspx','cwalker','Loading Page','2011-04-17 21:49:47','Loading Page','::1'),(54,'/mVenAd/managesites.aspx','cwalker','Loading Page','2011-04-17 21:52:30','Loading Page','::1'),(55,'/mVenAd/managesites.aspx','cwalker','Loading Page','2011-04-17 21:52:30','Loading Page','::1'),(56,'/mVenAd/managebuilding.aspx','cwalker','Loading Page','2011-04-17 21:53:01','Loading Page','::1'),(57,'/mVenAd/managecluster.aspx','cwalker','Loading Page','2011-04-17 22:01:08','Loading Page','::1'),(58,'/mVenAd/managebuilding.aspx','cwalker','Loading Page','2011-04-17 22:11:51','Loading Page','::1'),(59,'/mVenAd/managebuilding.aspx','cwalker','Loading Page','2011-04-17 22:14:41','Loading Page','::1'),(60,'/mVenAd/managebuilding.aspx','cwalker','Loading Page','2011-04-17 22:19:17','Loading Page','::1'),(61,'/mVenAd/managebuilding.aspx','cwalker','Loading Page','2011-04-17 22:42:08','Loading Page','::1'),(62,'/default.aspx','cwalker','Loading Page','2011-04-18 05:14:59','Loading Page','::1'),(63,'/mVenAd/managebuilding.aspx','cwalker','Loading Page','2011-04-18 05:15:11','Loading Page','::1'),(64,'/mVenAd/managebuilding.aspx','cwalker','Loading Page','2011-04-18 05:15:11','Loading Page','::1'),(65,'/mVenAd/managebuilding.aspx','cwalker','Loading Page','2011-04-18 05:20:50','Loading Page','::1'),(66,'/mVenAd/managebuilding.aspx','cwalker','Loading Page','2011-04-18 05:26:04','Loading Page','::1'),(67,'/mVenAd/managebuilding.aspx','cwalker','Loading Page','2011-04-18 05:37:18','Loading Page','::1'),(68,'/mVenAd/managebuilding.aspx','cwalker','Loading Page','2011-04-18 05:42:06','Loading Page','::1'),(69,'/mVenAd/managebuilding.aspx','cwalker','Loading Page','2011-04-18 05:47:01','Loading Page','::1'),(70,'/mVenAd/managesites.aspx','cwalker','Loading Page','2011-04-18 05:48:00','Loading Page','::1'),(71,'/mVenAd/managecluster.aspx','cwalker','Loading Page','2011-04-18 05:48:25','Loading Page','::1'),(72,'/mVenAd/managevenues.aspx','cwalker','Loading Page','2011-04-18 05:49:11','Loading Page','::1'),(73,'/mVenAd/managecluster.aspx','cwalker','Loading Page','2011-04-18 05:49:14','Loading Page','::1'),(74,'/mVenAd/managecluster.aspx','cwalker','Loading Page','2011-04-18 06:01:04','Loading Page','::1'),(75,'/mVenAd/managesites.aspx','cwalker','Loading Page','2011-04-18 06:02:21','Loading Page','::1'),(76,'/mVenAd/managebuilding.aspx','cwalker','Loading Page','2011-04-18 06:02:38','Loading Page','::1'),(77,'/default.aspx','cwalker','Loading Page','2011-04-18 06:03:19','Loading Page','::1'),(78,'/default.aspx','cwalker','Loading Page','2011-04-18 07:16:34','Loading Page','::1'),(79,'/mVenAd/managevenues.aspx','cwalker','Loading Page','2011-04-18 07:16:50','Loading Page','::1'),(80,'/default.aspx','flexTimeTableAdministrator','Loading Page','2011-04-18 07:17:16','Loading Page','::1'),(81,'/mSysAd/venuetypes.aspx','flexTimeTableAdministrator','Loading Page','2011-04-18 07:17:23','Loading Page','::1'),(82,'/mSysAd/venuetypes.aspx','flexTimeTableAdministrator','Loading Page','2011-04-18 07:19:25','Loading Page','::1'),(83,'/default.aspx','flexTimeTableAdministrator','Loading Page','2011-04-18 13:15:08','Loading Page','::1'),(84,'/mSysAd/venuetypes.aspx','flexTimeTableAdministrator','Loading Page','2011-04-18 13:15:15','Loading Page','::1'),(85,'/mSysAd/venuetypes.aspx','flexTimeTableAdministrator','Loading Page','2011-04-18 13:15:58','Loading Page','::1'),(86,'/mSysAd/venuetypes.aspx','flexTimeTableAdministrator','Loading Page','2011-04-18 13:24:41','Loading Page','::1'),(87,'/mSysAd/venuetypes.aspx','flexTimeTableAdministrator','Loading Page','2011-04-18 13:51:39','Loading Page','::1'),(88,'/mSysAd/venuetypes.aspx','flexTimeTableAdministrator','Loading Page','2011-04-18 13:55:49','Loading Page','::1'),(89,'/mSysAd/venuetypes.aspx','flexTimeTableAdministrator','Loading Page','2011-04-18 13:57:39','Loading Page','::1'),(90,'/mSysAd/venuetypes.aspx','flexTimeTableAdministrator','Loading Page','2011-04-18 13:58:36','Loading Page','::1'),(91,'/mSysAd/venuetypes.aspx','flexTimeTableAdministrator','Loading Page','2011-04-18 13:59:06','Loading Page','::1'),(92,'/mSysAd/resourceAllocation.aspx','flexTimeTableAdministrator','Loading Page','2011-04-18 13:59:08','Loading Page','::1'),(93,'/mSysAd/venuetypes.aspx','flexTimeTableAdministrator','Loading Page','2011-04-18 13:59:12','Loading Page','::1'),(94,'/mSysAd/venuetypes.aspx','flexTimeTableAdministrator','Loading Page','2011-04-18 14:02:24','Loading Page','::1'),(95,'/default.aspx','cwalker','Loading Page','2011-04-18 14:03:24','Loading Page','::1'),(96,'/mVenAd/managevenues.aspx','cwalker','Loading Page','2011-04-18 14:03:31','Loading Page','::1'),(97,'/mVenAd/managevenues.aspx','cwalker','Loading Page','2011-04-18 14:07:17','Loading Page','::1'),(98,'/default.aspx','cwalker','Loading Page','2011-04-18 14:08:04','Loading Page','::1'),(99,'/mVenAd/managecluster.aspx','cwalker','Loading Page','2011-04-18 14:08:07','Loading Page','::1'),(100,'/mVenAd/managesites.aspx','cwalker','Loading Page','2011-04-18 14:08:10','Loading Page','::1'),(101,'/mVenAd/managebuilding.aspx','cwalker','Loading Page','2011-04-18 14:08:13','Loading Page','::1'),(102,'/mVenAd/managevenues.aspx','cwalker','Loading Page','2011-04-18 14:08:14','Loading Page','::1'),(103,'/default.aspx','cwalker','Loading Page','2011-04-18 14:10:01','Loading Page','::1'),(104,'/About.aspx','cwalker','Loading Page','2011-04-18 14:10:04','Loading Page','::1'),(105,'/default.aspx','cwalker','Loading Page','2011-04-18 14:10:06','Loading Page','::1'),(106,'/About.aspx','cwalker','Loading Page','2011-04-18 14:10:12','Loading Page','::1'),(107,'/default.aspx','cwalker','Loading Page','2011-04-18 14:13:21','Loading Page','::1'),(108,'/mVenAd/managevenues.aspx','cwalker','Loading Page','2011-04-18 14:13:24','Loading Page','::1'),(109,'/About.aspx','cwalker','Loading Page','2011-04-18 14:13:25','Loading Page','::1'),(110,'/mVenAd/managebuilding.aspx','cwalker','Loading Page','2011-04-18 14:13:27','Loading Page','::1'),(111,'/default.aspx','cwalker','Loading Page','2011-04-18 19:46:38','Loading Page','::1'),(112,'/mVenAd/managevenues.aspx','cwalker','Loading Page','2011-04-18 19:46:51','Loading Page','::1'),(113,'/mVenAd/managebuilding.aspx','cwalker','Loading Page','2011-04-18 19:59:59','Loading Page','::1'),(114,'/mVenAd/managevenues.aspx','cwalker','Loading Page','2011-04-18 20:00:03','Loading Page','::1'),(115,'/mVenAd/managevenues.aspx','cwalker','Loading Page','2011-04-18 20:05:03','Loading Page','::1'),(116,'/mVenAd/managevenues.aspx','cwalker','Loading Page','2011-04-18 20:11:16','Loading Page','127.0.0.1'),(117,'/mVenAd/managevenues.aspx','cwalker','Loading Page','2011-04-18 20:16:12','Loading Page','::1'),(118,'/mVenAd/managevenues.aspx','cwalker','Loading Page','2011-04-18 20:52:06','Loading Page','127.0.0.1'),(119,'/mVenAd/managevenues.aspx','cwalker','Loading Page','2011-04-18 20:57:41','Loading Page','::1'),(120,'/mVenAd/managevenues.aspx','cwalker','Loading Page','2011-04-18 20:59:05','Loading Page','::1'),(121,'/mVenAd/managevenues.aspx','cwalker','Loading Page','2011-04-18 21:04:48','Loading Page','::1'),(122,'/mVenAd/managevenues.aspx','cwalker','Loading Page','2011-04-18 21:12:06','Loading Page','::1'),(123,'/mVenAd/managevenues.aspx','cwalker','Loading Page','2011-04-18 21:19:11','Loading Page','::1'),(124,'/default.aspx','cwalker','Loading Page','2011-04-19 04:39:19','Loading Page','::1'),(125,'/default.aspx','flexTimeTableAdministrator','Loading Page','2011-04-19 05:37:20','Loading Page','127.0.0.1'),(126,'/mSysAd/resourceAllocation.aspx','flexTimeTableAdministrator','Loading Page','2011-04-19 05:37:31','Loading Page','127.0.0.1'),(127,'/mSysAd/userManagement.aspx','flexTimeTableAdministrator','Loading Page','2011-04-19 05:37:34','Loading Page','127.0.0.1'),(128,'/mSysAd/venuetypes.aspx','flexTimeTableAdministrator','Loading Page','2011-04-19 05:37:39','Loading Page','127.0.0.1'),(129,'/mSysAd/resourceAllocation.aspx','flexTimeTableAdministrator','Loading Page','2011-04-19 05:37:49','Loading Page','127.0.0.1'),(130,'/mSysAd/venuetypes.aspx','flexTimeTableAdministrator','Loading Page','2011-04-19 05:37:55','Loading Page','127.0.0.1'),(131,'/login.aspx','cwalker','Loading Page','2011-04-19 05:57:37','Loading Page','127.0.0.1'),(132,'/mVenAd/managevenues.aspx','cwalker','Loading Page','2011-04-19 05:57:48','Loading Page','127.0.0.1'),(133,'/default.aspx','cwalker','Loading Page','2011-04-19 06:18:03','Loading Page','::1'),(134,'/mVenAd/managevenues.aspx','cwalker','Loading Page','2011-04-19 06:18:15','Loading Page','::1'),(135,'/mVenAd/managevenues.aspx','cwalker','Loading Page','2011-04-19 06:23:12','Loading Page','::1'),(136,'/mVenAd/managevenues.aspx','cwalker','Loading Page','2011-04-19 06:24:42','Loading Page','::1'),(137,'/mVenAd/managevenues.aspx','cwalker','Loading Page','2011-04-19 06:29:05','Loading Page','::1'),(138,'/mVenAd/managevenues.aspx','cwalker','Loading Page','2011-04-19 06:32:12','Loading Page','::1'),(139,'/mVenAd/managecluster.aspx','cwalker','Loading Page','2011-04-19 06:32:28','Loading Page','::1'),(140,'/mVenAd/managesites.aspx','cwalker','Loading Page','2011-04-19 06:32:34','Loading Page','::1'),(141,'/mVenAd/managevenues.aspx','cwalker','Loading Page','2011-04-19 06:32:55','Loading Page','::1'),(142,'/mVenAd/managevenues.aspx','cwalker','Loading Page','2011-04-19 06:33:52','Loading Page','::1'),(143,'/mVenAd/managebuilding.aspx','cwalker','Loading Page','2011-04-19 06:39:49','Loading Page','::1'),(144,'/About.aspx','cwalker','Loading Page','2011-04-19 06:39:51','Loading Page','::1'),(145,'/mVenAd/managevenues.aspx','cwalker','Loading Page','2011-04-19 06:39:54','Loading Page','::1'),(146,'/default.aspx','cwalker','Loading Page','2011-04-19 06:39:57','Loading Page','::1'),(147,'/mVenAd/managevenues.aspx','cwalker','Loading Page','2011-04-19 06:39:59','Loading Page','::1'),(148,'/mVenAd/managecluster.aspx','cwalker','Loading Page','2011-04-19 06:40:11','Loading Page','::1'),(149,'/About.aspx','cwalker','Loading Page','2011-04-19 06:41:23','Loading Page','::1'),(150,'/mVenAd/managebuilding.aspx','cwalker','Loading Page','2011-04-19 06:41:26','Loading Page','::1'),(151,'/mVenAd/managebuilding.aspx','cwalker','Loading Page','2011-04-19 06:42:21','Loading Page','::1'),(152,'/mVenAd/managesites.aspx','cwalker','Loading Page','2011-04-19 06:42:23','Loading Page','::1'),(153,'/mVenAd/managesites.aspx','cwalker','Loading Page','2011-04-19 06:43:16','Loading Page','::1'),(154,'/mVenAd/managevenues.aspx','cwalker','Loading Page','2011-04-19 06:43:46','Loading Page','::1'),(155,'/default.aspx','flexTimeTableAdministrator','Loading Page','2011-04-19 06:44:11','Loading Page','::1'),(156,'/mSysAd/venuetypes.aspx','flexTimeTableAdministrator','Loading Page','2011-04-19 06:44:15','Loading Page','::1'),(157,'/default.aspx','cwalker','Loading Page','2011-04-19 06:46:02','Loading Page','::1'),(158,'/mVenAd/managevenues.aspx','cwalker','Loading Page','2011-04-19 06:46:05','Loading Page','::1'),(159,'/mVenAd/managecluster.aspx','cwalker','Loading Page','2011-04-19 06:47:50','Loading Page','::1'),(160,'/mVenAd/managevenues.aspx','cwalker','Loading Page','2011-04-19 06:47:53','Loading Page','::1'),(161,'/mVenAd/managebuilding.aspx','cwalker','Loading Page','2011-04-19 06:47:58','Loading Page','::1'),(162,'/mVenAd/managevenues.aspx','cwalker','Loading Page','2011-04-19 06:48:00','Loading Page','::1'),(163,'/default.aspx','cwalker','Loading Page','2011-04-19 06:48:03','Loading Page','::1'),(164,'/default.aspx','cwalker','Loading Page','2011-04-19 06:50:46','Loading Page','::1'),(165,'/default.aspx','cwalker','Loading Page','2011-04-19 06:50:54','Loading Page','::1'),(166,'/mVenAd/managevenues.aspx','cwalker','Loading Page','2011-04-19 06:51:08','Loading Page','::1'),(167,'/mVenAd/managebuilding.aspx','cwalker','Loading Page','2011-04-19 06:51:10','Loading Page','::1'),(168,'/mVenAd/managesites.aspx','cwalker','Loading Page','2011-04-19 06:51:14','Loading Page','::1'),(169,'/mVenAd/managecluster.aspx','cwalker','Loading Page','2011-04-19 06:51:17','Loading Page','::1'),(170,'/mVenAd/managevenues.aspx','cwalker','Loading Page','2011-04-19 06:51:20','Loading Page','::1'),(171,'/mVenAd/managebuilding.aspx','cwalker','Loading Page','2011-04-19 06:51:21','Loading Page','::1'),(172,'/mVenAd/managesites.aspx','cwalker','Loading Page','2011-04-19 06:51:23','Loading Page','::1'),(173,'/mVenAd/managecluster.aspx','cwalker','Loading Page','2011-04-19 06:51:25','Loading Page','::1'),(174,'/mVenAd/managebuilding.aspx','cwalker','Loading Page','2011-04-19 06:51:30','Loading Page','::1'),(175,'/mVenAd/managesites.aspx','cwalker','Loading Page','2011-04-19 06:51:43','Loading Page','::1'),(176,'/mVenAd/managecluster.aspx','cwalker','Loading Page','2011-04-19 06:52:50','Loading Page','::1'),(177,'/default.aspx','flexTimeTableAdministrator','Loading Page','2011-04-19 06:53:08','Loading Page','::1'),(178,'/mSysAd/resourceAllocation.aspx','flexTimeTableAdministrator','Loading Page','2011-04-19 06:53:12','Loading Page','::1'),(179,'/mSysAd/resourceAllocation.aspx','flexTimeTableAdministrator','Loading Page','2011-04-19 06:53:37','Loading Page','::1'),(180,'/mSysAd/venueAllocation.aspx','flexTimeTableAdministrator','Loading Page','2011-04-19 06:53:42','Loading Page','::1'),(181,'/mSysAd/userManagement.aspx','flexTimeTableAdministrator','Loading Page','2011-04-19 06:53:47','Loading Page','::1'),(182,'/mSysAd/venuetypes.aspx','flexTimeTableAdministrator','Loading Page','2011-04-19 06:53:56','Loading Page','::1'),(183,'/default.aspx','cwalker','Loading Page','2011-04-19 12:33:34','Loading Page','::1'),(184,'/mVenAd/managevenues.aspx','cwalker','Loading Page','2011-04-19 12:34:33','Loading Page','::1'),(185,'/mVenAd/managebuilding.aspx','cwalker','Loading Page','2011-04-19 12:36:14','Loading Page','::1'),(186,'/mVenAd/managebuilding.aspx','cwalker','Loading Page','2011-04-19 14:02:29','Loading Page','::1'),(187,'/mVenAd/managesites.aspx','cwalker','Loading Page','2011-04-19 14:03:25','Loading Page','::1'),(188,'/default.aspx','cwalker','Loading Page','2011-04-19 21:25:37','Loading Page','::1'),(189,'/mVenAd/managevenues.aspx','cwalker','Loading Page','2011-04-19 21:25:57','Loading Page','::1'),(190,'/login.aspx','flexTimeTableAdministrator','Loading Page','2011-04-19 21:26:27','Loading Page','::1'),(191,'/login.aspx','flexTimeTableAdministrator','Loading Page','2011-04-19 21:29:27','Loading Page','::1'),(192,'/mSysAd/userManagement.aspx','flexTimeTableAdministrator','Loading Page','2011-04-19 21:30:24','Loading Page','::1'),(193,'/mSysAd/resourcetypes.aspx','flexTimeTableAdministrator','Loading Page','2011-04-19 21:30:27','Loading Page','::1'),(194,'/mSysAd/resourcetypes.aspx','flexTimeTableAdministrator','Loading Page','2011-04-19 21:31:39','Loading Page','::1'),(195,'/mSysAd/resourceAllocation.aspx','flexTimeTableAdministrator','Loading Page','2011-04-19 22:03:12','Loading Page','::1'),(196,'/default.aspx','cwalker','Loading Page','2011-04-19 22:04:57','Loading Page','::1'),(197,'/mVenAd/managecluster.aspx','cwalker','Loading Page','2011-04-19 22:05:04','Loading Page','::1'),(198,'/mVenAd/managesites.aspx','cwalker','Loading Page','2011-04-19 22:08:48','Loading Page','::1'),(199,'/mVenAd/managesites.aspx','cwalker','Loading Page','2011-04-19 22:30:17','Loading Page','::1'),(200,'/mVenAd/managevenues.aspx','cwalker','Loading Page','2011-04-19 22:35:24','Loading Page','::1'),(201,'/mVenAd/managesites.aspx','cwalker','Loading Page','2011-04-19 22:36:00','Loading Page','::1'),(202,'/mVenAd/managecluster.aspx','cwalker','Loading Page','2011-04-19 22:36:26','Loading Page','::1'),(203,'/mVenAd/managesites.aspx','cwalker','Loading Page','2011-04-19 22:36:38','Loading Page','::1'),(204,'/default.aspx','flexTimeTableAdministrator','Loading Page','2011-04-19 22:38:43','Loading Page','::1'),(205,'/mSysAd/venueAllocation.aspx','flexTimeTableAdministrator','Loading Page','2011-04-19 22:38:49','Loading Page','::1'),(206,'/default.aspx','cwalker','Loading Page','2011-04-19 22:39:35','Loading Page','::1'),(207,'/mVenAd/managecluster.aspx','cwalker','Loading Page','2011-04-19 22:39:39','Loading Page','::1'),(208,'/mVenAd/managebuilding.aspx','cwalker','Loading Page','2011-04-19 22:40:00','Loading Page','::1'),(209,'/mVenAd/managevenues.aspx','cwalker','Loading Page','2011-04-19 22:40:08','Loading Page','::1'),(210,'/mVenAd/managecluster.aspx','cwalker','Loading Page','2011-04-19 22:41:05','Loading Page','::1'),(211,'/mVenAd/managecluster.aspx','cwalker','Loading Page','2011-04-19 22:44:41','Loading Page','::1'),(212,'/mVenAd/managesites.aspx','cwalker','Loading Page','2011-04-19 22:48:49','Loading Page','::1'),(213,'/mVenAd/managevenues.aspx','cwalker','Loading Page','2011-04-19 22:48:56','Loading Page','::1'),(214,'/mVenAd/managebuilding.aspx','cwalker','Loading Page','2011-04-19 22:49:05','Loading Page','::1'),(215,'/mVenAd/managesites.aspx','cwalker','Loading Page','2011-04-19 22:49:09','Loading Page','::1'),(216,'/mVenAd/managecluster.aspx','cwalker','Loading Page','2011-04-19 22:49:11','Loading Page','::1'),(217,'/mVenAd/managevenues.aspx','cwalker','Loading Page','2011-04-19 22:49:15','Loading Page','::1'),(218,'/mVenAd/managebuilding.aspx','cwalker','Loading Page','2011-04-19 22:49:19','Loading Page','::1'),(219,'/mVenAd/managesites.aspx','cwalker','Loading Page','2011-04-19 22:49:22','Loading Page','::1'),(220,'/mVenAd/managecluster.aspx','cwalker','Loading Page','2011-04-19 22:49:25','Loading Page','::1'),(221,'/default.aspx','flexTimeTableAdministrator','Loading Page','2011-04-19 22:49:44','Loading Page','::1'),(222,'/mSysAd/venueAllocation.aspx','flexTimeTableAdministrator','Loading Page','2011-04-19 22:49:50','Loading Page','::1'),(223,'/default.aspx','cwalker','Loading Page','2011-04-19 22:50:40','Loading Page','::1'),(224,'/mVenAd/managecluster.aspx','cwalker','Loading Page','2011-04-19 22:50:42','Loading Page','::1'),(225,'/mVenAd/managesites.aspx','cwalker','Loading Page','2011-04-19 22:51:00','Loading Page','::1'),(226,'/default.aspx','flexTimeTableAdministrator','Loading Page','2011-04-20 06:59:41','Loading Page','::1'),(227,'/mSysAd/venueAllocation.aspx','flexTimeTableAdministrator','Loading Page','2011-04-20 06:59:55','Loading Page','::1'),(228,'/mSysAd/resourceAllocation.aspx','flexTimeTableAdministrator','Loading Page','2011-04-20 07:00:02','Loading Page','::1'),(229,'/mSysAd/managecampus.aspx','flexTimeTableAdministrator','Loading Page','2011-04-20 07:00:14','Loading Page','::1'),(230,'/mSysAd/managefaculty.aspx','flexTimeTableAdministrator','Loading Page','2011-04-20 07:00:23','Loading Page','::1'),(231,'/mSysAd/venueAllocation.aspx','flexTimeTableAdministrator','Loading Page','2011-04-20 07:02:53','Loading Page','::1'),(232,'/mSysAd/managecampus.aspx','flexTimeTableAdministrator','Loading Page','2011-04-20 07:02:58','Loading Page','::1'),(233,'/mSysAd/managecampus.aspx','flexTimeTableAdministrator','Loading Page','2011-04-20 07:03:58','Loading Page','::1'),(234,'/mSysAd/managefaculty.aspx','flexTimeTableAdministrator','Loading Page','2011-04-20 07:11:52','Loading Page','::1'),(235,'/mSysAd/resourceAllocation.aspx','flexTimeTableAdministrator','Loading Page','2011-04-20 07:14:35','Loading Page','::1'),(236,'/mSysAd/userManagement.aspx','flexTimeTableAdministrator','Loading Page','2011-04-20 07:20:02','Loading Page','::1'),(237,'/mSysAd/resourcetypes.aspx','flexTimeTableAdministrator','Loading Page','2011-04-20 08:29:17','Loading Page','::1'),(238,'/default.aspx','cwalker','Loading Page','2011-04-20 08:39:30','Loading Page','::1'),(239,'/default.aspx','flexTimeTableAdministrator','Loading Page','2011-04-20 08:39:45','Loading Page','::1'),(240,'/mSysAd/resourceAllocation.aspx','flexTimeTableAdministrator','Loading Page','2011-04-20 08:39:57','Loading Page','::1'),(241,'/mSysAd/userManagement.aspx','flexTimeTableAdministrator','Loading Page','2011-04-20 08:40:08','Loading Page','::1'),(242,'/default.aspx','cwalker','Loading Page','2011-04-20 08:40:33','Loading Page','::1'),(243,'/mSysAd/resourceAllocation.aspx','cwalker','Loading Page','2011-04-20 08:40:52','Loading Page','::1'),(244,'/default.aspx','cwalker','Loading Page','2011-04-20 08:41:19','Loading Page','::1'),(245,'/default.aspx','cwalker','Loading Page','2011-04-20 08:41:22','Loading Page','::1'),(246,'/mSysAd/resourceAllocation.aspx','cwalker','Loading Page','2011-04-20 08:41:38','Loading Page','::1'),(247,'/mSysAd/managecampus.aspx','cwalker','Loading Page','2011-04-20 08:42:16','Loading Page','::1'),(248,'/mSysAd/managefaculty.aspx','cwalker','Loading Page','2011-04-20 08:42:19','Loading Page','::1'),(249,'/mSysAd/userManagement.aspx','cwalker','Loading Page','2011-04-20 08:42:22','Loading Page','::1'),(250,'/default.aspx','cwalker','Loading Page','2011-04-20 08:50:02','Loading Page','::1'),(251,'/mResAd/manageschool.aspx','cwalker','Loading Page','2011-04-20 08:50:15','Loading Page','::1'),(252,'/mSysAd/venueAllocation.aspx','cwalker','Loading Page','2011-04-20 08:52:51','Loading Page','::1'),(253,'/mResAd/manageschool.aspx','cwalker','Loading Page','2011-04-20 08:53:06','Loading Page','::1'),(254,'/mSysAd/resourcetypes.aspx','cwalker','Loading Page','2011-04-20 08:53:21','Loading Page','::1'),(255,'/mResAd/manageschool.aspx','cwalker','Loading Page','2011-04-20 08:56:46','Loading Page','::1'),(256,'/About.aspx','cwalker','Loading Page','2011-04-20 08:57:27','Loading Page','::1'),(257,'/mResAd/managedepartment.aspx','cwalker','Loading Page','2011-04-20 09:14:41','Loading Page','::1'),(258,'/mVenAd/managesites.aspx','cwalker','Loading Page','2011-04-20 09:17:19','Loading Page','::1'),(259,'/default.aspx','cwalker','Loading Page','2011-04-20 09:23:51','Loading Page','::1'),(260,'/mVenAd/managesites.aspx','cwalker','Loading Page','2011-04-20 09:23:57','Loading Page','::1'),(261,'/mResAd/managedepartment.aspx','cwalker','Loading Page','2011-04-20 09:24:07','Loading Page','::1'),(262,'/mResAd/managedepartment.aspx','cwalker','Loading Page','2011-04-20 09:29:49','Loading Page','::1'),(263,'/mSysAd/resourceAllocation.aspx','cwalker','Loading Page','2011-04-20 09:41:09','Loading Page','::1'),(264,'/mResAd/manageschool.aspx','cwalker','Loading Page','2011-04-20 09:41:19','Loading Page','::1'),(265,'/mResAd/managedepartment.aspx','cwalker','Loading Page','2011-04-20 09:41:28','Loading Page','::1'),(266,'/default.aspx','cwalker','Loading Page','2011-04-20 10:19:26','Loading Page','::1'),(267,'/mResAd/managequalification.aspx','cwalker','Loading Page','2011-04-20 11:46:38','Loading Page','::1'),(268,'/mResAd/managedepartment.aspx','cwalker','Loading Page','2011-04-20 12:28:25','Loading Page','::1'),(269,'/mResAd/managesubject.aspx','cwalker','Loading Page','2011-04-20 12:28:39','Loading Page','::1'),(270,'/mResAd/managesubject.aspx','cwalker','Loading Page','2011-04-20 12:54:21','Loading Page','::1'),(271,'/default.aspx','cwalker','Loading Page','2011-04-20 12:55:25','Loading Page','::1'),(272,'/mVenAd/managevenues.aspx','cwalker','Loading Page','2011-04-20 12:55:31','Loading Page','::1'),(273,'/default.aspx','cwalker','Loading Page','2011-04-20 12:55:52','Loading Page','::1'),(274,'/mVenAd/managebuilding.aspx','cwalker','Loading Page','2011-04-20 13:21:06','Loading Page','::1'),(275,'/mResAd/managesubject.aspx','cwalker','Loading Page','2011-04-20 13:21:06','Loading Page','::1'),(276,'/default.aspx','cwalker','Loading Page','2011-04-20 16:35:06','Loading Page','::1'),(277,'/mResAd/manageschool.aspx','cwalker','Loading Page','2011-04-20 16:35:18','Loading Page','::1'),(278,'/mResAd/manageschool.aspx','cwalker','Loading Page','2011-04-20 16:35:19','Loading Page','::1'),(279,'/mResAd/manageprogramme.aspx','cwalker','Loading Page','2011-04-20 16:35:21','Loading Page','::1'),(280,'/mResAd/managesubject.aspx','cwalker','Loading Page','2011-04-20 16:35:51','Loading Page','::1'),(281,'/mResAd/managesubject.aspx','cwalker','Loading Page','2011-04-20 16:35:51','Loading Page','::1'),(282,'/mResAd/managedepartment.aspx','cwalker','Loading Page','2011-04-20 16:36:00','Loading Page','::1'),(283,'/mResAd/manageprogramme.aspx','cwalker','Loading Page','2011-04-20 16:36:50','Loading Page','::1'),(284,'/mResAd/managedepartment.aspx','cwalker','Loading Page','2011-04-20 16:37:06','Loading Page','::1'),(285,'/mResAd/manageprogramme.aspx','cwalker','Loading Page','2011-04-20 16:43:55','Loading Page','127.0.0.1'),(286,'/mResAd/manageprogramme.aspx','cwalker','Loading Page','2011-04-20 16:52:27','Loading Page','::1'),(287,'/mResAd/manageschool.aspx','cwalker','Loading Page','2011-04-20 16:52:50','Loading Page','::1'),(288,'/mResAd/managedepartment.aspx','cwalker','Loading Page','2011-04-20 16:53:54','Loading Page','::1'),(289,'/mResAd/manageschool.aspx','cwalker','Loading Page','2011-04-20 16:54:59','Loading Page','::1'),(290,'/mResAd/managequalification.aspx','cwalker','Loading Page','2011-04-20 16:55:30','Loading Page','::1'),(291,'/mResAd/manageprogramme.aspx','cwalker','Loading Page','2011-04-20 16:58:02','Loading Page','::1'),(292,'/default.aspx','cwalker','Loading Page','2011-04-20 18:50:15','Loading Page','::1'),(293,'/mResAd/manageprogramme.aspx','cwalker','Loading Page','2011-04-20 18:50:27','Loading Page','::1'),(294,'/mResAd/manageprogramme.aspx','cwalker','Loading Page','2011-04-20 18:53:43','Loading Page','::1'),(295,'/mResAd/manageprogramme.aspx','cwalker','Loading Page','2011-04-20 19:24:43','Loading Page','::1'),(296,'/mResAd/managesubject.aspx','cwalker','Loading Page','2011-04-20 19:25:40','Loading Page','::1'),(297,'/mResAd/managedepartment.aspx','cwalker','Loading Page','2011-04-20 19:26:44','Loading Page','::1'),(298,'/mResAd/manageschool.aspx','cwalker','Loading Page','2011-04-20 19:28:11','Loading Page','::1'),(299,'/mResAd/managedepartment.aspx','cwalker','Loading Page','2011-04-20 19:28:34','Loading Page','::1'),(300,'/mResAd/managesubject.aspx','cwalker','Loading Page','2011-04-20 19:28:59','Loading Page','::1'),(301,'/mResAd/manageprogramme.aspx','cwalker','Loading Page','2011-04-20 19:29:43','Loading Page','::1'),(302,'/mResAd/manageprogramme.aspx','cwalker','Loading Page','2011-04-20 19:42:56','Loading Page','127.0.0.1'),(303,'/mResAd/manageprogramme.aspx','cwalker','Loading Page','2011-04-20 19:48:11','Loading Page','::1'),(304,'/mResAd/managesubject.aspx','cwalker','Loading Page','2011-04-20 19:51:36','Loading Page','::1'),(305,'/mResAd/manageprogramme.aspx','cwalker','Loading Page','2011-04-20 19:51:44','Loading Page','::1'),(306,'/mResAd/manageprogramme.aspx','cwalker','Loading Page','2011-04-20 20:49:42','Loading Page','::1'),(307,'/mResAd/manageprogramme.aspx','cwalker','Loading Page','2011-04-20 20:54:33','Loading Page','::1'),(308,'/mResAd/manageprogramme.aspx','cwalker','Loading Page','2011-04-20 20:54:37','Loading Page','::1'),(309,'/mResAd/manageprogramme.aspx','cwalker','Loading Page','2011-04-20 20:57:15','Loading Page','127.0.0.1'),(310,'/mResAd/manageprogramme.aspx','cwalker','Loading Page','2011-04-20 21:09:24','Loading Page','127.0.0.1'),(311,'/mResAd/manageprogramme.aspx','cwalker','Loading Page','2011-04-20 21:13:13','Loading Page','127.0.0.1'),(312,'/mResAd/manageprogramme.aspx','cwalker','Loading Page','2011-04-20 21:16:40','Loading Page','127.0.0.1'),(313,'/mResAd/manageprogramme.aspx','cwalker','Loading Page','2011-04-20 21:25:14','Loading Page','127.0.0.1'),(314,'/mResAd/manageprogramme.aspx','cwalker','Loading Page','2011-04-20 21:41:42','Loading Page','127.0.0.1'),(315,'/mVenAd/managevenues.aspx','cwalker','Loading Page','2011-04-20 21:46:09','Loading Page','127.0.0.1'),(316,'/mResAd/manageprogramme.aspx','cwalker','Loading Page','2011-04-20 21:57:09','Loading Page','127.0.0.1'),(317,'/default.aspx','cwalker','Loading Page','2011-04-21 01:10:13','Loading Page','::1'),(318,'/mResAd/manageprogramme.aspx','cwalker','Loading Page','2011-04-21 01:10:45','Loading Page','::1'),(319,'/mResAd/manageprogramme.aspx','cwalker','Loading Page','2011-04-21 01:15:40','Loading Page','127.0.0.1'),(320,'/mResAd/manageprogramme.aspx','cwalker','Loading Page','2011-04-21 01:19:49','Loading Page','127.0.0.1'),(321,'/mResAd/manageprogramme.aspx','cwalker','Loading Page','2011-04-21 01:22:48','Loading Page','127.0.0.1'),(322,'/mResAd/manageprogramme.aspx','cwalker','Loading Page','2011-04-21 01:29:30','Loading Page','127.0.0.1'),(323,'/mResAd/manageprogramme.aspx','cwalker','Loading Page','2011-04-21 01:41:55','Loading Page','127.0.0.1'),(324,'/mResAd/manageprogramme.aspx','cwalker','Loading Page','2011-04-21 01:55:22','Loading Page','127.0.0.1'),(325,'/mResAd/manageprogramme.aspx','cwalker','Loading Page','2011-04-21 02:00:39','Loading Page','127.0.0.1'),(326,'/mResAd/manageprogramme.aspx','cwalker','Loading Page','2011-04-21 02:13:58','Loading Page','127.0.0.1'),(327,'/mResAd/manageprogramme.aspx','cwalker','Loading Page','2011-04-21 02:21:47','Loading Page','127.0.0.1'),(328,'/mResAd/manageprogramme.aspx','cwalker','Loading Page','2011-04-21 02:24:27','Loading Page','127.0.0.1'),(329,'/mResAd/manageprogramme.aspx','cwalker','Loading Page','2011-04-21 07:58:20','Loading Page','127.0.0.1'),(330,'/default.aspx','cwalker','Loading Page','2011-04-21 08:02:00','Loading Page','::1'),(331,'/mResAd/manageprogramme.aspx','cwalker','Loading Page','2011-04-21 08:02:16','Loading Page','::1'),(332,'/mResAd/manageprogramme.aspx','cwalker','Loading Page','2011-04-21 08:02:17','Loading Page','::1'),(333,'/mResAd/manageprogramme.aspx','cwalker','Loading Page','2011-04-21 08:11:53','Loading Page','127.0.0.1'),(334,'/default.aspx','cwalker','Loading Page','2011-04-21 08:14:25','Loading Page','::1'),(335,'/mResAd/manageprogramme.aspx','cwalker','Loading Page','2011-04-21 08:14:31','Loading Page','::1'),(336,'/mResAd/manageprogramme.aspx','cwalker','Loading Page','2011-04-21 08:20:41','Loading Page','::1'),(337,'/mResAd/manageprogramme.aspx','cwalker','Loading Page','2011-04-21 08:21:00','Loading Page','::1'),(338,'/mResAd/managequalification.aspx','cwalker','Loading Page','2011-04-21 08:44:26','Loading Page','::1'),(339,'/mResAd/manageprogramme.aspx','cwalker','Loading Page','2011-04-21 08:45:00','Loading Page','::1'),(340,'/default.aspx','cwalker','Loading Page','2011-04-21 09:59:40','Loading Page','::1'),(341,'/mResAd/managesiteprogramme.aspx','cwalker','Loading Page','2011-04-21 10:04:36','Loading Page','::1'),(342,'/mResAd/managesiteprogramme.aspx','cwalker','Loading Page','2011-04-21 10:09:43','Loading Page','::1'),(343,'/mResAd/manageprogramme.aspx','cwalker','Loading Page','2011-04-21 10:13:27','Loading Page','::1'),(344,'/mResAd/managesiteprogramme.aspx','cwalker','Loading Page','2011-04-21 10:14:20','Loading Page','::1'),(345,'/mResAd/managesiteprogramme.aspx','cwalker','Loading Page','2011-04-21 10:19:09','Loading Page','::1'),(346,'/mResAd/managesiteprogramme.aspx','cwalker','Loading Page','2011-04-21 14:14:25','Loading Page','::1'),(347,'/mResAd/manageprogramme.aspx','cwalker','Loading Page','2011-04-21 14:25:33','Loading Page','::1'),(348,'/mResAd/managesiteprogramme.aspx','cwalker','Loading Page','2011-04-21 14:26:16','Loading Page','::1'),(349,'/mResAd/managesiteprogramme.aspx','cwalker','Loading Page','2011-04-21 14:40:29','Loading Page','::1'),(350,'/mVenAd/managevenues.aspx','cwalker','Loading Page','2011-04-21 14:43:25','Loading Page','::1'),(351,'/mResAd/managesiteprogramme.aspx','cwalker','Loading Page','2011-04-21 14:43:29','Loading Page','::1'),(352,'/default.aspx','cwalker','Loading Page','2011-04-21 16:28:02','Loading Page','::1'),(353,'/mResAd/managequalification.aspx','cwalker','Loading Page','2011-04-21 16:28:15','Loading Page','::1'),(354,'/mResAd/managequalification.aspx','cwalker','Loading Page','2011-04-21 16:53:01','Loading Page','::1'),(355,'/mResAd/managesubject.aspx','cwalker','Loading Page','2011-04-21 16:55:22','Loading Page','::1'),(356,'/mResAd/managequalification.aspx','cwalker','Loading Page','2011-04-21 16:55:36','Loading Page','::1'),(357,'/mVenAd/managevenues.aspx','cwalker','Loading Page','2011-04-21 16:55:48','Loading Page','::1'),(358,'/mVenAd/managebuilding.aspx','cwalker','Loading Page','2011-04-21 16:56:21','Loading Page','::1'),(359,'/mVenAd/managevenues.aspx','cwalker','Loading Page','2011-04-21 16:56:37','Loading Page','::1'),(360,'/mVenAd/managevenues.aspx','cwalker','Loading Page','2011-04-21 17:03:21','Loading Page','::1'),(361,'/mResAd/managedepartment.aspx','cwalker','Loading Page','2011-04-21 17:05:55','Loading Page','::1'),(362,'/mResAd/manageschool.aspx','cwalker','Loading Page','2011-04-21 17:06:08','Loading Page','::1'),(363,'/mResAd/manageprogramme.aspx','cwalker','Loading Page','2011-04-21 17:06:18','Loading Page','::1'),(364,'/default.aspx','cwalker','Loading Page','2011-04-21 20:00:11','Loading Page','::1'),(365,'/mSysAd/academicblock.aspx','cwalker','Loading Page','2011-04-21 20:00:24','Loading Page','::1'),(366,'/mSysAd/managecampus.aspx','cwalker','Loading Page','2011-04-21 20:05:04','Loading Page','::1'),(367,'/mSysAd/academicblock.aspx','cwalker','Loading Page','2011-04-21 20:40:53','Loading Page','::1'),(368,'/mSysAd/academicblock.aspx','cwalker','Loading Page','2011-04-21 20:41:27','Loading Page','::1'),(369,'/mSysAd/AcademicBlock.aspx','cwalker','Loading Page','2011-04-21 20:45:47','Loading Page','127.0.0.1'),(370,'/mSysAd/academicblock.aspx','cwalker','Loading Page','2011-04-21 20:49:49','Loading Page','::1'),(371,'/default.aspx','cwalker','Loading Page','2011-04-21 21:28:23','Loading Page','::1'),(372,'/mSysAd/managetimeslot.aspx','cwalker','Loading Page','2011-04-21 21:28:37','Loading Page','::1'),(373,'/mSysAd/managetimeslot.aspx','cwalker','Loading Page','2011-04-21 21:38:32','Loading Page','::1'),(374,'/mSysAd/managetimeslot.aspx','cwalker','Loading Page','2011-04-21 21:40:30','Loading Page','::1'),(375,'/mSysAd/academicblock.aspx','cwalker','Loading Page','2011-04-21 21:45:36','Loading Page','::1'),(376,'/mSysAd/academicblock.aspx','cwalker','Loading Page','2011-04-21 21:52:11','Loading Page','::1'),(377,'/mVenAd/managecluster.aspx','cwalker','Loading Page','2011-04-21 21:53:04','Loading Page','::1'),(378,'/mSysAd/academicblock.aspx','cwalker','Loading Page','2011-04-21 21:58:08','Loading Page','::1'),(379,'/mSysAd/managecampus.aspx','cwalker','Loading Page','2011-04-21 21:58:27','Loading Page','::1'),(380,'/mSysAd/managetimeslot.aspx','cwalker','Loading Page','2011-04-21 22:00:17','Loading Page','::1'),(381,'/default.aspx','cwalker','Loading Page','2011-04-22 05:06:33','Loading Page','::1'),(382,'/mSysAd/managetimeslot.aspx','cwalker','Loading Page','2011-04-22 05:06:48','Loading Page','::1'),(383,'/default.aspx','cwalker','Loading Page','2011-04-22 05:08:49','Loading Page','::1'),(384,'/default.aspx','cwalker','Loading Page','2011-04-22 08:40:54','Loading Page','::1'),(385,'/default.aspx','cwalker','Loading Page','2011-04-22 09:55:06','Loading Page','127.0.0.1'),(386,'/default.aspx','cwalker','Loading Page','2011-04-22 11:50:14','Loading Page','::1'),(387,'/mSysAd/managetimeslot.aspx','cwalker','Loading Page','2011-04-22 11:50:25','Loading Page','::1'),(388,'/mSysAd/manageOfferingType.aspx','cwalker','Loading Page','2011-04-22 11:50:29','Loading Page','::1'),(389,'/mSysAd/manageOfferingType.aspx','cwalker','Loading Page','2011-04-22 12:03:36','Loading Page','::1'),(390,'/default.aspx','cwalker','Loading Page','2011-04-24 14:45:29','Loading Page','127.0.0.1'),(391,'/mSysAd/manageOfferingType.aspx','cwalker','Loading Page','2011-04-24 14:45:43','Loading Page','127.0.0.1'),(392,'/mSysAd/manageOfferingType.aspx','cwalker','Loading Page','2011-04-24 14:49:44','Loading Page','127.0.0.1'),(393,'/mSysAd/manageOfferingType.aspx','cwalker','Loading Page','2011-04-24 14:55:20','Loading Page','127.0.0.1'),(394,'/mSysAd/manageOfferingType.aspx','cwalker','Loading Page','2011-04-24 14:57:33','Loading Page','127.0.0.1'),(395,'/mSysAd/managetimeslot.aspx','cwalker','Loading Page','2011-04-24 15:00:33','Loading Page','127.0.0.1'),(396,'/mSysAd/academicblock.aspx','cwalker','Loading Page','2011-04-24 15:01:10','Loading Page','127.0.0.1'),(397,'/mSysAd/resourceAllocation.aspx','cwalker','Loading Page','2011-04-24 15:01:26','Loading Page','127.0.0.1'),(398,'/default.aspx','cwalker','Loading Page','2011-04-24 15:01:41','Loading Page','127.0.0.1'),(399,'/mResAd/managesiteprogramme.aspx','cwalker','Loading Page','2011-04-24 15:01:58','Loading Page','127.0.0.1'),(400,'/mResAd/managesiteprogramme.aspx','cwalker','Loading Page','2011-04-24 15:37:50','Loading Page','127.0.0.1'),(401,'/mResAd/managedepartment.aspx','cwalker','Loading Page','2011-04-24 15:37:57','Loading Page','127.0.0.1'),(402,'/mResAd/managequalification.aspx','cwalker','Loading Page','2011-04-24 15:38:04','Loading Page','127.0.0.1'),(403,'/mResAd/managesubject.aspx','cwalker','Loading Page','2011-04-24 15:38:38','Loading Page','127.0.0.1'),(404,'/mResAd/manageprogramme.aspx','cwalker','Loading Page','2011-04-24 15:39:00','Loading Page','127.0.0.1'),(405,'/default.aspx','cwalker','Loading Page','2011-04-25 08:26:58','Loading Page','127.0.0.1'),(406,'/mResAd/managelecturer.aspx','cwalker','Loading Page','2011-04-25 08:27:12','Loading Page','127.0.0.1'),(407,'/mResAd/managelecturer.aspx','cwalker','Loading Page','2011-04-25 16:41:25','Loading Page','127.0.0.1'),(408,'/mResAd/managelecturer.aspx','cwalker','Loading Page','2011-04-25 16:44:12','Loading Page','127.0.0.1'),(409,'/mResAd/managelecturer.aspx','cwalker','Loading Page','2011-04-25 16:54:34','Loading Page','127.0.0.1'),(410,'/mResAd/managelecturer.aspx','cwalker','Loading Page','2011-04-25 17:00:36','Loading Page','127.0.0.1'),(411,'/mResAd/managelecturer.aspx','cwalker','Loading Page','2011-04-25 18:00:34','Loading Page','127.0.0.1'),(412,'/mResAd/managelecturer.aspx','cwalker','Loading Page','2011-04-25 18:00:55','Loading Page','127.0.0.1'),(413,'/mResAd/manageprogramme.aspx','cwalker','Loading Page','2011-04-25 18:01:05','Loading Page','127.0.0.1'),(414,'/mResAd/managequalification.aspx','cwalker','Loading Page','2011-04-25 18:01:09','Loading Page','127.0.0.1'),(415,'/mResAd/managedepartment.aspx','cwalker','Loading Page','2011-04-25 18:01:12','Loading Page','127.0.0.1'),(416,'/mResAd/managelecturer.aspx','cwalker','Loading Page','2011-04-25 18:03:48','Loading Page','127.0.0.1'),(417,'/default.aspx','cwalker','Loading Page','2011-04-25 18:04:11','Loading Page','127.0.0.1'),(418,'/mResAd/managelecturer.aspx','cwalker','Loading Page','2011-04-25 18:04:18','Loading Page','127.0.0.1'),(419,'/mSysAd/userManagement.aspx','cwalker','Loading Page','2011-04-25 18:04:39','Loading Page','127.0.0.1'),(420,'/mResAd/managelecturer.aspx','cwalker','Loading Page','2011-04-25 18:12:29','Loading Page','127.0.0.1'),(421,'/mResAd/managelecturer.aspx','cwalker','Loading Page','2011-04-25 18:14:52','Loading Page','127.0.0.1'),(422,'/mResAd/managelecturer.aspx','cwalker','Loading Page','2011-04-25 21:22:15','Loading Page','127.0.0.1'),(423,'/default.aspx','cwalker','Loading Page','2011-04-25 21:34:57','Loading Page','127.0.0.1'),(424,'/mResAd/managelecturer.aspx','cwalker','Loading Page','2011-04-25 21:35:08','Loading Page','127.0.0.1'),(425,'/mResAd/managelecturer.aspx','cwalker','Loading Page','2011-04-25 21:39:00','Loading Page','127.0.0.1'),(426,'/mResAd/managelecturer.aspx','cwalker','Loading Page','2011-04-25 21:51:24','Loading Page','127.0.0.1'),(427,'/mResAd/managelecturer.aspx','cwalker','Loading Page','2011-04-25 21:57:37','Loading Page','127.0.0.1'),(428,'/mResAd/managelecturer.aspx','cwalker','Loading Page','2011-04-25 22:00:22','Loading Page','127.0.0.1'),(429,'/mResAd/managelecturer.aspx','cwalker','Loading Page','2011-04-26 06:50:17','Loading Page','127.0.0.1'),(430,'/mResAd/managelecturer.aspx','cwalker','Loading Page','2011-04-26 06:53:50','Loading Page','127.0.0.1'),(431,'/mResAd/managelecturer.aspx','cwalker','Loading Page','2011-04-26 06:55:19','Loading Page','127.0.0.1'),(432,'/mResAd/managelecturer.aspx','cwalker','Loading Page','2011-04-26 07:06:58','Loading Page','127.0.0.1'),(433,'/mResAd/managelecturer.aspx','cwalker','Loading Page','2011-04-26 07:16:48','Loading Page','127.0.0.1'),(434,'/mResAd/managelecturer.aspx','cwalker','Loading Page','2011-04-26 07:18:52','Loading Page','127.0.0.1'),(435,'/mResAd/managelecturer.aspx','cwalker','Loading Page','2011-04-26 07:44:48','Loading Page','127.0.0.1'),(436,'/mResAd/managelecturer.aspx','cwalker','Loading Page','2011-04-26 08:14:48','Loading Page','127.0.0.1'),(437,'/mResAd/managelecturer.aspx','cwalker','Loading Page','2011-04-26 08:30:30','Loading Page','127.0.0.1'),(438,'/mResAd/managelecturer.aspx','cwalker','Loading Page','2011-04-26 08:38:39','Loading Page','127.0.0.1'),(439,'/mResAd/managelecturer.aspx','cwalker','Loading Page','2011-04-26 09:04:54','Loading Page','127.0.0.1'),(440,'/mResAd/managelecturer.aspx','cwalker','Loading Page','2011-04-26 09:10:46','Loading Page','127.0.0.1'),(441,'/mResAd/managelecturer.aspx','cwalker','Loading Page','2011-04-26 09:13:55','Loading Page','127.0.0.1'),(442,'/mResAd/managelecturer.aspx','cwalker','Loading Page','2011-04-26 09:55:24','Loading Page','127.0.0.1'),(443,'/mResAd/managelecturer.aspx','cwalker','Loading Page','2011-04-26 09:56:31','Loading Page','127.0.0.1'),(444,'/mSysAd/resourceAllocation.aspx','cwalker','Loading Page','2011-04-26 09:59:08','Loading Page','127.0.0.1'),(445,'/default.aspx','cwalker','Loading Page','2011-04-26 10:00:17','Loading Page','127.0.0.1'),(446,'/mResAd/managelecturer.aspx','cwalker','Loading Page','2011-04-26 10:23:48','Loading Page','127.0.0.1'),(447,'/mResAd/managelecturer.aspx','cwalker','Loading Page','2011-04-26 10:30:01','Loading Page','127.0.0.1'),(448,'/mResAd/managelecturer.aspx','cwalker','Loading Page','2011-04-26 10:33:55','Loading Page','127.0.0.1'),(449,'/mResAd/managelecturer.aspx','cwalker','Loading Page','2011-04-26 10:50:15','Loading Page','127.0.0.1'),(450,'/mResAd/managelecturer.aspx','cwalker','Loading Page','2011-04-26 10:55:16','Loading Page','127.0.0.1'),(451,'/mResAd/managelecturer.aspx','cwalker','Loading Page','2011-04-26 11:03:30','Loading Page','127.0.0.1'),(452,'/mResAd/managelecturer.aspx','cwalker','Loading Page','2011-04-26 11:07:12','Loading Page','127.0.0.1'),(453,'/mResAd/managelecturer.aspx','cwalker','Loading Page','2011-04-26 11:09:11','Loading Page','127.0.0.1'),(454,'/mResAd/managelecturer.aspx','cwalker','Loading Page','2011-04-26 13:41:49','Loading Page','127.0.0.1'),(455,'/mResAd/managelecturer.aspx','cwalker','Loading Page','2011-04-26 13:43:45','Loading Page','127.0.0.1'),(456,'/mResAd/managelecturer.aspx','cwalker','Loading Page','2011-04-26 13:45:58','Loading Page','127.0.0.1'),(457,'/mResAd/managelecturer.aspx','cwalker','Loading Page','2011-04-26 14:07:28','Loading Page','127.0.0.1'),(458,'/mResAd/managelecturer.aspx','cwalker','Loading Page','2011-04-26 14:10:20','Loading Page','127.0.0.1'),(459,'/mResAd/managelecturer.aspx','cwalker','Loading Page','2011-04-26 14:23:01','Loading Page','127.0.0.1'),(460,'/mResAd/managelecturer.aspx','cwalker','Loading Page','2011-04-26 14:36:32','Loading Page','127.0.0.1'),(461,'/mResAd/managelecturer.aspx','cwalker','Loading Page','2011-04-26 15:07:19','Loading Page','127.0.0.1'),(462,'/mResAd/managelecturer.aspx','cwalker','Loading Page','2011-04-26 15:09:56','Loading Page','127.0.0.1'),(463,'/mResAd/managelecturer.aspx','cwalker','Loading Page','2011-04-26 15:38:39','Loading Page','127.0.0.1'),(464,'/mResAd/managelecturer.aspx','cwalker','Loading Page','2011-04-26 20:22:27','Loading Page','127.0.0.1'),(465,'/mResAd/managelecturer.aspx','cwalker','Loading Page','2011-04-26 20:25:33','Loading Page','127.0.0.1'),(466,'/mResAd/managelecturer.aspx','cwalker','Loading Page','2011-04-26 20:37:45','Loading Page','127.0.0.1'),(467,'/default.aspx','cwalker','Loading Page','2011-04-26 20:44:56','Loading Page','127.0.0.1'),(468,'/mResAd/managelecturer.aspx','cwalker','Loading Page','2011-04-26 20:45:10','Loading Page','127.0.0.1'),(469,'/mResAd/manageprogramme.aspx','cwalker','Loading Page','2011-04-26 20:49:42','Loading Page','127.0.0.1'),(470,'/mResAd/managesiteprogramme.aspx','cwalker','Loading Page','2011-04-26 20:50:26','Loading Page','127.0.0.1'),(471,'/mResAd/managesiteprogramme.aspx','cwalker','Loading Page','2011-04-26 20:50:27','Loading Page','127.0.0.1'),(472,'/mSysAd/AcademicBlock.aspx','cwalker','Loading Page','2011-04-27 05:09:18','Loading Page','127.0.0.1'),(473,'/mSysAd/AcademicBlock.aspx','cwalker','Loading Page','2011-04-27 05:26:23','Loading Page','127.0.0.1'),(474,'/mSysAd/AcademicBlock.aspx','cwalker','Loading Page','2011-04-27 05:29:00','Loading Page','127.0.0.1'),(475,'/mResAd/managesubject.aspx','cwalker','Loading Page','2011-04-27 05:32:29','Loading Page','127.0.0.1'),(476,'/mResAd/managesubject.aspx','cwalker','Loading Page','2011-04-27 05:36:06','Loading Page','127.0.0.1'),(477,'/mResAd/managesubject.aspx','cwalker','Loading Page','2011-04-27 05:43:32','Loading Page','127.0.0.1'),(478,'/mResAd/managesiteprogramme.aspx','cwalker','Loading Page','2011-04-27 05:59:17','Loading Page','127.0.0.1'),(479,'/mResAd/manageprogramme.aspx','cwalker','Loading Page','2011-04-27 05:59:34','Loading Page','127.0.0.1'),(480,'/mResAd/managedepartment.aspx','cwalker','Loading Page','2011-04-27 05:59:54','Loading Page','127.0.0.1'),(481,'/mResAd/manageprogramme.aspx','cwalker','Loading Page','2011-04-27 06:00:00','Loading Page','127.0.0.1'),(482,'/mResAd/manageclusterclasses.aspx','cwalker','Loading Page','2011-04-27 11:20:25','Loading Page','127.0.0.1'),(483,'/mResAd/manageclusterclasses.aspx','cwalker','Loading Page','2011-04-27 11:23:24','Loading Page','127.0.0.1'),(484,'/mResAd/manageclusterclasses.aspx','cwalker','Loading Page','2011-04-27 11:24:06','Loading Page','127.0.0.1'),(485,'/mResAd/manageclusterclasses.aspx','cwalker','Loading Page','2011-04-27 11:36:59','Loading Page','127.0.0.1'),(486,'/mResAd/manageclusterclasses.aspx','cwalker','Loading Page','2011-04-27 11:50:38','Loading Page','127.0.0.1'),(487,'/mResAd/manageclusterclasses.aspx','cwalker','Loading Page','2011-04-27 11:54:27','Loading Page','127.0.0.1'),(488,'/mResAd/manageclusterclasses.aspx','cwalker','Loading Page','2011-04-27 11:58:41','Loading Page','127.0.0.1'),(489,'/mResAd/manageclusterclasses.aspx','cwalker','Loading Page','2011-04-27 12:04:42','Loading Page','127.0.0.1'),(490,'/mResAd/manageclusterclasses.aspx','cwalker','Loading Page','2011-04-27 12:27:57','Loading Page','127.0.0.1'),(491,'/mResAd/manageclusterclasses.aspx','cwalker','Loading Page','2011-04-27 14:05:26','Loading Page','127.0.0.1'),(492,'/mResAd/manageclusterclasses.aspx','cwalker','Loading Page','2011-04-27 14:16:56','Loading Page','127.0.0.1'),(493,'/mResAd/managesiteprogramme.aspx','cwalker','Loading Page','2011-04-27 14:18:47','Loading Page','127.0.0.1'),(494,'/mResAd/manageprogramme.aspx','cwalker','Loading Page','2011-04-27 14:19:11','Loading Page','127.0.0.1'),(495,'/mResAd/manageclusterclasses.aspx','cwalker','Loading Page','2011-04-27 14:21:01','Loading Page','127.0.0.1'),(496,'/mResAd/manageclusterclasses.aspx','cwalker','Loading Page','2011-04-27 14:36:44','Loading Page','127.0.0.1'),(497,'/mResAd/manageclusterclasses.aspx','cwalker','Loading Page','2011-04-27 14:40:46','Loading Page','127.0.0.1'),(498,'/mResAd/manageclusterclasses.aspx','cwalker','Loading Page','2011-04-27 15:00:35','Loading Page','127.0.0.1'),(499,'/mResAd/managesiteprogramme.aspx','cwalker','Loading Page','2011-04-27 15:02:02','Loading Page','127.0.0.1'),(500,'/mResAd/manageprogramme.aspx','cwalker','Loading Page','2011-04-27 15:02:50','Loading Page','127.0.0.1'),(501,'/mResAd/manageclusterclasses.aspx','cwalker','Loading Page','2011-04-27 15:04:12','Loading Page','127.0.0.1'),(502,'/mResAd/manageclusterclasses.aspx','cwalker','Loading Page','2011-04-27 16:32:30','Loading Page','127.0.0.1'),(503,'/mResAd/manageprogramme.aspx','cwalker','Loading Page','2011-04-27 16:35:59','Loading Page','127.0.0.1'),(504,'/mResAd/managesiteprogramme.aspx','cwalker','Loading Page','2011-04-27 16:37:21','Loading Page','127.0.0.1'),(505,'/mResAd/manageclusterclasses.aspx','cwalker','Loading Page','2011-04-27 16:38:14','Loading Page','127.0.0.1'),(506,'/mResAd/manageclusterclasses.aspx','cwalker','Loading Page','2011-04-27 17:00:44','Loading Page','127.0.0.1'),(507,'/mResAd/manageclusterclasses.aspx','cwalker','Loading Page','2011-04-27 17:04:08','Loading Page','127.0.0.1'),(508,'/mResAd/managesiteprogramme.aspx','cwalker','Loading Page','2011-04-27 17:05:40','Loading Page','127.0.0.1'),(509,'/mResAd/manageprogramme.aspx','cwalker','Loading Page','2011-04-27 17:05:54','Loading Page','127.0.0.1'),(510,'/mResAd/manageclusterclasses.aspx','cwalker','Loading Page','2011-04-27 17:06:40','Loading Page','127.0.0.1'),(511,'/mResAd/manageclusterclasses.aspx','cwalker','Loading Page','2011-04-27 19:41:43','Loading Page','127.0.0.1'),(512,'/About.aspx','cwalker','Loading Page','2011-04-27 19:42:58','Loading Page','127.0.0.1'),(513,'/mResAd/manageclusterclasses.aspx','cwalker','Loading Page','2011-04-27 19:43:03','Loading Page','127.0.0.1'),(514,'/mResAd/manageclusterclasses.aspx','cwalker','Loading Page','2011-04-27 20:50:21','Loading Page','127.0.0.1'),(515,'/mResAd/manageclusterclasses.aspx','cwalker','Loading Page','2011-04-27 20:57:21','Loading Page','127.0.0.1'),(516,'/mResAd/manageclusterclasses.aspx','cwalker','Loading Page','2011-04-27 21:00:43','Loading Page','127.0.0.1'),(517,'/mResAd/manageclusterclasses.aspx','cwalker','Loading Page','2011-04-27 21:19:35','Loading Page','127.0.0.1'),(518,'/mResAd/manageclusterclasses.aspx','cwalker','Loading Page','2011-04-27 21:36:58','Loading Page','127.0.0.1'),(519,'/mResAd/manageclusterclasses.aspx','cwalker','Loading Page','2011-04-27 21:39:43','Loading Page','127.0.0.1'),(520,'/mResAd/manageclassresources.aspx','cwalker','Loading Page','2011-04-28 05:52:58','Loading Page','127.0.0.1'),(521,'/mResAd/manageclusterclasses.aspx','cwalker','Loading Page','2011-04-28 05:54:41','Loading Page','127.0.0.1'),(522,'/mResAd/managesiteprogramme.aspx','cwalker','Loading Page','2011-04-28 05:59:56','Loading Page','127.0.0.1'),(523,'/mResAd/manageprogramme.aspx','cwalker','Loading Page','2011-04-28 06:00:13','Loading Page','127.0.0.1'),(524,'/mResAd/managesiteprogramme.aspx','cwalker','Loading Page','2011-04-28 06:00:23','Loading Page','127.0.0.1'),(525,'/mResAd/manageprogramme.aspx','cwalker','Loading Page','2011-04-28 06:00:57','Loading Page','127.0.0.1'),(526,'/mResAd/managesiteprogramme.aspx','cwalker','Loading Page','2011-04-28 06:10:33','Loading Page','127.0.0.1'),(527,'/mResAd/managesiteprogramme.aspx','cwalker','Loading Page','2011-04-28 06:14:30','Loading Page','127.0.0.1'),(528,'/mResAd/manageprogramme.aspx','cwalker','Loading Page','2011-04-28 06:15:32','Loading Page','127.0.0.1'),(529,'/mResAd/managedepartment.aspx','cwalker','Loading Page','2011-04-28 06:17:08','Loading Page','127.0.0.1'),(530,'/mResAd/manageschool.aspx','cwalker','Loading Page','2011-04-28 06:17:14','Loading Page','127.0.0.1'),(531,'/mResAd/manageprogramme.aspx','cwalker','Loading Page','2011-04-28 06:17:20','Loading Page','127.0.0.1'),(532,'/mResAd/manageclassresources.aspx','cwalker','Loading Page','2011-04-28 06:17:27','Loading Page','127.0.0.1'),(533,'/mResAd/manageprogramme.aspx','cwalker','Loading Page','2011-04-30 18:24:51','Loading Page','127.0.0.1'),(534,'/mResAd/manageprogramme.aspx','cwalker','Loading Page','2011-04-30 18:41:01','Loading Page','127.0.0.1'),(535,'/mResAd/manageprogramme.aspx','cwalker','Loading Page','2011-04-30 19:06:54','Loading Page','127.0.0.1'),(536,'/mResAd/manageprogramme.aspx','cwalker','Loading Page','2011-04-30 21:21:59','Loading Page','127.0.0.1'),(537,'/mResAd/manageclassresources.aspx','cwalker','Loading Page','2011-04-30 21:32:10','Loading Page','127.0.0.1'),(538,'/mResAd/manageprogramme.aspx','cwalker','Loading Page','2011-04-30 21:32:23','Loading Page','127.0.0.1'),(539,'/mResAd/manageprogramme.aspx','cwalker','Loading Page','2011-04-30 21:35:26','Loading Page','127.0.0.1'),(540,'/mResAd/manageprogramme.aspx','cwalker','Loading Page','2011-04-30 21:37:09','Loading Page','127.0.0.1'),(541,'/mResAd/manageprogramme.aspx','cwalker','Loading Page','2011-04-30 21:38:10','Loading Page','127.0.0.1'),(542,'/mResAd/manageprogramme.aspx','cwalker','Loading Page','2011-04-30 21:42:06','Loading Page','127.0.0.1'),(543,'/mResAd/manageprogramme.aspx','cwalker','Loading Page','2011-05-01 11:03:43','Loading Page','127.0.0.1'),(544,'/mResAd/manageprogramme.aspx','cwalker','Loading Page','2011-05-01 11:07:33','Loading Page','127.0.0.1'),(545,'/mResAd/manageprogramme.aspx','cwalker','Loading Page','2011-05-01 11:11:24','Loading Page','127.0.0.1'),(546,'/mResAd/manageclusterclasses.aspx','cwalker','Loading Page','2011-05-01 11:44:03','Loading Page','127.0.0.1'),(547,'/mResAd/manageclusterclasses.aspx','cwalker','Loading Page','2011-05-01 11:48:19','Loading Page','127.0.0.1'),(548,'/mResAd/manageclusterclasses.aspx','cwalker','Loading Page','2011-05-01 12:04:20','Loading Page','127.0.0.1'),(549,'/mResAd/manageclusterclasses.aspx','cwalker','Loading Page','2011-05-01 12:14:45','Loading Page','127.0.0.1'),(550,'/mResAd/manageclusterclasses.aspx','cwalker','Loading Page','2011-05-01 12:17:35','Loading Page','127.0.0.1'),(551,'/mResAd/manageclusterclasses.aspx','cwalker','Loading Page','2011-05-01 12:22:10','Loading Page','127.0.0.1'),(552,'/mResAd/manageclusterclasses.aspx','cwalker','Loading Page','2011-05-01 12:23:51','Loading Page','127.0.0.1'),(553,'/mResAd/manageclusterclasses.aspx','cwalker','Loading Page','2011-05-01 13:16:37','Loading Page','127.0.0.1'),(554,'/mResAd/manageclusterclasses.aspx','cwalker','Loading Page','2011-05-01 13:21:43','Loading Page','127.0.0.1'),(555,'/mResAd/manageclusterclasses.aspx','cwalker','Loading Page','2011-05-01 13:30:18','Loading Page','127.0.0.1'),(556,'/mResAd/manageclusterclasses.aspx','cwalker','Loading Page','2011-05-01 13:37:22','Loading Page','127.0.0.1'),(557,'/mResAd/manageclusterclasses.aspx','cwalker','Loading Page','2011-05-01 13:40:10','Loading Page','127.0.0.1'),(558,'/mResAd/manageclusterclasses.aspx','cwalker','Loading Page','2011-05-01 13:45:55','Loading Page','127.0.0.1'),(559,'/mResAd/manageclusterclasses.aspx','cwalker','Loading Page','2011-05-01 13:50:08','Loading Page','127.0.0.1'),(560,'/mResAd/manageclusterclasses.aspx','cwalker','Loading Page','2011-05-01 13:53:40','Loading Page','127.0.0.1'),(561,'/mResAd/manageclusterclasses.aspx','cwalker','Loading Page','2011-05-01 13:56:19','Loading Page','127.0.0.1'),(562,'/mResAd/manageclusterclasses.aspx','cwalker','Loading Page','2011-05-01 13:57:00','Loading Page','127.0.0.1'),(563,'/default.aspx','cwalker','Loading Page','2011-05-01 21:05:35','Loading Page','127.0.0.1'),(564,'/mResAd/manageclusterclasses.aspx','cwalker','Loading Page','2011-05-01 21:05:45','Loading Page','127.0.0.1'),(565,'/mResAd/manageclusterclasses.aspx','cwalker','Loading Page','2011-05-01 21:27:54','Loading Page','127.0.0.1'),(566,'/default.aspx','cwalker','Loading Page','2011-05-01 21:30:16','Loading Page','127.0.0.1'),(567,'/mResAd/manageclusterclasses.aspx','cwalker','Loading Page','2011-05-01 21:30:22','Loading Page','127.0.0.1'),(568,'/mResAd/managelecturer.aspx','cwalker','Loading Page','2011-05-01 21:33:16','Loading Page','127.0.0.1'),(569,'/mResAd/manageclusterclasses.aspx','cwalker','Loading Page','2011-05-01 21:33:39','Loading Page','127.0.0.1'),(570,'/mResAd/managelecturer.aspx','cwalker','Loading Page','2011-05-01 21:33:50','Loading Page','127.0.0.1'),(571,'/mResAd/manageclusterclasses.aspx','cwalker','Loading Page','2011-05-01 21:33:54','Loading Page','127.0.0.1'),(572,'/About.aspx','cwalker','Loading Page','2011-05-01 21:34:28','Loading Page','127.0.0.1'),(573,'/mResAd/manageclusterclasses.aspx','cwalker','Loading Page','2011-05-01 21:34:41','Loading Page','127.0.0.1'),(574,'/mVenAd/managevenues.aspx','cwalker','Loading Page','2011-05-01 21:34:49','Loading Page','127.0.0.1'),(575,'/mVenAd/managebuilding.aspx','cwalker','Loading Page','2011-05-01 21:34:54','Loading Page','127.0.0.1'),(576,'/mVenAd/managesites.aspx','cwalker','Loading Page','2011-05-01 21:34:58','Loading Page','127.0.0.1'),(577,'/mVenAd/managecluster.aspx','cwalker','Loading Page','2011-05-01 21:35:01','Loading Page','127.0.0.1'),(578,'/default.aspx','cwalker','Loading Page','2011-05-01 22:56:43','Loading Page','127.0.0.1'),(579,'/mResAd/manageclusterclasses.aspx','cwalker','Loading Page','2011-05-01 22:56:51','Loading Page','127.0.0.1'),(580,'/default.aspx','cwalker','Loading Page','2011-05-01 23:00:57','Loading Page','127.0.0.1'),(581,'/mResAd/manageclusterclasses.aspx','cwalker','Loading Page','2011-05-01 23:01:01','Loading Page','127.0.0.1'),(582,'/About.aspx','cwalker','Loading Page','2011-05-01 23:02:17','Loading Page','127.0.0.1'),(583,'/mResAd/manageclusterclasses.aspx','cwalker','Loading Page','2011-05-01 23:02:21','Loading Page','127.0.0.1'),(584,'/default.aspx','cwalker','Loading Page','2011-05-02 13:18:02','Loading Page','127.0.0.1'),(585,'/mResAd/manageclusterclasses.aspx','cwalker','Loading Page','2011-05-02 13:21:25','Loading Page','127.0.0.1'),(586,'/default.aspx','cwalker','Loading Page','2011-05-02 13:30:59','Loading Page','127.0.0.1'),(587,'/mResAd/manageclusterclasses.aspx','cwalker','Loading Page','2011-05-02 13:31:06','Loading Page','127.0.0.1'),(588,'/mResAd/manageschool.aspx','cwalker','Loading Page','2011-05-02 13:34:30','Loading Page','127.0.0.1'),(589,'/mResAd/manageclusterclasses.aspx','cwalker','Loading Page','2011-05-02 14:22:53','Loading Page','127.0.0.1'),(590,'/mResAd/manageclusterclasses.aspx','cwalker','Loading Page','2011-05-04 06:29:02','Loading Page','127.0.0.1'),(591,'/mResAd/manageclusterclasses.aspx','cwalker','Loading Page','2011-05-04 06:40:45','Loading Page','127.0.0.1'),(592,'/mResAd/manageclusterclasses.aspx','cwalker','Loading Page','2011-05-04 06:49:02','Loading Page','127.0.0.1'),(593,'/mResAd/manageclusterclasses.aspx','cwalker','Loading Page','2011-05-04 07:09:35','Loading Page','127.0.0.1'),(594,'/mResAd/manageclusterclasses.aspx','cwalker','Loading Page','2011-05-04 07:46:50','Loading Page','127.0.0.1'),(595,'/mResAd/manageclusterclasses.aspx','cwalker','Loading Page','2011-05-04 07:56:48','Loading Page','127.0.0.1'),(596,'/mResAd/manageclusterclasses.aspx','cwalker','Loading Page','2011-05-08 06:12:11','Loading Page','127.0.0.1'),(597,'/mResAd/manageclusterclasses.aspx','cwalker','Loading Page','2011-05-08 06:28:58','Loading Page','127.0.0.1'),(598,'/mResAd/manageclusterclasses.aspx','cwalker','Loading Page','2011-05-08 06:33:14','Loading Page','127.0.0.1'),(599,'/mResAd/manageclusterclasses.aspx','cwalker','Loading Page','2011-05-08 07:04:42','Loading Page','127.0.0.1'),(600,'/mResAd/manageclusterclasses.aspx','cwalker','Loading Page','2011-05-08 08:36:16','Loading Page','127.0.0.1'),(601,'/mResAd/manageclusterclasses.aspx','cwalker','Loading Page','2011-05-08 08:38:43','Loading Page','127.0.0.1'),(602,'/mResAd/manageclusterclasses.aspx','cwalker','Loading Page','2011-05-08 08:40:15','Loading Page','127.0.0.1'),(603,'/default.aspx','cwalker','Loading Page','2011-05-08 09:16:20','Loading Page','127.0.0.1'),(604,'/mResAd/manageclusterclasses.aspx','cwalker','Loading Page','2011-05-08 09:16:26','Loading Page','127.0.0.1'),(605,'/mResAd/manageclusterclasses.aspx','cwalker','Loading Page','2011-05-08 09:17:32','Loading Page','127.0.0.1'),(606,'/default.aspx','cwalker','Loading Page','2011-05-08 09:34:30','Loading Page','127.0.0.1'),(607,'/mResAd/manageclusterclasses.aspx','cwalker','Loading Page','2011-05-08 09:34:52','Loading Page','127.0.0.1'),(608,'/mResAd/manageclusterclasses.aspx','cwalker','Loading Page','2011-05-08 09:50:01','Loading Page','127.0.0.1'),(609,'/mResAd/manageclusterclasses.aspx','cwalker','Loading Page','2011-05-08 09:55:59','Loading Page','127.0.0.1'),(610,'/mResAd/manageclusterclasses.aspx','cwalker','Loading Page','2011-05-08 10:29:42','Loading Page','127.0.0.1'),(611,'/default.aspx','cwalker','Loading Page','2011-05-08 10:31:10','Loading Page','127.0.0.1'),(612,'/mResAd/manageclusterclasses.aspx','cwalker','Loading Page','2011-05-08 10:31:15','Loading Page','127.0.0.1'),(613,'/default.aspx','cwalker','Loading Page','2011-05-08 10:42:17','Loading Page','127.0.0.1'),(614,'/mResAd/manageclusterclasses.aspx','cwalker','Loading Page','2011-05-08 10:42:23','Loading Page','127.0.0.1'),(615,'/mResAd/manageclusterclasses.aspx','cwalker','Loading Page','2011-05-08 10:58:17','Loading Page','127.0.0.1'),(616,'/mResAd/manageclusterclasses.aspx','cwalker','Loading Page','2011-05-08 10:58:54','Loading Page','127.0.0.1'),(617,'/default.aspx','cwalker','Loading Page','2011-05-08 11:02:48','Loading Page','127.0.0.1'),(618,'/mResAd/manageclusterclasses.aspx','cwalker','Loading Page','2011-05-08 11:02:58','Loading Page','127.0.0.1'),(619,'/mResAd/managelecturer.aspx','cwalker','Loading Page','2011-05-08 11:06:58','Loading Page','127.0.0.1'),(620,'/mResAd/manageclusterclasses.aspx','cwalker','Loading Page','2011-05-08 11:08:34','Loading Page','127.0.0.1'),(621,'/mResAd/manageclusterclasses.aspx','cwalker','Loading Page','2011-05-08 11:09:39','Loading Page','127.0.0.1'),(622,'/mResAd/manageclusterclasses.aspx','cwalker','Loading Page','2011-05-08 11:13:46','Loading Page','127.0.0.1'),(623,'/mResAd/manageclusterclasses.aspx','cwalker','Loading Page','2011-05-08 11:31:33','Loading Page','127.0.0.1'),(624,'/mResAd/manageclusterclasses.aspx','cwalker','Loading Page','2011-05-08 11:36:23','Loading Page','127.0.0.1'),(625,'/default.aspx','cwalker','Loading Page','2011-05-08 12:39:04','Loading Page','127.0.0.1'),(626,'/mResAd/manageclusterclasses.aspx','cwalker','Loading Page','2011-05-08 12:39:52','Loading Page','127.0.0.1'),(627,'/default.aspx','cwalker','Loading Page','2011-05-08 12:44:03','Loading Page','127.0.0.1'),(628,'/mResAd/manageclusterclasses.aspx','cwalker','Loading Page','2011-05-08 12:44:09','Loading Page','127.0.0.1'),(629,'/default.aspx','cwalker','Loading Page','2011-05-08 13:03:35','Loading Page','127.0.0.1'),(630,'/mResAd/manageclusterclasses.aspx','cwalker','Loading Page','2011-05-08 13:03:51','Loading Page','127.0.0.1'),(631,'/mResAd/manageclusterclasses.aspx','cwalker','Loading Page','2011-05-08 13:04:51','Loading Page','127.0.0.1'),(632,'/mResAd/manageclusterclasses.aspx','cwalker','Loading Page','2011-05-08 13:05:57','Loading Page','127.0.0.1'),(633,'/mResAd/manageclusterclasses.aspx','cwalker','Loading Page','2011-05-08 13:06:27','Loading Page','127.0.0.1'),(634,'/default.aspx','cwalker','Loading Page','2011-05-08 13:12:38','Loading Page','127.0.0.1'),(635,'/mResAd/manageclusterclasses.aspx','cwalker','Loading Page','2011-05-08 13:12:52','Loading Page','127.0.0.1'),(636,'/mResAd/manageclusterclasses.aspx','cwalker','Loading Page','2011-05-08 13:17:52','Loading Page','127.0.0.1'),(637,'/default.aspx','cwalker','Loading Page','2011-05-09 05:37:52','Loading Page','127.0.0.1'),(638,'/mVenAd/linkDepartToBuild.aspx','cwalker','Loading Page','2011-05-09 05:38:07','Loading Page','127.0.0.1'),(639,'/mVenAd/linkDepartToBuild.aspx','cwalker','Loading Page','2011-05-09 05:40:03','Loading Page','127.0.0.1'),(640,'/mVenAd/linkDepartToBuild.aspx','cwalker','Loading Page','2011-05-09 05:42:23','Loading Page','127.0.0.1'),(641,'/mResAd/manageprogramme.aspx','cwalker','Loading Page','2011-05-09 05:43:18','Loading Page','127.0.0.1'),(642,'/mVenAd/linkDepartToBuild.aspx','cwalker','Loading Page','2011-05-09 05:44:19','Loading Page','127.0.0.1'),(643,'/mVenAd/linkDepartToBuild.aspx','cwalker','Loading Page','2011-05-09 06:48:36','Loading Page','127.0.0.1'),(644,'/mVenAd/linkDepartToBuild.aspx','cwalker','Loading Page','2011-05-09 19:06:06','Loading Page','127.0.0.1'),(645,'/mVenAd/linkDepartToBuild.aspx','cwalker','Loading Page','2011-05-09 19:11:05','Loading Page','127.0.0.1'),(646,'/mVenAd/linkDepartToBuild.aspx','cwalker','Loading Page','2011-05-09 19:17:17','Loading Page','127.0.0.1'),(647,'/mVenAd/linkDepartToBuild.aspx','cwalker','Loading Page','2011-05-09 19:26:21','Loading Page','127.0.0.1'),(648,'/mVenAd/linkDepartToBuild.aspx','cwalker','Loading Page','2011-05-09 19:28:12','Loading Page','127.0.0.1'),(649,'/mVenAd/linkDepartToBuild.aspx','cwalker','Loading Page','2011-05-09 19:29:21','Loading Page','127.0.0.1'),(650,'/mVenAd/linkDepartToBuild.aspx','cwalker','Loading Page','2011-05-09 19:38:33','Loading Page','127.0.0.1'),(651,'/mVenAd/linkDepartToBuild.aspx','cwalker','Loading Page','2011-05-09 19:41:59','Loading Page','127.0.0.1'),(652,'/mResAd/manageprogramme.aspx','cwalker','Loading Page','2011-05-09 19:43:34','Loading Page','127.0.0.1'),(653,'/mVenAd/linkDepartToBuild.aspx','cwalker','Loading Page','2011-05-09 19:45:19','Loading Page','127.0.0.1'),(654,'/mVenAd/linkDepartToBuild.aspx','cwalker','Loading Page','2011-05-09 19:50:30','Loading Page','127.0.0.1'),(655,'/mVenAd/linkDepartToBuild.aspx','cwalker','Loading Page','2011-05-09 19:54:23','Loading Page','127.0.0.1'),(656,'/mVenAd/linkDepartToBuild.aspx','cwalker','Loading Page','2011-05-09 19:56:48','Loading Page','127.0.0.1'),(657,'/mVenAd/linkDepartToBuild.aspx','cwalker','Loading Page','2011-05-09 20:10:29','Loading Page','127.0.0.1'),(658,'/mVenAd/linkDepartToBuild.aspx','cwalker','Loading Page','2011-05-09 20:12:47','Loading Page','127.0.0.1'),(659,'/mVenAd/linkDepartToBuild.aspx','cwalker','Loading Page','2011-05-09 20:19:00','Loading Page','127.0.0.1'),(660,'/mVenAd/linkDepartToBuild.aspx','cwalker','Loading Page','2011-05-09 20:20:35','Loading Page','127.0.0.1'),(661,'/mVenAd/linkDepartToBuild.aspx','cwalker','Loading Page','2011-05-09 20:24:12','Loading Page','127.0.0.1'),(662,'/mVenAd/linkDepartToBuild.aspx','cwalker','Loading Page','2011-05-09 20:25:32','Loading Page','127.0.0.1'),(663,'/mResAd/manageprogramme.aspx','cwalker','Loading Page','2011-05-09 20:41:13','Loading Page','127.0.0.1'),(664,'/mResAd/manageprogramme.aspx','cwalker','Loading Page','2011-05-09 20:44:45','Loading Page','127.0.0.1'),(665,'/default.aspx','cwalker','Loading Page','2011-05-09 20:46:09','Loading Page','127.0.0.1'),(666,'/About.aspx','cwalker','Loading Page','2011-05-09 21:01:21','Loading Page','127.0.0.1'),(667,'/mResAd/manageclusterclasses.aspx','cwalker','Loading Page','2011-05-09 21:01:25','Loading Page','127.0.0.1'),(668,'/mVenAd/linkDepartToBuild.aspx','cwalker','Loading Page','2011-05-09 21:01:39','Loading Page','127.0.0.1'),(669,'/mResAd/manageclusterclasses.aspx','cwalker','Loading Page','2011-05-09 21:02:02','Loading Page','127.0.0.1'),(670,'/default.aspx','cwalker','Loading Page','2011-05-09 21:28:18','Loading Page','127.0.0.1'),(671,'/mResAd/manageclusterclasses.aspx','cwalker','Loading Page','2011-05-09 21:28:27','Loading Page','127.0.0.1'),(672,'/mResAd/manageclusterclasses.aspx','cwalker','Loading Page','2011-05-09 21:48:39','Loading Page','127.0.0.1'),(673,'/default.aspx','cwalker','Loading Page','2011-05-09 21:52:36','Loading Page','127.0.0.1'),(674,'/mResAd/manageclusterclasses.aspx','cwalker','Loading Page','2011-05-09 21:52:45','Loading Page','127.0.0.1'),(675,'/mResAd/manageclusterclasses.aspx','cwalker','Loading Page','2011-05-09 21:55:38','Loading Page','127.0.0.1'),(676,'/default.aspx','cwalker','Loading Page','2011-05-09 23:19:43','Loading Page','127.0.0.1'),(677,'/mResAd/manageclusterclasses.aspx','cwalker','Loading Page','2011-05-09 23:19:51','Loading Page','127.0.0.1'),(678,'/mVenAd/managevenues.aspx','cwalker','Loading Page','2011-05-09 23:20:57','Loading Page','127.0.0.1'),(679,'/mResAd/manageclusterclasses.aspx','cwalker','Loading Page','2011-05-09 23:21:10','Loading Page','127.0.0.1'),(680,'/mVenAd/managevenues.aspx','cwalker','Loading Page','2011-05-09 23:35:58','Loading Page','127.0.0.1'),(681,'/mResAd/manageclusterclasses.aspx','cwalker','Loading Page','2011-05-09 23:36:53','Loading Page','127.0.0.1'),(682,'/default.aspx','cwalker','Loading Page','2011-05-09 23:40:40','Loading Page','127.0.0.1'),(683,'/mResAd/manageclusterclasses.aspx','cwalker','Loading Page','2011-05-09 23:40:47','Loading Page','127.0.0.1'),(684,'/mResAd/manageclusterclasses.aspx','cwalker','Loading Page','2011-05-10 04:40:48','Loading Page','127.0.0.1'),(685,'/mResAd/manageclusterclasses.aspx','cwalker','Loading Page','2011-05-10 04:45:45','Loading Page','127.0.0.1'),(686,'/mResAd/manageclusterclasses.aspx','cwalker','Loading Page','2011-05-10 05:34:36','Loading Page','127.0.0.1'),(687,'/mResAd/manageclusterclasses.aspx','cwalker','Loading Page','2011-05-10 05:36:48','Loading Page','127.0.0.1'),(688,'/mResAd/manageclusterclasses.aspx','cwalker','Loading Page','2011-05-10 06:01:24','Loading Page','127.0.0.1'),(689,'/mResAd/manageclusterclasses.aspx','cwalker','Loading Page','2011-05-10 06:16:46','Loading Page','127.0.0.1'),(690,'/default.aspx','cwalker','Loading Page','2011-05-10 06:32:52','Loading Page','127.0.0.1'),(691,'/mResAd/manageclusterclasses.aspx','cwalker','Loading Page','2011-05-10 06:33:05','Loading Page','127.0.0.1'),(692,'/default.aspx','cwalker','Loading Page','2011-05-10 13:59:56','Loading Page','127.0.0.1'),(693,'/mResAd/manageclusterclasses.aspx','cwalker','Loading Page','2011-05-10 14:00:05','Loading Page','127.0.0.1'),(694,'/default.aspx','cwalker','Loading Page','2011-05-10 14:23:01','Loading Page','127.0.0.1'),(695,'/mResAd/manageclusterclasses.aspx','cwalker','Loading Page','2011-05-10 14:23:24','Loading Page','127.0.0.1'),(696,'/mResAd/manageclusterclasses.aspx','cwalker','Loading Page','2011-05-10 17:31:26','Loading Page','127.0.0.1'),(697,'/mResAd/manageclusterclasses.aspx','cwalker','Loading Page','2011-05-10 19:10:25','Loading Page','127.0.0.1'),(698,'/mResAd/managelecturer.aspx','cwalker','Loading Page','2011-05-10 19:14:06','Loading Page','127.0.0.1'),(699,'/default.aspx','cwalker','Loading Page','2011-05-10 19:49:08','Loading Page','127.0.0.1'),(700,'/mResAd/manageclusterclasses.aspx','cwalker','Loading Page','2011-05-10 19:49:16','Loading Page','127.0.0.1'),(701,'/Default.aspx','cwalker','Loading Page','2011-05-10 20:19:51','Loading Page','127.0.0.1'),(702,'/default.aspx','cwalker','Loading Page','2011-05-11 03:47:07','Loading Page','127.0.0.1'),(703,'/mResAd/manageprogramme.aspx','cwalker','Loading Page','2011-05-11 03:47:26','Loading Page','127.0.0.1'),(704,'/mResAd/manageclusterclasses.aspx','cwalker','Loading Page','2011-05-11 03:47:42','Loading Page','127.0.0.1'),(705,'/mSysAd/managetimeslot.aspx','cwalker','Loading Page','2011-05-11 03:47:57','Loading Page','127.0.0.1'),(706,'/mSysAd/manageOfferingType.aspx','cwalker','Loading Page','2011-05-11 03:50:00','Loading Page','127.0.0.1'),(707,'/Default.aspx','cwalker','Loading Page','2011-05-11 04:03:48','Loading Page','127.0.0.1'),(708,'/Default.aspx','cwalker','Loading Page','2011-05-11 04:04:35','Loading Page','127.0.0.1'),(709,'/mSysAd/managetimeslot.aspx','cwalker','Loading Page','2011-05-11 04:05:40','Loading Page','127.0.0.1'),(710,'/default.aspx','cwalker','Loading Page','2011-05-11 04:10:02','Loading Page','127.0.0.1'),(711,'/Default.aspx','cwalker','Loading Page','2011-05-11 04:14:42','Loading Page','127.0.0.1'),(712,'/default.aspx','cwalker','Loading Page','2011-05-11 18:11:33','Loading Page','127.0.0.1'),(713,'/mSysAd/resourceAllocation.aspx','cwalker','Loading Page','2011-05-11 18:12:08','Loading Page','127.0.0.1'),(714,'/mSysAd/managefaculty.aspx','cwalker','Loading Page','2011-05-11 18:12:18','Loading Page','127.0.0.1'),(715,'/mSysAd/resourceAllocation.aspx','cwalker','Loading Page','2011-05-11 18:12:28','Loading Page','127.0.0.1'),(716,'/mSysAd/managetimeslot.aspx','cwalker','Loading Page','2011-05-11 18:12:54','Loading Page','127.0.0.1'),(717,'/mSysAd/manageOfferingType.aspx','cwalker','Loading Page','2011-05-11 18:13:16','Loading Page','127.0.0.1'),(718,'/mVenAd/uploadVenues.aspx','cwalker','Loading Page','2011-05-11 20:03:47','Loading Page','127.0.0.1'),(719,'/mVenAd/uploadVenues.aspx','cwalker','Loading Page','2011-05-11 21:57:44','Loading Page','127.0.0.1'),(720,'/mVenAd/uploadVenues.aspx','cwalker','Loading Page','2011-05-11 21:58:59','Loading Page','127.0.0.1'),(721,'/mVenAd/uploadVenues.aspx','cwalker','Loading Page','2011-05-11 22:07:51','Loading Page','127.0.0.1'),(722,'/mVenAd/uploadVenues.aspx','cwalker','Loading Page','2011-05-11 22:15:22','Loading Page','127.0.0.1'),(723,'/mVenAd/uploadVenues.aspx','cwalker','Loading Page','2011-05-11 22:19:40','Loading Page','127.0.0.1'),(724,'/mVenAd/uploadVenues.aspx','cwalker','Loading Page','2011-05-11 23:05:27','Loading Page','127.0.0.1'),(725,'/default.aspx','cwalker','Loading Page','2011-05-11 23:07:22','Loading Page','127.0.0.1'),(726,'/mVenAd/managecluster.aspx','cwalker','Loading Page','2011-05-11 23:08:04','Loading Page','127.0.0.1'),(727,'/mVenAd/managecluster.aspx','cwalker','Loading Page','2011-05-11 23:23:32','Loading Page','127.0.0.1'),(728,'/mVenAd/uploadVenues.aspx','cwalker','Loading Page','2011-05-11 23:26:08','Loading Page','127.0.0.1'),(729,'/mVenAd/managesites.aspx','cwalker','Loading Page','2011-05-11 23:26:21','Loading Page','127.0.0.1'),(730,'/mVenAd/managesites.aspx','cwalker','Loading Page','2011-05-11 23:31:24','Loading Page','127.0.0.1'),(731,'/mVenAd/uploadVenues.aspx','cwalker','Loading Page','2011-05-11 23:32:00','Loading Page','127.0.0.1'),(732,'/mVenAd/uploadVenues.aspx','cwalker','Loading Page','2011-05-11 23:34:37','Loading Page','127.0.0.1'),(733,'/mVenAd/uploadVenues.aspx','cwalker','Loading Page','2011-05-11 23:43:32','Loading Page','127.0.0.1'),(734,'/mVenAd/uploadVenues.aspx','cwalker','Loading Page','2011-05-11 23:46:04','Loading Page','127.0.0.1'),(735,'/mVenAd/uploadVenues.aspx','cwalker','Loading Page','2011-05-11 23:47:38','Loading Page','127.0.0.1'),(736,'/mVenAd/uploadVenues.aspx','cwalker','Loading Page','2011-05-11 23:59:34','Loading Page','127.0.0.1'),(737,'/mVenAd/uploadVenues.aspx','cwalker','Loading Page','2011-05-12 00:35:41','Loading Page','127.0.0.1'),(738,'/mVenAd/uploadVenues.aspx','cwalker','Loading Page','2011-05-12 00:41:33','Loading Page','127.0.0.1'),(739,'/mVenAd/uploadVenues.aspx','cwalker','Loading Page','2011-05-12 00:47:52','Loading Page','127.0.0.1'),(740,'/mVenAd/uploadVenues.aspx','cwalker','Loading Page','2011-05-12 00:51:16','Loading Page','127.0.0.1'),(741,'/mVenAd/uploadVenues.aspx','cwalker','Loading Page','2011-05-12 00:56:06','Loading Page','127.0.0.1'),(742,'/mSysAd/purge.aspx','cwalker','Loading Page','2011-05-12 06:55:43','Loading Page','127.0.0.1'),(743,'/mSysAd/purge.aspx','cwalker','Loading Page','2011-05-12 06:58:08','Loading Page','127.0.0.1'),(744,'/mSysAd/purge.aspx','cwalker','Loading Page','2011-05-12 07:07:05','Loading Page','127.0.0.1'),(745,'/mSysAd/purge.aspx','cwalker','Loading Page','2011-05-12 07:08:58','Loading Page','127.0.0.1'),(746,'/mSysAd/purge.aspx','cwalker','Loading Page','2011-05-12 07:10:14','Loading Page','127.0.0.1'),(747,'/mSysAd/purge.aspx','cwalker','Loading Page','2011-05-12 07:11:19','Loading Page','127.0.0.1'),(748,'/mSysAd/purge.aspx','cwalker','Loading Page','2011-05-12 07:13:46','Loading Page','127.0.0.1'),(749,'/mSysAd/purge.aspx','cwalker','Loading Page','2011-05-12 13:12:00','Loading Page','127.0.0.1'),(750,'/mSysAd/purge.aspx','cwalker','Loading Page','2011-05-12 13:23:06','Loading Page','127.0.0.1'),(751,'/mSysAd/purge.aspx','cwalker','Loading Page','2011-05-12 13:28:21','Loading Page','127.0.0.1'),(752,'/mSysAd/purge.aspx','cwalker','Loading Page','2011-05-12 19:08:12','Loading Page','127.0.0.1'),(753,'/mVenAd/managecluster.aspx','cwalker','Loading Page','2011-05-12 19:25:31','Loading Page','127.0.0.1'),(754,'/mVenAd/managesites.aspx','cwalker','Loading Page','2011-05-12 19:26:07','Loading Page','127.0.0.1'),(755,'/mVenAd/managebuilding.aspx','cwalker','Loading Page','2011-05-12 19:26:39','Loading Page','127.0.0.1'),(756,'/mVenAd/uploadVenues.aspx','cwalker','Loading Page','2011-05-12 19:26:52','Loading Page','127.0.0.1'),(757,'/mVenAd/uploadVenues.aspx','cwalker','Loading Page','2011-05-12 19:32:52','Loading Page','127.0.0.1'),(758,'/mVenAd/uploadVenues.aspx','cwalker','Loading Page','2011-05-12 19:33:05','Loading Page','127.0.0.1'),(759,'/mVenAd/uploadVenues.aspx','cwalker','Loading Page','2011-05-12 19:34:09','Loading Page','127.0.0.1'),(760,'/mVenAd/uploadVenues.aspx','cwalker','Loading Page','2011-05-12 19:34:19','Loading Page','127.0.0.1'),(761,'/mVenAd/managevenues.aspx','cwalker','Loading Page','2011-05-12 19:37:08','Loading Page','127.0.0.1'),(762,'/mVenAd/managebuilding.aspx','cwalker','Loading Page','2011-05-12 19:38:26','Loading Page','127.0.0.1'),(763,'/mSysAd/resourcetypes.aspx','cwalker','Loading Page','2011-05-12 19:40:21','Loading Page','127.0.0.1'),(764,'/mVenAd/managecluster.aspx','cwalker','Loading Page','2011-05-12 19:42:24','Loading Page','127.0.0.1'),(765,'/mVenAd/managesites.aspx','cwalker','Loading Page','2011-05-12 19:42:34','Loading Page','127.0.0.1'),(766,'/mVenAd/managebuilding.aspx','cwalker','Loading Page','2011-05-12 19:42:44','Loading Page','127.0.0.1'),(767,'/mVenAd/linkDepartToBuild.aspx','cwalker','Loading Page','2011-05-12 19:43:01','Loading Page','127.0.0.1'),(768,'/mVenAd/managevenues.aspx','cwalker','Loading Page','2011-05-13 01:37:24','Loading Page','127.0.0.1'),(769,'/mVenAd/managevenues.aspx','cwalker','Loading Page','2011-05-13 01:37:32','Loading Page','127.0.0.1'),(770,'/mVenAd/managevenues.aspx','cwalker','Loading Page','2011-05-13 01:37:46','Loading Page','127.0.0.1'),(771,'/mVenAd/managevenues.aspx','cwalker','Loading Page','2011-05-13 01:38:02','Loading Page','127.0.0.1'),(772,'/mSysAd/resourcetypes.aspx','cwalker','Loading Page','2011-05-13 02:19:50','Loading Page','127.0.0.1'),(773,'/mResAd/manageprogramme.aspx','cwalker','Loading Page','2011-05-13 02:21:15','Loading Page','127.0.0.1'),(774,'/mResAd/managedepartment.aspx','cwalker','Loading Page','2011-05-13 02:22:59','Loading Page','127.0.0.1'),(775,'/mVenAd/managebuilding.aspx','cwalker','Loading Page','2011-05-13 02:23:11','Loading Page','127.0.0.1'),(776,'/mVenAd/managecluster.aspx','cwalker','Loading Page','2011-05-13 02:23:28','Loading Page','127.0.0.1'),(777,'/default.aspx','cwalker','Loading Page','2011-05-13 03:07:27','Loading Page','127.0.0.1'),(778,'/mResAd/uploadClasses.aspx','cwalker','Loading Page','2011-05-13 03:07:41','Loading Page','127.0.0.1'),(779,'/mVenAd/uploadVenues.aspx','cwalker','Loading Page','2011-05-13 03:10:22','Loading Page','127.0.0.1'),(780,'/mVenAd/managecluster.aspx','cwalker','Loading Page','2011-05-13 07:39:32','Loading Page','127.0.0.1'),(781,'/mResAd/manageprogramme.aspx','cwalker','Loading Page','2011-05-13 07:40:53','Loading Page','127.0.0.1'),(782,'/mVenAd/uploadVenues.aspx','cwalker','Loading Page','2011-05-13 08:26:13','Loading Page','127.0.0.1'),(783,'/mResAd/uploadClasses.aspx','cwalker','Loading Page','2011-05-15 04:04:09','Loading Page','127.0.0.1'),(784,'/default.aspx','cwalker','Loading Page','2011-05-15 04:06:54','Loading Page','127.0.0.1'),(785,'/mResAd/uploadClasses.aspx','cwalker','Loading Page','2011-05-15 04:07:10','Loading Page','127.0.0.1'),(786,'/mResAd/uploadClasses.aspx','cwalker','Loading Page','2011-05-15 04:10:14','Loading Page','127.0.0.1'),(787,'/mResAd/uploadClasses.aspx','cwalker','Loading Page','2011-05-15 04:28:41','Loading Page','127.0.0.1'),(788,'/default.aspx','cwalker','Loading Page','2011-05-15 04:31:30','Loading Page','127.0.0.1'),(789,'/mResAd/uploadClasses.aspx','cwalker','Loading Page','2011-05-15 04:31:37','Loading Page','127.0.0.1'),(790,'/mResAd/uploadClasses.aspx','cwalker','Loading Page','2011-05-15 04:32:28','Loading Page','127.0.0.1'),(791,'/mResAd/uploadClasses.aspx','cwalker','Loading Page','2011-05-15 05:05:05','Loading Page','127.0.0.1'),(792,'/default.aspx','cwalker','Loading Page','2011-05-15 05:07:21','Loading Page','127.0.0.1'),(793,'/mResAd/uploadClasses.aspx','cwalker','Loading Page','2011-05-15 05:07:27','Loading Page','127.0.0.1'),(794,'/mResAd/uploadClasses.aspx','cwalker','Loading Page','2011-05-15 05:15:27','Loading Page','127.0.0.1'),(795,'/mVenAd/uploadVenues.aspx','cwalker','Loading Page','2011-05-15 05:28:03','Loading Page','127.0.0.1'),(796,'/default.aspx','cwalker','Loading Page','2011-05-15 05:33:20','Loading Page','127.0.0.1'),(797,'/mResAd/uploadClasses.aspx','cwalker','Loading Page','2011-05-15 05:33:26','Loading Page','127.0.0.1'),(798,'/mVenAd/uploadVenues.aspx','cwalker','Loading Page','2011-05-15 05:33:34','Loading Page','127.0.0.1'),(799,'/default.aspx','cwalker','Loading Page','2011-05-15 07:11:02','Loading Page','127.0.0.1'),(800,'/mResAd/uploadQual.aspx','cwalker','Loading Page','2011-05-15 07:13:04','Loading Page','127.0.0.1'),(801,'/mResAd/manageschool.aspx','cwalker','Loading Page','2011-05-15 07:13:20','Loading Page','127.0.0.1'),(802,'/mResAd/uploadQual.aspx','cwalker','Loading Page','2011-05-15 07:14:30','Loading Page','127.0.0.1'),(803,'/mResAd/uploadQual.aspx','cwalker','Loading Page','2011-05-15 07:18:50','Loading Page','127.0.0.1'),(804,'/mResAd/managequalification.aspx','cwalker','Loading Page','2011-05-15 07:19:37','Loading Page','127.0.0.1'),(805,'/mResAd/manageschool.aspx','cwalker','Loading Page','2011-05-15 07:23:34','Loading Page','127.0.0.1'),(806,'/mResAd/managequalification.aspx','cwalker','Loading Page','2011-05-15 07:55:33','Loading Page','127.0.0.1'),(807,'/mResAd/managesubject.aspx','cwalker','Loading Page','2011-05-15 07:57:38','Loading Page','127.0.0.1'),(808,'/mSysAd/resourceAllocation.aspx','cwalker','Loading Page','2011-05-15 07:58:58','Loading Page','127.0.0.1'),(809,'/mSysAd/venueAllocation.aspx','cwalker','Loading Page','2011-05-15 07:59:07','Loading Page','127.0.0.1'),(810,'/mSysAd/managefaculty.aspx','cwalker','Loading Page','2011-05-15 07:59:12','Loading Page','127.0.0.1'),(811,'/mSysAd/uploadSubject.aspx','cwalker','Loading Page','2011-05-15 09:01:45','Loading Page','127.0.0.1'),(812,'/default.aspx','cwalker','Loading Page','2011-05-15 09:03:40','Loading Page','127.0.0.1'),(813,'/mSysAd/uploadSubject.aspx','cwalker','Loading Page','2011-05-15 09:03:54','Loading Page','127.0.0.1'),(814,'/mSysAd/resourceAllocation.aspx','cwalker','Loading Page','2011-05-15 09:06:08','Loading Page','127.0.0.1'),(815,'/mResAd/managesubject.aspx','cwalker','Loading Page','2011-05-15 09:06:23','Loading Page','127.0.0.1'),(816,'/default.aspx','cwalker','Loading Page','2011-05-15 09:19:17','Loading Page','127.0.0.1'),(817,'/default.aspx','cwalker','Loading Page','2011-05-15 09:20:47','Loading Page','127.0.0.1'),(818,'/mSysAd/uploadSubject.aspx','cwalker','Loading Page','2011-05-15 09:20:53','Loading Page','127.0.0.1'),(819,'/mResAd/managesubject.aspx','cwalker','Loading Page','2011-05-15 09:25:04','Loading Page','127.0.0.1'),(820,'/mSysAd/uploadSubject.aspx','cwalker','Loading Page','2011-05-15 09:27:31','Loading Page','127.0.0.1'),(821,'/default.aspx','cwalker','Loading Page','2011-05-15 11:22:15','Loading Page','127.0.0.1'),(822,'/mResAd/managesubject.aspx','cwalker','Loading Page','2011-05-15 11:24:31','Loading Page','127.0.0.1'),(823,'/default.aspx','cwalker','Loading Page','2011-05-15 11:37:26','Loading Page','127.0.0.1'),(824,'/mSysAd/uploadSubject.aspx','cwalker','Loading Page','2011-05-15 11:38:13','Loading Page','127.0.0.1'),(825,'/mSysAd/uploadSubject.aspx','cwalker','Loading Page','2011-05-15 11:55:08','Loading Page','127.0.0.1'),(826,'/mSysAd/uploadSubject.aspx','cwalker','Loading Page','2011-05-15 11:55:26','Loading Page','127.0.0.1'),(827,'/mSysAd/uploadSubject.aspx','cwalker','Loading Page','2011-05-15 12:41:42','Loading Page','127.0.0.1'),(828,'/mResAd/managesubject.aspx','cwalker','Loading Page','2011-05-15 12:50:19','Loading Page','127.0.0.1'),(829,'/mResAd/managesubject.aspx','cwalker','Loading Page','2011-05-15 17:44:06','Loading Page','127.0.0.1'),(830,'/mResAd/managesubject.aspx','cwalker','Loading Page','2011-05-15 18:57:11','Loading Page','127.0.0.1'),(831,'/default.aspx','cwalker','Loading Page','2011-05-15 19:06:41','Loading Page','127.0.0.1'),(832,'/Default.aspx','cwalker','Loading Page','2011-05-15 20:37:31','Loading Page','127.0.0.1'),(833,'/mSysAd/managetimeslot.aspx','cwalker','Loading Page','2011-05-15 20:53:17','Loading Page','127.0.0.1'),(834,'/default.aspx','cwalker','Loading Page','2011-05-15 20:56:07','Loading Page','127.0.0.1'),(835,'/default.aspx','cwalker','Loading Page','2011-05-15 20:59:22','Loading Page','127.0.0.1'),(836,'/mResAd/uploadClasses.aspx','cwalker','Loading Page','2011-05-16 18:51:34','Loading Page','127.0.0.1'),(837,'/default.aspx','cwalker','Loading Page','2011-05-16 19:01:50','Loading Page','127.0.0.1'),(838,'/mResAd/uploadClasses.aspx','cwalker','Loading Page','2011-05-16 19:01:57','Loading Page','127.0.0.1'),(839,'/mResAd/uploadClasses.aspx','cwalker','Loading Page','2011-05-16 19:08:31','Loading Page','127.0.0.1'),(840,'/mResAd/uploadClasses.aspx','cwalker','Loading Page','2011-05-16 19:11:02','Loading Page','127.0.0.1'),(841,'/default.aspx','cwalker','Loading Page','2011-05-16 19:12:50','Loading Page','127.0.0.1'),(842,'/mResAd/uploadClasses.aspx','cwalker','Loading Page','2011-05-16 19:12:58','Loading Page','127.0.0.1'),(843,'/mResAd/uploadClasses.aspx','cwalker','Loading Page','2011-05-16 19:14:55','Loading Page','127.0.0.1'),(844,'/mResAd/managequalification.aspx','cwalker','Loading Page','2011-05-16 19:15:00','Loading Page','127.0.0.1'),(845,'/mResAd/uploadQual.aspx','cwalker','Loading Page','2011-05-16 19:37:39','Loading Page','127.0.0.1'),(846,'/mResAd/uploadClasses.aspx','cwalker','Loading Page','2011-05-16 19:38:41','Loading Page','127.0.0.1'),(847,'/mResAd/uploadClasses.aspx','cwalker','Loading Page','2011-05-16 19:58:54','Loading Page','127.0.0.1'),(848,'/mResAd/uploadClasses.aspx','cwalker','Loading Page','2011-05-17 00:19:12','Loading Page','127.0.0.1'),(849,'/mResAd/uploadClasses.aspx','cwalker','Loading Page','2011-05-17 00:25:06','Loading Page','127.0.0.1'),(850,'/mResAd/uploadClasses.aspx','cwalker','Loading Page','2011-05-17 00:26:50','Loading Page','127.0.0.1'),(851,'/mResAd/managequalification.aspx','cwalker','Loading Page','2011-05-17 00:34:13','Loading Page','127.0.0.1'),(852,'/mResAd/managedepartment.aspx','cwalker','Loading Page','2011-05-17 00:36:05','Loading Page','127.0.0.1'),(853,'/mSysAd/purge.aspx','cwalker','Loading Page','2011-05-17 00:37:42','Loading Page','127.0.0.1'),(854,'/mResAd/managequalification.aspx','cwalker','Loading Page','2011-05-17 00:38:22','Loading Page','127.0.0.1'),(855,'/mResAd/uploadQual.aspx','cwalker','Loading Page','2011-05-17 00:38:31','Loading Page','127.0.0.1'),(856,'/mResAd/managedepartment.aspx','cwalker','Loading Page','2011-05-17 00:38:55','Loading Page','127.0.0.1'),(857,'/mResAd/manageschool.aspx','cwalker','Loading Page','2011-05-17 00:39:00','Loading Page','127.0.0.1'),(858,'/mResAd/uploadQual.aspx','cwalker','Loading Page','2011-05-17 00:41:35','Loading Page','127.0.0.1'),(859,'/mResAd/uploadQual.aspx','cwalker','Loading Page','2011-05-17 00:42:29','Loading Page','127.0.0.1'),(860,'/mVenAd/uploadVenues.aspx','cwalker','Loading Page','2011-05-17 00:54:52','Loading Page','127.0.0.1'),(861,'/mResAd/uploadQual.aspx','cwalker','Loading Page','2011-05-17 00:55:02','Loading Page','127.0.0.1'),(862,'/mResAd/uploadQual.aspx','cwalker','Loading Page','2011-05-17 00:56:28','Loading Page','127.0.0.1'),(863,'/mResAd/uploadQual.aspx','cwalker','Loading Page','2011-05-17 00:57:10','Loading Page','127.0.0.1'),(864,'/mResAd/uploadQual.aspx','cwalker','Loading Page','2011-05-17 00:57:45','Loading Page','127.0.0.1'),(865,'/mSysAd/uploadSubject.aspx','cwalker','Loading Page','2011-05-17 00:58:23','Loading Page','127.0.0.1'),(866,'/mSysAd/uploadSubject.aspx','cwalker','Loading Page','2011-05-17 01:30:40','Loading Page','127.0.0.1'),(867,'/mSysAd/uploadSubject.aspx','cwalker','Loading Page','2011-05-17 02:18:38','Loading Page','127.0.0.1'),(868,'/mResAd/managesubject.aspx','cwalker','Loading Page','2011-05-17 02:33:43','Loading Page','127.0.0.1'),(869,'/mResAd/managequalification.aspx','cwalker','Loading Page','2011-05-17 02:35:53','Loading Page','127.0.0.1'),(870,'/mResAd/uploadQual.aspx','cwalker','Loading Page','2011-05-17 02:37:29','Loading Page','127.0.0.1'),(871,'/mResAd/uploadClasses.aspx','cwalker','Loading Page','2011-05-17 03:04:59','Loading Page','127.0.0.1'),(872,'/mResAd/uploadClasses.aspx','cwalker','Loading Page','2011-05-17 03:07:24','Loading Page','127.0.0.1'),(873,'/mResAd/uploadClasses.aspx','cwalker','Loading Page','2011-05-17 03:11:12','Loading Page','127.0.0.1'),(874,'/mResAd/uploadClasses.aspx','cwalker','Loading Page','2011-05-17 03:15:34','Loading Page','127.0.0.1'),(875,'/mResAd/uploadClasses.aspx','cwalker','Loading Page','2011-05-17 03:36:38','Loading Page','127.0.0.1'),(876,'/mResAd/uploadClasses.aspx','cwalker','Loading Page','2011-05-17 03:49:02','Loading Page','127.0.0.1'),(877,'/mResAd/uploadClasses.aspx','cwalker','Loading Page','2011-05-17 03:55:24','Loading Page','127.0.0.1'),(878,'/mResAd/uploadClasses.aspx','cwalker','Loading Page','2011-05-17 07:33:00','Loading Page','127.0.0.1'),(879,'/mResAd/uploadClasses.aspx','cwalker','Loading Page','2011-05-17 07:35:01','Loading Page','127.0.0.1'),(880,'/mResAd/uploadClasses.aspx','cwalker','Loading Page','2011-05-17 19:02:17','Loading Page','127.0.0.1'),(881,'/mVenAd/managecluster.aspx','cwalker','Loading Page','2011-05-17 19:08:13','Loading Page','127.0.0.1'),(882,'/mVenAd/managesites.aspx','cwalker','Loading Page','2011-05-17 19:08:41','Loading Page','127.0.0.1'),(883,'/mVenAd/managebuilding.aspx','cwalker','Loading Page','2011-05-17 19:09:07','Loading Page','127.0.0.1'),(884,'/mVenAd/managevenues.aspx','cwalker','Loading Page','2011-05-17 19:10:14','Loading Page','127.0.0.1'),(885,'/mResAd/manageclusterclasses.aspx','cwalker','Loading Page','2011-05-17 19:14:16','Loading Page','127.0.0.1'),(886,'/mResAd/manageclusterclasses.aspx','cwalker','Loading Page','2011-05-17 21:20:41','Loading Page','127.0.0.1'),(887,'/mResAd/uploadClasses.aspx','cwalker','Loading Page','2011-05-17 21:20:52','Loading Page','127.0.0.1'),(888,'/mSysAd/purge.aspx','cwalker','Loading Page','2011-05-17 21:36:45','Loading Page','127.0.0.1'),(889,'/mSysAd/uploadClasses.aspx','cwalker','Loading Page','2011-05-17 21:37:48','Loading Page','127.0.0.1'),(890,'/mSysAd/uploadClasses.aspx','cwalker','Loading Page','2011-05-17 21:40:18','Loading Page','127.0.0.1'),(891,'/mSysAd/uploadClasses.aspx','cwalker','Loading Page','2011-05-17 21:41:24','Loading Page','127.0.0.1'),(892,'/mSysAd/uploadClasses.aspx','cwalker','Loading Page','2011-05-17 21:51:31','Loading Page','127.0.0.1'),(893,'/mSysAd/uploadClasses.aspx','cwalker','Loading Page','2011-05-17 21:56:32','Loading Page','127.0.0.1'),(894,'/mSysAd/uploadClasses.aspx','cwalker','Loading Page','2011-05-17 22:01:18','Loading Page','127.0.0.1'),(895,'/mSysAd/uploadClasses.aspx','cwalker','Loading Page','2011-05-18 08:01:07','Loading Page','127.0.0.1'),(896,'/mSysAd/uploadClasses.aspx','cwalker','Loading Page','2011-05-18 08:21:24','Loading Page','127.0.0.1'),(897,'/mSysAd/uploadClasses.aspx','cwalker','Loading Page','2011-05-18 09:55:05','Loading Page','127.0.0.1'),(898,'/mSysAd/uploadClasses.aspx','cwalker','Loading Page','2011-05-18 10:13:39','Loading Page','127.0.0.1'),(899,'/mSysAd/uploadClasses.aspx','cwalker','Loading Page','2011-05-18 10:14:51','Loading Page','127.0.0.1'),(900,'/mSysAd/uploadClasses.aspx','cwalker','Loading Page','2011-05-18 10:16:42','Loading Page','127.0.0.1'),(901,'/default.aspx','cwalker','Loading Page','2011-05-18 10:20:14','Loading Page','127.0.0.1'),(902,'/mSysAd/uploadClasses.aspx','cwalker','Loading Page','2011-05-18 10:20:21','Loading Page','127.0.0.1'),(903,'/mSysAd/uploadClasses.aspx','cwalker','Loading Page','2011-05-18 14:16:45','Loading Page','127.0.0.1'),(904,'/mSysAd/uploadClasses.aspx','cwalker','Loading Page','2011-05-18 14:58:28','Loading Page','127.0.0.1'),(905,'/mVenAd/uploadVenues.aspx','cwalker','Loading Page','2011-05-18 14:58:40','Loading Page','127.0.0.1'),(906,'/mSysAd/purge.aspx','cwalker','Loading Page','2011-05-18 14:59:16','Loading Page','127.0.0.1'),(907,'/mSysAd/uploadVenues.aspx','cwalker','Loading Page','2011-05-18 16:06:55','Loading Page','127.0.0.1'),(908,'/mSysAd/purge.aspx','cwalker','Loading Page','2011-05-18 16:07:04','Loading Page','127.0.0.1'),(909,'/mSysAd/uploadVenues.aspx','cwalker','Loading Page','2011-05-18 16:07:40','Loading Page','127.0.0.1'),(910,'/mVenAd/managecluster.aspx','cwalker','Loading Page','2011-05-18 16:08:32','Loading Page','127.0.0.1'),(911,'/mSysAd/uploadVenues.aspx','cwalker','Loading Page','2011-05-18 16:10:55','Loading Page','127.0.0.1'),(912,'/mSysAd/uploadVenues.aspx','cwalker','Loading Page','2011-05-18 16:12:25','Loading Page','127.0.0.1'),(913,'/mSysAd/uploadVenues.aspx','cwalker','Loading Page','2011-05-18 16:15:32','Loading Page','127.0.0.1'),(914,'/mSysAd/uploadVenues.aspx','cwalker','Loading Page','2011-05-18 16:19:33','Loading Page','127.0.0.1'),(915,'/mSysAd/purge.aspx','cwalker','Loading Page','2011-05-18 16:22:06','Loading Page','127.0.0.1'),(916,'/mSysAd/uploadVenues.aspx','cwalker','Loading Page','2011-05-18 16:22:11','Loading Page','127.0.0.1'),(917,'/mVenAd/managecluster.aspx','cwalker','Loading Page','2011-05-18 16:24:09','Loading Page','127.0.0.1'),(918,'/mVenAd/managevenues.aspx','cwalker','Loading Page','2011-05-18 16:24:56','Loading Page','127.0.0.1'),(919,'/mVenAd/linkDepartToBuild.aspx','cwalker','Loading Page','2011-05-18 16:25:48','Loading Page','127.0.0.1'),(920,'/mVenAd/managesites.aspx','cwalker','Loading Page','2011-05-18 16:26:50','Loading Page','127.0.0.1'),(921,'/mSysAd/uploadClasses.aspx','cwalker','Loading Page','2011-05-18 16:28:54','Loading Page','127.0.0.1'),(922,'/mSysAd/uploadClasses.aspx','cwalker','Loading Page','2011-05-18 16:33:25','Loading Page','127.0.0.1'),(923,'/mSysAd/purge.aspx','cwalker','Loading Page','2011-05-18 16:44:17','Loading Page','127.0.0.1'),(924,'/mSysAd/uploadClasses.aspx','cwalker','Loading Page','2011-05-18 16:44:34','Loading Page','127.0.0.1'),(925,'/mSysAd/uploadClasses.aspx','cwalker','Loading Page','2011-05-18 17:53:08','Loading Page','127.0.0.1'),(926,'/mSysAd/purge.aspx','cwalker','Loading Page','2011-05-18 17:53:19','Loading Page','127.0.0.1'),(927,'/mSysAd/uploadClasses.aspx','cwalker','Loading Page','2011-05-18 17:53:37','Loading Page','127.0.0.1'),(928,'/mSysAd/uploadClasses.aspx','cwalker','Loading Page','2011-05-18 17:55:17','Loading Page','127.0.0.1'),(929,'/mSysAd/uploadClasses.aspx','cwalker','Loading Page','2011-05-18 18:00:06','Loading Page','127.0.0.1'),(930,'/mSysAd/purge.aspx','cwalker','Loading Page','2011-05-18 18:03:50','Loading Page','127.0.0.1'),(931,'/mSysAd/uploadClasses.aspx','cwalker','Loading Page','2011-05-18 18:06:35','Loading Page','127.0.0.1'),(932,'/mSysAd/uploadClasses.aspx','cwalker','Loading Page','2011-05-18 18:08:30','Loading Page','127.0.0.1'),(933,'/mSysAd/uploadClasses.aspx','cwalker','Loading Page','2011-05-18 18:11:25','Loading Page','127.0.0.1'),(934,'/mSysAd/uploadClasses.aspx','cwalker','Loading Page','2011-05-18 18:18:19','Loading Page','127.0.0.1'),(935,'/mSysAd/uploadClasses.aspx','cwalker','Loading Page','2011-05-18 19:32:19','Loading Page','127.0.0.1'),(936,'/mSysAd/uploadClasses.aspx','cwalker','Loading Page','2011-05-18 19:36:13','Loading Page','127.0.0.1'),(937,'/default.aspx','cwalker','Loading Page','2011-05-19 04:12:21','Loading Page','127.0.0.1'),(938,'/mSysAd/uploadClasses.aspx','cwalker','Loading Page','2011-05-19 04:57:10','Loading Page','127.0.0.1'),(939,'/mSysAd/purge.aspx','cwalker','Loading Page','2011-05-19 04:57:18','Loading Page','127.0.0.1'),(940,'/mSysAd/uploadClasses.aspx','cwalker','Loading Page','2011-05-19 04:57:37','Loading Page','127.0.0.1'),(941,'/mSysAd/userManagement.aspx','cwalker','Loading Page','2011-05-19 05:10:44','Loading Page','127.0.0.1'),(942,'/mResAd/manageclusterclasses.aspx','cwalker','Loading Page','2011-05-19 05:17:56','Loading Page','127.0.0.1'),(943,'/mSysAd/uploadClasses.aspx','cwalker','Loading Page','2011-05-19 05:25:17','Loading Page','127.0.0.1'),(944,'/mSysAd/uploadClasses.aspx','cwalker','Loading Page','2011-05-19 06:19:03','Loading Page','127.0.0.1'),(945,'/mSysAd/uploadClasses.aspx','cwalker','Loading Page','2011-05-19 06:22:22','Loading Page','127.0.0.1'),(946,'/mSysAd/uploadClasses.aspx','cwalker','Loading Page','2011-05-19 10:41:06','Loading Page','127.0.0.1'),(947,'/default.aspx','cwalker','Loading Page','2011-05-19 10:41:45','Loading Page','127.0.0.1'),(948,'/mSysAd/generateTimetable.aspx','cwalker','Loading Page','2011-05-20 09:56:40','Loading Page','127.0.0.1'),(949,'/mSysAd/generateTimetable.aspx','cwalker','Loading Page','2011-05-20 09:58:22','Loading Page','127.0.0.1'),(950,'/mSysAd/generateTimetable.aspx','cwalker','Loading Page','2011-05-20 09:59:44','Loading Page','127.0.0.1'),(951,'/mSysAd/generateTimetable.aspx','cwalker','Loading Page','2011-05-20 10:01:43','Loading Page','127.0.0.1'),(952,'/mSysAd/generateTimetable.aspx','cwalker','Loading Page','2011-05-20 10:02:43','Loading Page','127.0.0.1'),(953,'/mSysAd/generateTimetable.aspx','cwalker','Loading Page','2011-05-20 10:04:06','Loading Page','127.0.0.1'),(954,'/mSysAd/generateTimetable.aspx','cwalker','Loading Page','2011-05-20 10:12:49','Loading Page','127.0.0.1'),(955,'/mSysAd/generateTimetable.aspx','cwalker','Loading Page','2011-05-20 10:14:24','Loading Page','127.0.0.1'),(956,'/mSysAd/generateTimetable.aspx','cwalker','Loading Page','2011-05-20 10:21:58','Loading Page','127.0.0.1'),(957,'/mSysAd/generateTimetable.aspx','cwalker','Loading Page','2011-05-21 20:02:59','Loading Page','127.0.0.1'),(958,'/mSysAd/generateTimetable.aspx','cwalker','Loading Page','2011-05-21 20:04:56','Loading Page','127.0.0.1'),(959,'/mSysAd/generateTimetable.aspx','cwalker','Loading Page','2011-05-21 20:06:11','Loading Page','127.0.0.1'),(960,'/mSysAd/generateTimetable.aspx','cwalker','Loading Page','2011-05-21 20:09:58','Loading Page','127.0.0.1'),(961,'/mSysAd/generateTimetable.aspx','cwalker','Loading Page','2011-05-21 20:10:56','Loading Page','127.0.0.1'),(962,'/mSysAd/generateTimetable.aspx','cwalker','Loading Page','2011-05-21 20:16:00','Loading Page','127.0.0.1'),(963,'/mSysAd/generateTimetable.aspx','cwalker','Loading Page','2011-05-21 20:25:43','Loading Page','127.0.0.1'),(964,'/mSysAd/generateTimetable.aspx','cwalker','Loading Page','2011-05-21 20:35:30','Loading Page','127.0.0.1'),(965,'/mSysAd/generateTimetable.aspx','cwalker','Loading Page','2011-05-21 20:51:58','Loading Page','127.0.0.1'),(966,'/mSysAd/generateTimetable.aspx','cwalker','Loading Page','2011-05-21 21:04:04','Loading Page','127.0.0.1'),(967,'/mSysAd/generateTimetable.aspx','cwalker','Loading Page','2011-05-21 21:05:30','Loading Page','127.0.0.1'),(968,'/mSysAd/generateTimetable.aspx','cwalker','Loading Page','2011-05-21 21:11:03','Loading Page','127.0.0.1'),(969,'/mSysAd/generateTimetable.aspx','cwalker','Loading Page','2011-05-21 21:17:33','Loading Page','127.0.0.1'),(970,'/mSysAd/generateTimetable.aspx','cwalker','Loading Page','2011-05-21 21:41:58','Loading Page','127.0.0.1'),(971,'/mSysAd/generateTimetable.aspx','cwalker','Loading Page','2011-05-21 21:50:12','Loading Page','127.0.0.1'),(972,'/mSysAd/generateTimetable.aspx','cwalker','Loading Page','2011-05-21 21:58:47','Loading Page','127.0.0.1'),(973,'/mSysAd/generateTimetable.aspx','cwalker','Loading Page','2011-05-21 22:55:08','Loading Page','127.0.0.1'),(974,'/mSysAd/generateTimetable.aspx','cwalker','Loading Page','2011-05-21 22:56:44','Loading Page','127.0.0.1'),(975,'/mSysAd/generateTimetable.aspx','cwalker','Loading Page','2011-05-21 23:02:05','Loading Page','127.0.0.1'),(976,'/mSysAd/generateTimetable.aspx','cwalker','Loading Page','2011-05-22 05:15:46','Loading Page','127.0.0.1'),(977,'/mSysAd/generateTimetable.aspx','cwalker','Loading Page','2011-05-22 05:32:03','Loading Page','127.0.0.1'),(978,'/mSysAd/generateTimetable.aspx','cwalker','Loading Page','2011-05-22 05:33:58','Loading Page','127.0.0.1'),(979,'/mSysAd/generateTimetable.aspx','cwalker','Loading Page','2011-05-22 05:36:52','Loading Page','127.0.0.1'),(980,'/mSysAd/generateTimetable.aspx','cwalker','Loading Page','2011-05-22 05:41:35','Loading Page','127.0.0.1'),(981,'/mSysAd/generateTimetable.aspx','cwalker','Loading Page','2011-05-22 05:54:31','Loading Page','127.0.0.1'),(982,'/mSysAd/generateTimetable.aspx','cwalker','Loading Page','2011-05-22 09:33:58','Loading Page','127.0.0.1'),(983,'/mSysAd/generateTimetable.aspx','cwalker','Loading Page','2011-05-22 11:41:36','Loading Page','127.0.0.1'),(984,'/mSysAd/purge.aspx','cwalker','Loading Page','2011-05-22 11:41:42','Loading Page','127.0.0.1'),(985,'/mSysAd/purge.aspx','cwalker','Loading Page','2011-05-22 11:43:26','Loading Page','127.0.0.1'),(986,'/mSysAd/purge.aspx','cwalker','Loading Page','2011-05-22 11:45:02','Loading Page','127.0.0.1'),(987,'/mSysAd/purge.aspx','cwalker','Loading Page','2011-05-22 11:53:39','Loading Page','127.0.0.1'),(988,'/mSysAd/generateTimeTable.aspx','cwalker','Loading Page','2011-05-22 11:53:46','Loading Page','127.0.0.1'),(989,'/mSysAd/generateTimetable.aspx','cwalker','Loading Page','2011-05-22 13:34:51','Loading Page','127.0.0.1'),(990,'/mSysAd/generateTimetable.aspx','cwalker','Loading Page','2011-05-22 13:39:59','Loading Page','127.0.0.1'),(991,'/mSysAd/generateTimetable.aspx','cwalker','Loading Page','2011-05-22 13:45:06','Loading Page','127.0.0.1'),(992,'/mSysAd/generateTimetable.aspx','cwalker','Loading Page','2011-05-22 13:49:46','Loading Page','127.0.0.1'),(993,'/mSysAd/generateTimetable.aspx','cwalker','Loading Page','2011-05-22 15:24:22','Loading Page','127.0.0.1'),(994,'/default.aspx','cwalker','Loading Page','2011-05-22 21:21:19','Loading Page','127.0.0.1'),(995,'/Default.aspx','cwalker','Loading Page','2011-05-22 21:41:26','Loading Page','127.0.0.1'),(996,'/default.aspx','cwalker','Loading Page','2011-05-23 08:01:17','Loading Page','127.0.0.1'),(997,'/default.aspx','cwalker','Loading Page','2011-05-23 14:04:08','Loading Page','127.0.0.1'),(998,'/mSysAd/resourceAllocation.aspx','cwalker','Loading Page','2011-05-23 14:04:25','Loading Page','127.0.0.1'),(999,'/mResAd/manageclusterclasses.aspx','cwalker','Loading Page','2011-05-23 14:04:40','Loading Page','127.0.0.1'),(1000,'/mResAd/managequalification.aspx','cwalker','Loading Page','2011-05-23 14:06:38','Loading Page','127.0.0.1'),(1001,'/mResAd/managesubject.aspx','cwalker','Loading Page','2011-05-23 14:07:00','Loading Page','127.0.0.1'),(1002,'/mResAd/managesubject.aspx','cwalker','Loading Page','2011-05-23 19:35:48','Loading Page','127.0.0.1'),(1003,'/default.aspx','cwalker','Loading Page','2011-05-23 19:37:26','Loading Page','127.0.0.1'),(1004,'/mSysAd/purge.aspx','cwalker','Loading Page','2011-05-26 05:32:08','Loading Page','127.0.0.1'),(1005,'/mSysAd/purge.aspx','cwalker','Loading Page','2011-05-26 05:38:08','Loading Page','127.0.0.1'),(1006,'/mSysAd/purge.aspx','cwalker','Loading Page','2011-05-26 05:41:14','Loading Page','127.0.0.1'),(1007,'/mSysAd/purge.aspx','cwalker','Loading Page','2011-05-26 05:42:18','Loading Page','127.0.0.1'),(1008,'/mSysAd/purge.aspx','cwalker','Loading Page','2011-05-26 05:46:26','Loading Page','127.0.0.1'),(1009,'/default.aspx','cwalker','Loading Page','2011-05-26 05:53:52','Loading Page','127.0.0.1'),(1010,'/default.aspx','cwalker','Loading Page','2011-05-26 06:59:47','Loading Page','127.0.0.1'),(1011,'/mSysAd/managetimeslot.aspx','cwalker','Loading Page','2011-05-26 06:59:55','Loading Page','127.0.0.1'),(1012,'/default.aspx','cwalker','Loading Page','2011-05-26 07:00:41','Loading Page','127.0.0.1'),(1013,'/mSysAd/managetimeslot.aspx','cwalker','Loading Page','2011-05-26 07:01:01','Loading Page','127.0.0.1'),(1014,'/mSysAd/generateTimeTable.aspx','cwalker','Loading Page','2011-05-26 07:01:46','Loading Page','127.0.0.1'),(1015,'/default.aspx','cwalker','Loading Page','2011-05-26 07:05:55','Loading Page','127.0.0.1'),(1016,'/default.aspx','cwalker','Loading Page','2011-05-26 12:53:09','Loading Page','127.0.0.1'),(1017,'/mSysAd/purge.aspx','cwalker','Loading Page','2011-05-26 12:53:19','Loading Page','127.0.0.1'),(1018,'/default.aspx','cwalker','Loading Page','2011-05-26 12:53:45','Loading Page','127.0.0.1'),(1019,'/mSysAd/manageOfferingType.aspx','cwalker','Loading Page','2011-05-26 12:53:58','Loading Page','127.0.0.1'),(1020,'/Default.aspx','cwalker','Loading Page','2011-05-26 12:59:18','Loading Page','127.0.0.1'),(1021,'/mSysAd/generateTimeTable.aspx','cwalker','Loading Page','2011-05-26 12:59:44','Loading Page','127.0.0.1'),(1022,'/Default.aspx','cwalker','Loading Page','2011-05-26 13:20:04','Loading Page','127.0.0.1'),(1023,'/mSysAd/generateTimetable.aspx','cwalker','Loading Page','2011-05-26 18:19:14','Loading Page','127.0.0.1'),(1024,'/mSysAd/generateTimetable.aspx','cwalker','Loading Page','2011-05-26 18:29:48','Loading Page','127.0.0.1'),(1025,'/mSysAd/purge.aspx','cwalker','Loading Page','2011-05-26 18:30:01','Loading Page','127.0.0.1'),(1026,'/mSysAd/generateTimeTable.aspx','cwalker','Loading Page','2011-05-26 18:30:20','Loading Page','127.0.0.1'),(1027,'/default.aspx','cwalker','Loading Page','2011-05-26 18:36:46','Loading Page','127.0.0.1'),(1028,'/default.aspx','cwalker','Loading Page','2011-05-28 18:40:57','Loading Page','127.0.0.1'),(1029,'/mVenAd/linkDepartToBuild.aspx','cwalker','Loading Page','2011-05-28 18:41:06','Loading Page','127.0.0.1'),(1030,'/default.aspx','cwalker','Loading Page','2011-05-28 18:48:52','Loading Page','127.0.0.1'),(1031,'/mResAd/manageprogramme.aspx','cwalker','Loading Page','2011-05-29 07:50:03','Loading Page','127.0.0.1'),(1032,'/mResAd/manageprogramme.aspx','cwalker','Loading Page','2011-05-29 07:52:52','Loading Page','127.0.0.1'),(1033,'/mResAd/manageprogramme.aspx','cwalker','Loading Page','2011-05-29 07:54:05','Loading Page','127.0.0.1'),(1034,'/default.aspx','cwalker','Loading Page','2011-05-29 08:03:26','Loading Page','127.0.0.1'),(1035,'/mResAd/manageprogramme.aspx','cwalker','Loading Page','2011-05-29 08:03:48','Loading Page','127.0.0.1'),(1036,'/default.aspx','cwalker','Loading Page','2011-05-29 08:11:23','Loading Page','127.0.0.1'),(1037,'/mResAd/manageprogramme.aspx','cwalker','Loading Page','2011-05-29 08:11:30','Loading Page','127.0.0.1'),(1038,'/default.aspx','cwalker','Loading Page','2011-05-29 08:15:34','Loading Page','127.0.0.1'),(1039,'/mResAd/manageprogramme.aspx','cwalker','Loading Page','2011-05-29 08:15:40','Loading Page','127.0.0.1'),(1040,'/default.aspx','cwalker','Loading Page','2011-05-29 08:23:29','Loading Page','127.0.0.1'),(1041,'/mResAd/manageprogramme.aspx','cwalker','Loading Page','2011-05-29 08:23:35','Loading Page','127.0.0.1'),(1042,'/mResAd/manageprogramme.aspx','cwalker','Loading Page','2011-05-29 08:26:24','Loading Page','127.0.0.1'),(1043,'/mResAd/manageprogramme.aspx','cwalker','Loading Page','2011-05-29 08:33:59','Loading Page','127.0.0.1'),(1044,'/default.aspx','cwalker','Loading Page','2011-05-29 08:34:50','Loading Page','127.0.0.1'),(1045,'/mResAd/manageprogramme.aspx','cwalker','Loading Page','2011-05-29 08:35:15','Loading Page','127.0.0.1'),(1046,'/mResAd/manageclusterclasses.aspx','cwalker','Loading Page','2011-05-29 08:39:18','Loading Page','127.0.0.1'),(1047,'/mResAd/manageprogramme.aspx','cwalker','Loading Page','2011-05-29 08:45:35','Loading Page','127.0.0.1'),(1048,'/mResAd/manageprogramme.aspx','cwalker','Loading Page','2011-05-29 08:47:22','Loading Page','127.0.0.1'),(1049,'/mResAd/manageprogramme.aspx','cwalker','Loading Page','2011-05-29 08:49:48','Loading Page','127.0.0.1'),(1050,'/mResAd/manageprogramme.aspx','cwalker','Loading Page','2011-05-29 09:11:33','Loading Page','127.0.0.1'),(1051,'/mResAd/manageprogramme.aspx','cwalker','Loading Page','2011-05-29 09:16:42','Loading Page','127.0.0.1'),(1052,'/mResAd/manageprogramme.aspx','cwalker','Loading Page','2011-05-29 09:35:05','Loading Page','127.0.0.1'),(1053,'/mResAd/manageprogramme.aspx','cwalker','Loading Page','2011-05-29 09:36:24','Loading Page','127.0.0.1'),(1054,'/mResAd/manageprogramme.aspx','cwalker','Loading Page','2011-05-29 09:49:29','Loading Page','127.0.0.1'),(1055,'/mResAd/manageprogramme.aspx','cwalker','Loading Page','2011-05-29 09:53:20','Loading Page','127.0.0.1'),(1056,'/mResAd/manageprogramme.aspx','cwalker','Loading Page','2011-05-29 09:53:55','Loading Page','127.0.0.1'),(1057,'/mResAd/manageprogramme.aspx','cwalker','Loading Page','2011-05-29 09:54:24','Loading Page','127.0.0.1'),(1058,'/mResAd/manageprogramme.aspx','cwalker','Loading Page','2011-05-29 09:54:49','Loading Page','127.0.0.1'),(1059,'/mResAd/manageprogramme.aspx','cwalker','Loading Page','2011-05-29 09:55:38','Loading Page','127.0.0.1'),(1060,'/mResAd/manageprogramme.aspx','cwalker','Loading Page','2011-05-29 09:57:50','Loading Page','127.0.0.1'),(1061,'/mResAd/manageprogramme.aspx','cwalker','Loading Page','2011-05-29 11:09:20','Loading Page','127.0.0.1'),(1062,'/mResAd/manageprogramme.aspx','cwalker','Loading Page','2011-05-29 11:11:57','Loading Page','127.0.0.1'),(1063,'/mResAd/manageprogramme.aspx','cwalker','Loading Page','2011-05-29 11:14:41','Loading Page','127.0.0.1'),(1064,'/mResAd/managelecturer.aspx','cwalker','Loading Page','2011-05-29 11:15:32','Loading Page','127.0.0.1'),(1065,'/About.aspx','cwalker','Loading Page','2011-05-29 11:16:08','Loading Page','127.0.0.1'),(1066,'/mSysAd/generateTimeTable.aspx','cwalker','Loading Page','2011-05-29 11:16:13','Loading Page','127.0.0.1'),(1067,'/mResAd/manageprogramme.aspx','cwalker','Loading Page','2011-05-29 15:35:58','Loading Page','127.0.0.1'),(1068,'/mResAd/manageprogramme.aspx','cwalker','Loading Page','2011-05-29 17:53:57','Loading Page','127.0.0.1'),(1069,'/mResAd/managelecturer.aspx','cwalker','Loading Page','2011-05-30 02:57:10','Loading Page','127.0.0.1'),(1070,'/default.aspx','cwalker','Loading Page','2011-05-30 02:59:20','Loading Page','127.0.0.1'),(1071,'/mResAd/managelecturer.aspx','cwalker','Loading Page','2011-05-30 03:28:10','Loading Page','127.0.0.1'),(1072,'/mResAd/managelecturer.aspx','cwalker','Loading Page','2011-05-30 03:37:38','Loading Page','127.0.0.1'),(1073,'/mResAd/managelecturer.aspx','cwalker','Loading Page','2011-05-30 03:41:36','Loading Page','127.0.0.1'),(1074,'/mResAd/managelecturer.aspx','cwalker','Loading Page','2011-05-30 03:43:21','Loading Page','127.0.0.1'),(1075,'/mResAd/managelecturer.aspx','cwalker','Loading Page','2011-05-30 03:48:41','Loading Page','127.0.0.1'),(1076,'/mResAd/managelecturer.aspx','cwalker','Loading Page','2011-05-30 03:57:15','Loading Page','127.0.0.1'),(1077,'/mResAd/managelecturer.aspx','cwalker','Loading Page','2011-05-30 03:59:21','Loading Page','127.0.0.1'),(1078,'/mResAd/manageprogramme.aspx','cwalker','Loading Page','2011-05-30 04:08:19','Loading Page','127.0.0.1'),(1079,'/mResAd/manageprogramme.aspx','cwalker','Loading Page','2011-05-30 04:16:12','Loading Page','127.0.0.1'),(1080,'/mResAd/manageprogramme.aspx','cwalker','Loading Page','2011-05-30 04:17:10','Loading Page','127.0.0.1'),(1081,'/mResAd/manageprogramme.aspx','cwalker','Loading Page','2011-05-30 04:18:40','Loading Page','127.0.0.1'),(1082,'/mResAd/manageclusterclasses.aspx','cwalker','Loading Page','2011-05-30 04:20:38','Loading Page','127.0.0.1'),(1083,'/mResAd/managesubject.aspx','cwalker','Loading Page','2011-05-30 04:21:49','Loading Page','127.0.0.1'),(1084,'/mResAd/manageprogramme.aspx','cwalker','Loading Page','2011-05-30 04:22:47','Loading Page','127.0.0.1'),(1085,'/mResAd/manageclusterclasses.aspx','cwalker','Loading Page','2011-05-30 04:22:55','Loading Page','127.0.0.1'),(1086,'/mResAd/managesubject.aspx','cwalker','Loading Page','2011-05-30 04:24:19','Loading Page','127.0.0.1'),(1087,'/mVenAd/assignVenuestoDepart.aspx','cwalker','Loading Page','2011-05-30 19:02:00','Loading Page','127.0.0.1'),(1088,'/mVenAd/assignVenuestoDepart.aspx','cwalker','Loading Page','2011-05-30 19:07:26','Loading Page','127.0.0.1'),(1089,'/mResAd/manageschool.aspx','cwalker','Loading Page','2011-05-30 19:14:57','Loading Page','127.0.0.1'),(1090,'/mVenAd/assignVenuestoDepart.aspx','cwalker','Loading Page','2011-05-30 19:15:10','Loading Page','127.0.0.1'),(1091,'/default.aspx','cwalker','Loading Page','2011-05-31 06:39:51','Loading Page','127.0.0.1'),(1092,'/mVenAd/spaceutilisation.aspx','cwalker','Loading Page','2011-05-31 08:11:58','Loading Page','127.0.0.1'),(1093,'/mVenAd/spaceutilisation.aspx','cwalker','Loading Page','2011-05-31 08:15:17','Loading Page','127.0.0.1'),(1094,'/default.aspx','cwalker','Loading Page','2011-05-31 08:16:33','Loading Page','127.0.0.1'),(1095,'/mVenAd/spaceutilisation.aspx','cwalker','Loading Page','2011-05-31 08:28:02','Loading Page','127.0.0.1'),(1096,'/mVenAd/spaceutilisation.aspx','cwalker','Loading Page','2011-05-31 08:39:07','Loading Page','127.0.0.1'),(1097,'/default.aspx','cwalker','Loading Page','2011-05-31 08:40:32','Loading Page','127.0.0.1'),(1098,'/mVenAd/spaceutilisation.aspx','cwalker','Loading Page','2011-05-31 08:41:14','Loading Page','127.0.0.1'),(1099,'/mSysAd/resourcetypes.aspx','cwalker','Loading Page','2011-05-31 08:52:28','Loading Page','127.0.0.1'),(1100,'/mVenAd/assignVenuestoDepart.aspx','cwalker','Loading Page','2011-05-31 08:53:13','Loading Page','127.0.0.1'),(1101,'/mResAd/lecturerWorkload.aspx','cwalker','Loading Page','2011-05-31 09:27:37','Loading Page','127.0.0.1'),(1102,'/mVenAd/assignVenuestoDepart.aspx','cwalker','Loading Page','2011-05-31 09:29:44','Loading Page','127.0.0.1'),(1103,'/mResAd/lecturerWorkload.aspx','cwalker','Loading Page','2011-05-31 09:35:16','Loading Page','127.0.0.1'),(1104,'/mResAd/ClassSummary.aspx','cwalker','Loading Page','2011-05-31 09:55:19','Loading Page','127.0.0.1'),(1105,'/mResAd/ClassSummary.aspx','cwalker','Loading Page','2011-05-31 09:59:18','Loading Page','127.0.0.1'),(1106,'/mResAd/ClassSummary.aspx','cwalker','Loading Page','2011-05-31 10:01:25','Loading Page','127.0.0.1'),(1107,'/mResAd/ClassSummary.aspx','cwalker','Loading Page','2011-05-31 10:04:17','Loading Page','127.0.0.1'),(1108,'/mResAd/manageclusterclasses.aspx','cwalker','Loading Page','2011-05-31 10:04:38','Loading Page','127.0.0.1'),(1109,'/mResAd/manageclusterclasses.aspx','cwalker','Loading Page','2011-05-31 10:09:04','Loading Page','127.0.0.1'),(1110,'/default.aspx','cwalker','Loading Page','2011-06-18 21:24:12','Loading Page','::1'),(1111,'/mResAd/manageprogramme.aspx','cwalker','Loading Page','2011-06-18 21:24:19','Loading Page','::1'),(1112,'/mResAd/managelecturer.aspx','cwalker','Loading Page','2011-06-18 21:25:58','Loading Page','::1'),(1113,'/default.aspx','cwalker','Loading Page','2011-07-22 12:18:26','Loading Page','::1'),(1114,'/mResAd/manageclusterclasses.aspx','cwalker','Loading Page','2011-07-22 12:27:04','Loading Page','::1'),(1115,'/default.aspx','cwalker','Loading Page','2011-08-28 06:46:08','Loading Page','::1'),(1116,'/mResAd/manageschool.aspx','cwalker','Loading Page','2011-08-28 06:46:16','Loading Page','::1'),(1117,'/mResAd/managedepartment.aspx','cwalker','Loading Page','2011-08-28 06:46:26','Loading Page','::1'),(1118,'/mResAd/managequalification.aspx','cwalker','Loading Page','2011-08-28 06:46:32','Loading Page','::1'),(1119,'/mResAd/managesubject.aspx','cwalker','Loading Page','2011-08-28 06:46:39','Loading Page','::1'),(1120,'/mResAd/managesubject.aspx','cwalker','Loading Page','2011-08-28 06:47:20','Loading Page','::1'),(1121,'/mResAd/manageprogramme.aspx','cwalker','Loading Page','2011-08-28 06:47:27','Loading Page','::1'),(1122,'/mResAd/manageprogramme.aspx','cwalker','Loading Page','2011-08-28 06:47:55','Loading Page','::1'),(1123,'/mResAd/managelecturer.aspx','cwalker','Loading Page','2011-08-28 06:48:19','Loading Page','::1'),(1124,'/mResAd/managelecturer.aspx','cwalker','Loading Page','2011-08-28 07:03:29','Loading Page','::1'),(1125,'/mResAd/managelecturer.aspx','cwalker','Loading Page','2011-08-28 07:18:33','Loading Page','::1'),(1126,'/mResAd/managelecturer.aspx','cwalker','Loading Page','2011-08-28 07:49:22','Loading Page','::1'),(1127,'/mResAd/managelecturer.aspx','cwalker','Loading Page','2011-08-28 07:58:45','Loading Page','::1'),(1128,'/mResAd/managelecturer.aspx','cwalker','Loading Page','2011-08-28 10:43:23','Loading Page','::1'),(1129,'/mResAd/managelecturer.aspx','cwalker','Loading Page','2011-08-28 10:47:25','Loading Page','::1'),(1130,'/default.aspx','cwalker','Loading Page','2011-08-28 10:48:28','Loading Page','::1'),(1131,'/mResAd/managelecturer.aspx','cwalker','Loading Page','2011-08-28 10:48:35','Loading Page','::1'),(1132,'/mResAd/managelecturer.aspx','cwalker','Loading Page','2011-08-28 10:56:33','Loading Page','::1'),(1133,'/mResAd/managelecturer.aspx','cwalker','Loading Page','2011-08-28 12:19:26','Loading Page','::1'),(1134,'/mResAd/managelecturer.aspx','cwalker','Loading Page','2011-08-29 20:11:33','Loading Page','::1'),(1135,'/mResAd/manageprogramme.aspx','cwalker','Loading Page','2011-08-29 20:12:27','Loading Page','::1'),(1136,'/mResAd/manageclusterclasses.aspx','cwalker','Loading Page','2011-08-29 20:14:25','Loading Page','::1'),(1137,'/mResAd/managesubject.aspx','cwalker','Loading Page','2011-08-29 20:16:21','Loading Page','::1'),(1138,'/mResAd/manageprogramme.aspx','cwalker','Loading Page','2011-08-29 20:16:31','Loading Page','::1'),(1139,'/mResAd/manageclusterclasses.aspx','cwalker','Loading Page','2011-08-29 20:18:05','Loading Page','::1'),(1140,'/mResAd/manageclusterclasses.aspx','cwalker','Loading Page','2011-08-29 20:46:21','Loading Page','::1'),(1141,'/mResAd/manageclusterclasses.aspx','cwalker','Loading Page','2011-08-29 21:06:27','Loading Page','::1'),(1142,'/mResAd/manageprogramme.aspx','cwalker','Loading Page','2011-08-29 21:08:30','Loading Page','::1'),(1143,'/mResAd/manageclusterclasses.aspx','cwalker','Loading Page','2011-08-29 21:10:12','Loading Page','::1'),(1144,'/mResAd/manageclusterclasses.aspx','cwalker','Loading Page','2011-08-29 21:12:27','Loading Page','::1'),(1145,'/mResAd/manageclusterclasses.aspx','cwalker','Loading Page','2011-08-29 21:21:28','Loading Page','::1'),(1146,'/mResAd/manageclusterclasses.aspx','cwalker','Loading Page','2011-08-29 21:23:59','Loading Page','::1'),(1147,'/mResAd/manageclusterclasses.aspx','cwalker','Loading Page','2011-08-29 21:35:45','Loading Page','::1'),(1148,'/mVenAd/assignVenuestoDepart.aspx','cwalker','Loading Page','2011-08-29 21:36:12','Loading Page','::1'),(1149,'/mResAd/managequalification.aspx','cwalker','Loading Page','2011-08-29 21:37:34','Loading Page','::1'),(1150,'/mResAd/managesubject.aspx','cwalker','Loading Page','2011-08-29 21:37:43','Loading Page','::1'),(1151,'/mResAd/manageprogramme.aspx','cwalker','Loading Page','2011-08-29 21:37:46','Loading Page','::1'),(1152,'/mResAd/manageclusterclasses.aspx','cwalker','Loading Page','2011-08-29 21:39:35','Loading Page','::1'),(1153,'/default.aspx','cwalker','Loading Page','2011-08-29 21:41:42','Loading Page','::1'),(1154,'/mResAd/manageclusterclasses.aspx','cwalker','Loading Page','2011-08-29 21:41:49','Loading Page','::1'),(1155,'/mResAd/manageclusterclasses.aspx','cwalker','Loading Page','2011-08-30 00:07:43','Loading Page','::1'),(1156,'/mResAd/manageclusterclasses.aspx','cwalker','Loading Page','2011-08-30 00:12:13','Loading Page','::1'),(1157,'/mResAd/manageclusterclasses.aspx','cwalker','Loading Page','2011-08-30 00:33:32','Loading Page','::1'),(1158,'/default.aspx','cwalker','Loading Page','2011-08-30 00:35:47','Loading Page','::1'),(1159,'/mResAd/manageclusterclasses.aspx','cwalker','Loading Page','2011-08-30 00:36:18','Loading Page','::1'),(1160,'/mResAd/manageclusterclasses.aspx','cwalker','Loading Page','2011-08-30 06:49:16','Loading Page','::1'),(1161,'/mResAd/manageclusterclasses.aspx','cwalker','Loading Page','2011-08-30 07:28:56','Loading Page','::1'),(1162,'/mResAd/manageclusterclasses.aspx','cwalker','Loading Page','2011-08-30 07:28:58','Loading Page','::1'),(1163,'/mResAd/manageclusterclasses.aspx','cwalker','Loading Page','2011-08-30 07:32:36','Loading Page','::1'),(1164,'/mResAd/manageclusterclasses.aspx','cwalker','Loading Page','2011-08-30 07:32:38','Loading Page','::1'),(1165,'/mResAd/manageclusterclasses.aspx','cwalker','Loading Page','2011-08-30 07:43:44','Loading Page','::1'),(1166,'/mResAd/manageclusterclasses.aspx','cwalker','Loading Page','2011-08-30 07:43:44','Loading Page','::1'),(1167,'/mResAd/manageclusterclasses.aspx','cwalker','Loading Page','2011-08-30 09:08:01','Loading Page','::1'),(1168,'/mResAd/manageclusterclasses.aspx','cwalker','Loading Page','2011-08-30 09:12:58','Loading Page','::1'),(1169,'/mResAd/manageclusterclasses.aspx','cwalker','Loading Page','2011-08-30 09:30:19','Loading Page','::1'),(1170,'/mResAd/manageclusterclasses.aspx','cwalker','Loading Page','2011-08-30 09:53:19','Loading Page','::1'),(1171,'/mResAd/manageclusterclasses.aspx','cwalker','Loading Page','2011-08-30 09:56:43','Loading Page','::1'),(1172,'/mResAd/manageclusterclasses.aspx','cwalker','Loading Page','2011-08-30 09:58:43','Loading Page','::1'),(1173,'/mResAd/manageclusterclasses.aspx','cwalker','Loading Page','2011-08-30 10:22:54','Loading Page','::1'),(1174,'/mResAd/manageclusterclasses.aspx','cwalker','Loading Page','2011-08-30 10:33:38','Loading Page','::1'),(1175,'/default.aspx','cwalker','Loading Page','2011-08-30 10:43:03','Loading Page','::1'),(1176,'/mResAd/manageclusterclasses.aspx','cwalker','Loading Page','2011-08-30 10:43:10','Loading Page','::1'),(1177,'/mResAd/manageclusterclasses.aspx','cwalker','Loading Page','2011-08-30 10:51:46','Loading Page','::1'),(1178,'/mResAd/manageclusterclasses.aspx','cwalker','Loading Page','2011-08-30 11:33:29','Loading Page','::1'),(1179,'/default.aspx','cwalker','Loading Page','2011-08-30 12:02:53','Loading Page','::1'),(1180,'/mResAd/managelecturer.aspx','cwalker','Loading Page','2011-08-30 12:03:02','Loading Page','::1'),(1181,'/mResAd/manageclusterclasses.aspx','cwalker','Loading Page','2011-08-30 12:03:55','Loading Page','::1'),(1182,'/mResAd/manageclusterclasses.aspx','cwalker','Loading Page','2011-08-30 12:23:05','Loading Page','::1'),(1183,'/mResAd/manageclusterclasses.aspx','cwalker','Loading Page','2011-08-30 13:00:05','Loading Page','::1'),(1184,'/mResAd/manageclusterclasses.aspx','cwalker','Loading Page','2011-08-30 13:20:43','Loading Page','::1'),(1185,'/member/spaceutilisation.aspx','cwalker','Loading Page','2011-08-30 13:44:36','Loading Page','::1'),(1186,'/About.aspx','cwalker','Loading Page','2011-08-30 13:45:18','Loading Page','::1'),(1187,'/mResAd/manageclusterclasses.aspx','cwalker','Loading Page','2011-08-30 13:45:22','Loading Page','::1'),(1188,'/mResAd/manageclusterclasses.aspx','cwalker','Loading Page','2011-08-30 13:58:30','Loading Page','::1'),(1189,'/mResAd/manageclusterclasses.aspx','cwalker','Loading Page','2011-08-30 14:29:41','Loading Page','::1'),(1190,'/default.aspx','cwalker','Loading Page','2011-08-30 14:50:06','Loading Page','::1'),(1191,'/mResAd/managelecturer.aspx','cwalker','Loading Page','2011-08-30 14:50:13','Loading Page','::1'),(1192,'/mResAd/manageprogramme.aspx','cwalker','Loading Page','2011-08-30 14:51:23','Loading Page','::1'),(1193,'/default.aspx','cwalker','Loading Page','2011-09-02 03:48:32','Loading Page','::1'),(1194,'/default.aspx','cwalker','Loading Page','2011-09-02 03:57:25','Loading Page','::1'),(1195,'/default.aspx','cwalker','Loading Page','2011-09-02 04:06:06','Loading Page','::1');
/*!40000 ALTER TABLE `userlog` ENABLE KEYS */;
UNLOCK TABLES;

--
-- Table structure for table `venue`
--

DROP TABLE IF EXISTS `venue`;
/*!40101 SET @saved_cs_client     = @@character_set_client */;
/*!40101 SET character_set_client = utf8 */;
CREATE TABLE `venue` (
  `ID` int(11) NOT NULL AUTO_INCREMENT,
  `Code` varchar(45) NOT NULL,
  `Description` varchar(45) DEFAULT NULL,
  `Capacity` int(11) NOT NULL,
  `TypeID` int(11) NOT NULL,
  `BuildingID` int(11) NOT NULL,
  `AllVenues` tinyint(1) NOT NULL DEFAULT '0',
  PRIMARY KEY (`ID`),
  KEY `fk_venue_building` (`BuildingID`),
  KEY `fk_type_venue` (`TypeID`),
  CONSTRAINT `fk_type_venue` FOREIGN KEY (`TypeID`) REFERENCES `resourcetype` (`ID`) ON DELETE NO ACTION ON UPDATE NO ACTION,
  CONSTRAINT `fk_venue_building` FOREIGN KEY (`BuildingID`) REFERENCES `building` (`ID`) ON DELETE NO ACTION ON UPDATE NO ACTION
) ENGINE=InnoDB AUTO_INCREMENT=1126 DEFAULT CHARSET=latin1;
/*!40101 SET character_set_client = @saved_cs_client */;

--
-- Dumping data for table `venue`
--

LOCK TABLES `venue` WRITE;
/*!40000 ALTER TABLE `venue` DISABLE KEYS */;
INSERT INTO `venue` VALUES (749,'CIG1','CIG1',50,6,38,0),(750,'C1G3','C1G3',40,6,38,0),(751,'C2G1','C2G1',35,7,38,0),(752,'C2G2','C2G2',35,7,38,0),(753,'C2G3','C2G3',35,7,38,0),(754,'CIF1','CIF1',40,6,38,0),(755,'CIF2','CIF2',50,8,38,0),(756,'C2F1','C2F1',60,8,38,0),(757,'C2F2','C2F2',60,8,38,0),(758,'C2F3','C2F3',60,8,38,0),(759,'C5G1','C5G1',40,8,38,0),(760,'C5G2','C5G2',40,8,38,0),(761,'C6G1','C6G1',40,8,38,0),(762,'C6G2','C6G2',40,8,38,0),(763,'C8G1','C8G1',40,8,38,0),(764,'D1G1','D1G1',120,8,38,0),(765,'D2G1','D2G1',120,8,38,0),(766,'D1G2','D1G2',120,8,38,0),(767,'D2G2','D2G2',120,8,38,0),(768,'LA1G1','LA1G1',35,7,38,0),(769,'LA1G7','LA1G7',35,7,38,0),(770,'E1G1','E1G1',50,8,38,0),(771,'E2G1','E2G1',50,8,38,0),(772,'C5F1','C5F1',40,8,38,0),(773,'C5F2','C5F2',40,8,38,0),(774,'C6F1','C6F1',40,8,38,0),(775,'C6F2','C6F2',40,8,38,0),(776,'D1F1','D1F1',95,8,38,0),(777,'D1F2','D1F2',95,8,38,0),(778,'D2F2','D2F2',95,8,38,0),(779,'LA1F1','LA1F1',35,9,38,0),(780,'LA1F7','LA1F7',35,9,38,0),(781,'NF11','NF11',40,7,38,0),(782,'E1G2','E1G2',50,8,38,0),(783,'E2G2','E2G2',50,8,38,0),(784,'NF20','NF20',20,8,38,0),(785,'JL.1','JL.1',30,8,39,0),(786,'JL.2','JL.2',30,8,39,0),(787,'JL.4','JL.4',5,7,39,0),(788,'JL.5','JL.5',15,7,39,0),(789,'KF1.1','KF1.1',40,8,39,0),(790,'KF1.3','KF1.3',10,7,39,0),(791,'KF2','KF2',25,8,39,0),(792,'CG2','CG2',20,10,40,0),(793,'CG4','CG4',10,10,40,0),(794,'CG5','CG5',30,10,40,0),(795,'CF1','CF1',15,10,40,0),(796,'CF2','CF2',20,10,40,0),(797,'CF3','CF3',30,10,40,0),(798,'CTC1.1','CTC1.1',120,8,41,0),(799,'CTC1.2','CTC1.2',60,8,41,0),(800,'CTC1.5','CTC1.5',50,8,41,0),(801,'CTC1.3','CTC1.3',45,11,41,0),(802,'CTC1.4','CTC1.4',25,7,41,0),(803,'HBG 1','HBG 1',30,10,42,0),(804,'HBF 1','HBF 1',40,8,42,0),(805,'HBF 2','HBF 2',30,8,42,0),(806,'HBF3','HBF3',30,8,42,0),(807,'HBF 4','HBF 4',30,8,42,0),(808,'HBG 3','HBG 3',90,8,42,0),(809,'HBF 5','HBF 5',25,7,42,0),(810,'HBF 7','HBF 7',25,7,42,0),(811,'HBF 8','HBF 8',35,7,42,0),(812,'HBF 9','HBF 9',35,7,42,0),(813,'HBG 2','HBG 2',45,8,42,0),(814,'HBG 4','HBG 4',25,7,42,0),(815,'G1','G1',30,8,43,0),(816,'G2','G2',30,8,43,0),(817,'G3','G3',25,7,43,0),(818,'G4','G4',30,8,43,0),(819,'G5','G5',30,8,43,0),(820,'FF1','FF1',40,8,44,0),(821,'FF2','FF2',40,8,44,0),(822,'TF1','TF1',40,8,44,0),(823,'TF3','TF3',40,8,44,0),(824,'UF2','UF2',40,8,44,0),(825,'4','4',30,7,44,0),(826,'1','1',40,8,44,0),(827,'2','2',40,8,44,0),(828,'3','3',40,8,44,0),(829,'GF44','GF44',30,7,44,0),(830,'FF4','FF4',30,7,44,0),(831,'SF1','SF1',30,7,44,0),(832,'SF2','SF2',30,7,44,0),(833,'SF3T','SF3T',30,7,44,0),(834,'SF3C','SF3C',40,7,45,0),(835,'SF1','SF1',40,7,45,0),(836,'SF4','SF4',40,7,45,0),(837,'TF4','TF4',30,7,45,0),(838,'TF2','TF2',30,7,45,0),(839,'UF3','UF3',30,7,45,0),(840,'B8','B8',30,7,46,0),(841,'B9','B9',12,7,46,0),(842,'C0.2','C0.2',160,8,46,0),(843,'C0.3','C0.3',160,12,46,0),(844,'C0.5','C0.5',20,12,46,0),(845,'C1.1','C1.1',40,7,46,0),(846,'C1.2','C1.2',60,8,46,0),(847,'C1.3','C1.3',60,7,46,0),(848,'C1.4','C1.4',40,7,46,0),(849,'C1.6','C1.6',26,7,46,0),(850,'C1.8','C1.8',26,7,46,0),(851,'CL7','CL7',35,8,46,0),(852,'CL8','CL8',25,13,46,0),(853,'CL9','CL9',15,13,46,0),(854,'CL10','CL10',30,14,46,0),(855,'CA1.1','CA1.1',70,8,46,0),(856,'CA1.2','CA1.2',70,8,46,0),(857,'C2.1','C2.1',30,15,46,0),(858,'C2.2','C2.2',30,8,46,0),(859,'C2.3','C2.3',30,15,46,0),(860,'C2.4','C2.4',30,15,46,0),(861,'C2.5','C2.5',30,15,46,0),(862,'C2.6','C2.6',30,15,46,0),(863,'C2.7','C2.7',26,7,46,0),(864,'C3.1','C3.1',60,8,46,0),(865,'C3.2','C3.2',35,8,46,0),(866,'C3.3','C3.3',60,8,46,0),(867,'C3.4','C3.4',80,8,46,0),(868,'C3.1.1','C3.1.1',80,8,46,0),(869,'C3.7','C3.7',40,7,46,0),(870,'C3.8','C3.8',37,8,46,0),(871,'C3.9','C3.9',40,8,46,0),(872,'C4.7','C4.7',70,8,46,0),(873,'C4.8','C4.8',30,8,46,0),(874,'C4.9','C4.9',40,8,46,0),(875,'G29','G29',40,8,46,0),(876,'2.1','2.1',40,7,47,0),(877,'2.2','2.2',25,8,47,0),(878,'2.3','2.3',25,8,47,0),(879,'G2','G2',20,10,47,0),(880,'G2.3','G2.3',15,10,47,0),(881,'G3','G3',30,10,47,0),(882,'G15','G15',50,16,47,0),(883,'M1','M1',25,17,47,0),(884,'M2','M2',25,17,47,0),(885,'M3','M3',25,17,47,0),(886,'3.1','3.1',30,10,47,0),(887,'3.2','3.2',25,8,47,0),(888,'3.3','3.3',25,10,47,0),(889,'3.4','3.4',30,10,47,0),(890,'4.4.1','4.4.1',10,10,47,0),(891,'4.4.2','4.4.2',10,10,47,0),(892,'4.8','4.8',20,10,47,0),(893,'4.1.0','4.1.0',20,10,47,0),(894,'AT 08','AT 08',75,18,48,0),(895,'AG 12','AG 12',40,19,48,0),(896,'AG 07','AG 07',42,19,48,0),(897,'AG 08','AG 08',32,20,48,0),(898,'AG 09','AG 09',60,8,48,0),(899,'AG 13','AG 13',45,21,48,0),(900,'AG 14','AG 14',42,22,48,0),(901,'AT 09','AT 09',90,8,48,0),(902,'AT 10','AT 10',70,8,48,0),(903,'AT 11','AT 11',50,8,48,0),(904,'AT 12','AT 12',50,8,48,0),(905,'AT 13','AT 13',50,8,48,0),(906,'AG 17','AG 17',70,8,48,0),(907,'Eureka 1','Eureka 1',50,8,48,0),(908,'AT 07','AT 07',24,23,48,0),(909,'AG 11','AG 11',60,24,48,0),(910,'EG 16','EG 16',90,8,49,0),(911,'EG 26','EG 26',90,25,49,0),(912,'EG 30','EG 30',90,26,49,0),(913,'EG 32','EG 32',90,26,49,0),(914,'EG 35','EG 35',90,8,49,0),(915,'ET 06','ET 06',70,8,49,0),(916,'ET07','ET07',80,27,49,0),(917,'ET 12','ET 12',80,8,49,0),(918,'ET 11','ET 11',60,8,49,0),(919,'ET 19','ET 19',70,8,49,0),(920,'EG 34','EG 34',90,8,49,0),(921,'EG 22','EG 22',30,28,49,0),(922,'EG 21','EG 21',24,29,49,0),(923,'EG 20','EG 20',24,29,49,0),(924,'EG 18','EG 18',27,30,49,0),(925,'EG 28','EG 28',20,31,49,0),(926,'ET 24','ET 24',70,8,49,0),(927,'ET 23','ET 23',70,8,49,0),(928,'ET 16','ET 16',45,8,49,0),(929,'ET 17','ET 17',70,8,49,0),(930,'D58','D58',20,32,49,0),(931,'D 35','D 35',20,33,49,0),(932,'D 37','D 37',70,24,50,0),(933,'D38','D38',70,24,50,0),(934,'D 56','D 56',30,34,50,0),(935,'D 01','D 01',25,35,50,0),(936,'D 40','D 40',50,34,50,0),(937,'D 09','D 09',16,36,50,0),(938,'D 60','D 60',20,37,50,0),(939,'D 31','D 31',27,38,50,0),(940,'D 54','D 54',12,34,50,0),(941,'D 08','D 08',70,32,50,0),(942,'D 55','D 55',20,8,50,0),(943,'D 57','D 57',20,8,50,0),(944,'BT 08','BT 08',42,7,51,0),(945,'BG 25','BG 25',20,39,51,0),(946,'BT 07','BT 07',30,8,51,0),(947,'BT 10','BT 10',60,22,51,0),(948,'BG 24','BG 24',20,40,51,0),(949,'BG18','BG18',20,41,51,0),(950,'BG17','BG17',20,42,51,0),(951,'BG 26','BG 26',20,43,51,0),(952,'BG 23','BG 23',20,44,51,0),(953,'BT 06','BT 06',20,8,51,0),(954,'BT 05','BT 05',20,8,51,0),(955,'BT 04','BT 04',20,8,51,0),(956,'BG 04','BG 04',20,45,51,0),(957,'BT  03','BT  03',20,8,51,0),(958,'BT 09','BT 09',45,24,51,0),(959,'BG 02','BG 02',20,46,51,0),(960,'BG 01','BG 01',20,47,51,0),(961,'Btech Lab','Btech Lab',20,48,50,0),(962,'','',10,49,50,0),(963,'Lab 01','Lab 01',72,24,50,0),(964,'Lab 02','Lab 02',72,24,50,0),(965,'1','1',60,8,52,0),(966,'2','2',60,8,52,0),(967,'3','3',40,8,52,0),(968,'4','4',40,8,52,0),(969,'Venue 1','Venue 1',90,8,53,0),(970,'Venue 2','Venue 2',45,8,53,0),(971,'Venue 3','Venue 3',55,8,53,0),(972,'Venue 4/5','Venue 4/5',24,8,53,0),(973,'','',50,50,53,0),(974,'EL 1','EL 1',108,8,54,0),(975,'EL 2','EL 2',108,8,54,0),(976,'EL 3','EL 3',25,8,54,0),(977,'EL 4','EL 4',54,8,54,0),(978,'EL 5','EL 5',25,8,54,0),(979,'EL 6','EL 6',54,8,54,0),(980,'EL 7','EL 7',108,8,54,0),(981,'EL 8','EL 8',54,8,54,0),(982,'EL 9','EL 9',198,8,54,0),(983,'EL 10','EL 10',198,8,54,0),(984,'EL 11','EL 11',122,8,54,0),(985,'EL 12','EL 12',178,8,54,0),(986,'EL 13','EL 13',231,8,54,0),(987,'EL 14','EL 14',246,8,54,0),(988,'EL 15','EL 15',288,8,54,0),(989,'EL 16','EL 16',117,8,54,0),(990,'EL 17','EL 17',79,8,54,0),(991,'EL 18','EL 18',79,8,54,0),(992,'EL 19','EL 19',117,8,54,0),(993,'T105','T105',10,7,54,0),(994,'ES 1','ES 1',40,8,54,0),(995,'ES 2','ES 2',10,8,54,0),(996,'ES 3','ES 3',40,8,54,0),(997,'ES 4','ES 4',50,8,54,0),(998,'ES 5','ES 5',10,8,54,0),(999,'ES 6','ES 6',35,7,54,0),(1000,'ES 7','ES 7',35,7,54,0),(1001,'ES 8','ES 8',10,8,54,0),(1002,'ES 9','ES 9',20,8,54,0),(1003,'ES 10','ES 10',15,8,54,0),(1004,'Auditorium','Auditorium',450,52,54,0),(1005,'ES 11','ES 11',35,8,54,0),(1006,'ES 12','ES 12',40,8,54,0),(1007,'ES 13','ES 13',38,8,54,0),(1008,'ES 14','ES 14',39,8,54,0),(1009,'ES 15','ES 15',40,8,54,0),(1010,'ES 16','ES 16',40,8,54,0),(1011,'ES 17','ES 17',40,8,54,0),(1012,'T 014 C','T 014 C',150,50,54,0),(1013,'T 120','T 120',41,53,54,0),(1014,'T 117','T 117',26,54,54,0),(1015,'T 118/1','T 118/1',60,55,54,0),(1016,'T 118/2','T 118/2',21,56,54,0),(1017,'T 119','T 119',15,57,54,0),(1018,'B 104','B 104',8,58,54,0),(1019,'B 113','B 113',25,59,54,0),(1020,'B 206','B 206',10,60,54,0),(1021,'B 209','B 209',35,61,54,0),(1022,'B 220','B 220',96,62,54,0),(1023,'B 315','B 315',26,63,54,0),(1024,'B 306','B 306',15,64,54,0),(1025,'B 307','B 307',35,65,54,0),(1026,'B 313','B 313',26,9,54,0),(1027,'J 308','J 308',32,66,54,0),(1028,'J 310/312','J 310/312',32,67,54,0),(1029,'','',32,68,54,0),(1030,'J 315','J 315',15,69,54,0),(1031,'J 313','J 313',4,70,54,0),(1032,'J 211/ 206','J 211/ 206',30,71,54,0),(1033,'T 15','T 15',112,72,54,0),(1034,'T 21','T 21',30,73,54,0),(1035,'T 20','T 20',32,74,54,0),(1036,'71','71',84,75,54,0),(1037,'66','66',84,75,54,0),(1038,'64','64',24,76,54,0),(1039,'65','65',10,77,54,0),(1040,'121','121',60,78,54,0),(1041,'120','120',35,79,54,0),(1042,'135','135',24,70,54,0),(1043,'T106 D','T106 D',10,7,54,0),(1044,'201','201',30,80,54,0),(1045,'E102/103','E102/103',21,81,55,0),(1046,'E026','E026',22,82,55,0),(1047,'E006','E006',38,19,55,0),(1048,'E007','E007',42,83,55,0),(1049,'E016','E016',20,83,55,0),(1050,'F117','F117',40,8,55,0),(1051,'F119','F119',40,8,55,0),(1052,'F116','F116',40,8,55,0),(1053,'F2','F2',40,8,55,0),(1054,'F115','F115',40,8,55,0),(1055,'F3','F3',40,8,55,0),(1056,'F114','F114',40,8,55,0),(1057,'F112','F112',40,8,55,0),(1058,'F10','F10',40,8,55,0),(1059,'F104','F104',40,8,55,0),(1060,'F113','F113',40,8,55,0),(1061,'F6','F6',40,8,55,0),(1062,'H104','H104',40,8,55,0),(1063,'H103','H103',40,8,55,0),(1064,'H3','H3',40,8,55,0),(1065,'H121','H121',40,8,55,0),(1066,'H120','H120',40,8,55,0),(1067,'H117','H117',41,8,55,0),(1068,'H118','H118',60,22,55,0),(1069,'F019','F019',66,8,55,0),(1070,'F017','F017',66,8,55,0),(1071,'F001','F001',40,8,55,0),(1072,'G202','G202',20,84,55,0),(1073,'G205','G205',20,84,55,0),(1074,'G211','G211',60,8,55,0),(1075,'G110','G110',60,8,55,0),(1076,'G111','G111',60,8,55,0),(1077,'F003','F003',40,85,55,0),(1078,'F014','F014',60,86,55,0),(1079,'F015','F015',60,85,55,0),(1080,'F009','F009',60,85,55,0),(1081,'F012','F012',60,85,55,0),(1082,'F013','F013',60,85,55,0),(1083,'G102','G102',40,87,55,0),(1084,'G003','G003',60,88,55,0),(1085,'GOO4','GOO4',60,89,55,0),(1086,'','',120,8,55,0),(1087,'','',60,8,56,0),(1088,'F2','F2',10,90,57,0),(1089,'','',30,90,57,0),(1090,'C6','C6',40,8,57,0),(1091,'C7','C7',40,8,57,0),(1092,'C9','C9',40,8,57,0),(1093,'C2','C2',199,8,57,0),(1094,'C11','C11',40,8,57,0),(1095,'C12','C12',40,8,57,0),(1096,'D30','D30',40,8,57,0),(1097,'D31','D31',40,8,57,0),(1098,'D32','D32',40,8,57,0),(1099,'D34','D34',40,8,57,0),(1100,'D18','D18',30,22,57,0),(1101,'D10','D10',40,8,57,0),(1102,'D14','D14',41,91,57,0),(1103,'C28','C28',40,8,57,0),(1104,'C27','C27',40,8,57,0),(1105,'C26','C26',40,8,57,0),(1106,'C25','C25',30,22,57,0),(1107,'C41','C41',40,21,57,0),(1108,'B13','B13',84,8,57,0),(1109,'B21','B21',70,8,57,0),(1110,'B4','B4',30,92,57,0),(1111,'B3','B3',30,92,57,0),(1112,'B1','B1',60,8,58,0),(1113,'B2','B2',60,8,58,0),(1114,'B5','B5',60,8,58,0),(1115,'A19','A19',35,8,58,0),(1116,'A20','A20',35,8,58,0),(1117,'A17','A17',30,7,58,0),(1118,'A16','A16',40,8,58,0),(1119,'A15','A15',40,8,58,0),(1120,'A1','A1',40,8,58,0),(1121,'A2','A2',40,8,58,0),(1122,'A3','A3',40,8,58,0),(1123,'C4','C4',35,8,58,0),(1124,'C3','C3',45,8,58,0),(1125,'','',12,81,58,0);
/*!40000 ALTER TABLE `venue` ENABLE KEYS */;
UNLOCK TABLES;

--
-- Current Database: `timetable`
--

USE `timetable`;

--
-- Final view structure for view `campususer`
--

/*!50001 DROP TABLE IF EXISTS `campususer`*/;
/*!50001 DROP VIEW IF EXISTS `campususer`*/;
/*!50001 SET @saved_cs_client          = @@character_set_client */;
/*!50001 SET @saved_cs_results         = @@character_set_results */;
/*!50001 SET @saved_col_connection     = @@collation_connection */;
/*!50001 SET character_set_client      = utf8 */;
/*!50001 SET character_set_results     = utf8 */;
/*!50001 SET collation_connection      = utf8_general_ci */;
/*!50001 CREATE ALGORITHM=UNDEFINED */
/*!50013 DEFINER=`root`@`localhost` SQL SECURITY DEFINER */
/*!50001 VIEW `campususer` AS select `c`.`ID` AS `CampusID`,`c`.`longName` AS `CampusName`,`c`.`shortName` AS `CampusCode`,`m`.`name` AS `Username`,`o`.`ID` AS `OfficerID` from ((((`campusaccess` `a` join `campus` `c` on((`a`.`Campus_ID` = `c`.`ID`))) join `officers` `o` on((`a`.`officers_ID` = `o`.`ID`))) join `officeruserlink` `l` on((`o`.`ID` = `l`.`officers_ID`))) join `my_aspnet_users` `m` on((`l`.`my_aspnet_users_id` = `m`.`id`))) */;
/*!50001 SET character_set_client      = @saved_cs_client */;
/*!50001 SET character_set_results     = @saved_cs_results */;
/*!50001 SET collation_connection      = @saved_col_connection */;

--
-- Final view structure for view `facultyuser`
--

/*!50001 DROP TABLE IF EXISTS `facultyuser`*/;
/*!50001 DROP VIEW IF EXISTS `facultyuser`*/;
/*!50001 SET @saved_cs_client          = @@character_set_client */;
/*!50001 SET @saved_cs_results         = @@character_set_results */;
/*!50001 SET @saved_col_connection     = @@collation_connection */;
/*!50001 SET character_set_client      = utf8 */;
/*!50001 SET character_set_results     = utf8 */;
/*!50001 SET collation_connection      = utf8_general_ci */;
/*!50001 CREATE ALGORITHM=UNDEFINED */
/*!50013 DEFINER=`root`@`localhost` SQL SECURITY DEFINER */
/*!50001 VIEW `facultyuser` AS select `f`.`ID` AS `FacultyID`,`f`.`longName` AS `FacultyName`,`f`.`code` AS `FacultyCode`,`m`.`name` AS `Username`,`o`.`ID` AS `OfficerID` from ((((`facultyaccess` `a` join `faculty` `f` on((`a`.`faculty_ID` = `f`.`ID`))) join `officers` `o` on((`a`.`officers_ID` = `o`.`ID`))) join `officeruserlink` `l` on((`o`.`ID` = `l`.`officers_ID`))) join `my_aspnet_users` `m` on((`l`.`my_aspnet_users_id` = `m`.`id`))) */;
/*!50001 SET character_set_client      = @saved_cs_client */;
/*!50001 SET character_set_results     = @saved_cs_results */;
/*!50001 SET collation_connection      = @saved_col_connection */;
/*!40103 SET TIME_ZONE=@OLD_TIME_ZONE */;

/*!40101 SET SQL_MODE=@OLD_SQL_MODE */;
/*!40014 SET FOREIGN_KEY_CHECKS=@OLD_FOREIGN_KEY_CHECKS */;
/*!40014 SET UNIQUE_CHECKS=@OLD_UNIQUE_CHECKS */;
/*!40101 SET CHARACTER_SET_CLIENT=@OLD_CHARACTER_SET_CLIENT */;
/*!40101 SET CHARACTER_SET_RESULTS=@OLD_CHARACTER_SET_RESULTS */;
/*!40101 SET COLLATION_CONNECTION=@OLD_COLLATION_CONNECTION */;
/*!40111 SET SQL_NOTES=@OLD_SQL_NOTES */;

-- Dump completed on 2011-09-02  4:26:54
